old_id,old_name,old_parent,modified_year,n_files_inside,destino_mtos,destino_id,confianca,explicacao,url
1Zv516duR29RzpNqqRfHwel4BbNDUstmf,BakUP Icloud,0ADCGhLBiAQxcUk9PVA,2026,7,00_SYSTEM,1B6aUQRoESqp8o2tarlse5zCgd12Arc5Q,100%,override: '\bbak\s*up|backup|bkp\b',https://drive.google.com/drive/folders/1Zv516duR29RzpNqqRfHwel4BbNDUstmf
1v3g_EOvuTOlEScnoN-Irr_mrKexKF4vv,prepare,1tgUb5_hTD-5TsQ7ER9HZsI3_N6A0lQ5n,2026,0,99_REVIEW,156bSZj5fqG0pi7SFNFLriuX0hhLPmtnl,0%,sem sinal,https://drive.google.com/drive/folders/1v3g_EOvuTOlEScnoN-Irr_mrKexKF4vv
1y84a-DvqvlntHgWKWEtAnoB9QqFzDKMi,ASa,1ZfsJ3BDCQYLKSrzCci08izXgzLNhaMyY,2026,0,99_REVIEW,156bSZj5fqG0pi7SFNFLriuX0hhLPmtnl,0%,sem sinal,https://drive.google.com/drive/folders/1y84a-DvqvlntHgWKWEtAnoB9QqFzDKMi
1JPKrLNxPV7WS1gZy98fs5FXVT4832dAV,AR0,1ZfsJ3BDCQYLKSrzCci08izXgzLNhaMyY,2026,0,99_REVIEW,156bSZj5fqG0pi7SFNFLriuX0hhLPmtnl,0%,sem sinal,https://drive.google.com/drive/folders/1JPKrLNxPV7WS1gZy98fs5FXVT4832dAV
1LolbiI_mvzMLZIOYcDG2E7tffzYhKhub,AbB,1ZfsJ3BDCQYLKSrzCci08izXgzLNhaMyY,2026,0,99_REVIEW,156bSZj5fqG0pi7SFNFLriuX0hhLPmtnl,0%,sem sinal,https://drive.google.com/drive/folders/1LolbiI_mvzMLZIOYcDG2E7tffzYhKhub
1_P3S0nZ1LiaiAjcdHQdDy9jeE21QR3oc,ASJ,1ZfsJ3BDCQYLKSrzCci08izXgzLNhaMyY,2026,0,99_REVIEW,156bSZj5fqG0pi7SFNFLriuX0hhLPmtnl,0%,sem sinal,https://drive.google.com/drive/folders/1_P3S0nZ1LiaiAjcdHQdDy9jeE21QR3oc
1UQH-oG4TYwMddGVWDid_59n7c8IotQWJ,AY6,1ZfsJ3BDCQYLKSrzCci08izXgzLNhaMyY,2026,0,99_REVIEW,156bSZj5fqG0pi7SFNFLriuX0hhLPmtnl,0%,sem sinal,https://drive.google.com/drive/folders/1UQH-oG4TYwMddGVWDid_59n7c8IotQWJ
12g5fDnCV7grxFz3G79XxLYg3CohpCgCa,ASU,1ZfsJ3BDCQYLKSrzCci08izXgzLNhaMyY,2026,0,99_REVIEW,156bSZj5fqG0pi7SFNFLriuX0hhLPmtnl,0%,sem sinal,https://drive.google.com/drive/folders/12g5fDnCV7grxFz3G79XxLYg3CohpCgCa
1jABn5MhNaoIpfjTbLZU5gUIGCbA6OqUD,AWI,1ZfsJ3BDCQYLKSrzCci08izXgzLNhaMyY,2026,0,99_REVIEW,156bSZj5fqG0pi7SFNFLriuX0hhLPmtnl,0%,sem sinal,https://drive.google.com/drive/folders/1jABn5MhNaoIpfjTbLZU5gUIGCbA6OqUD
1mklcOMePEHNNo-bJCckMPrnJ4DUojt3n,AaA,1ZfsJ3BDCQYLKSrzCci08izXgzLNhaMyY,2026,0,99_REVIEW,156bSZj5fqG0pi7SFNFLriuX0hhLPmtnl,0%,sem sinal,https://drive.google.com/drive/folders/1mklcOMePEHNNo-bJCckMPrnJ4DUojt3n
10aQrCAIEhegLuBKayqqRRMCltU6lTLOk,ARQ,1ZfsJ3BDCQYLKSrzCci08izXgzLNhaMyY,2026,0,99_REVIEW,156bSZj5fqG0pi7SFNFLriuX0hhLPmtnl,0%,sem sinal,https://drive.google.com/drive/folders/10aQrCAIEhegLuBKayqqRRMCltU6lTLOk
1oVff9kXbVNe6Z3zFUWMt1Dqqp4qb3fBI,AQs,1ZfsJ3BDCQYLKSrzCci08izXgzLNhaMyY,2026,0,99_REVIEW,156bSZj5fqG0pi7SFNFLriuX0hhLPmtnl,0%,sem sinal,https://drive.google.com/drive/folders/1oVff9kXbVNe6Z3zFUWMt1Dqqp4qb3fBI
1BgPMphSrKI5JRLVnRbJexIQGGC9Kq3EW,AQ4,1ZfsJ3BDCQYLKSrzCci08izXgzLNhaMyY,2026,0,99_REVIEW,156bSZj5fqG0pi7SFNFLriuX0hhLPmtnl,0%,sem sinal,https://drive.google.com/drive/folders/1BgPMphSrKI5JRLVnRbJexIQGGC9Kq3EW
1XlZBKZ00MxDRVlHXjKqCCSXfZrs4BtBl,AQY,1ZfsJ3BDCQYLKSrzCci08izXgzLNhaMyY,2026,0,99_REVIEW,156bSZj5fqG0pi7SFNFLriuX0hhLPmtnl,0%,sem sinal,https://drive.google.com/drive/folders/1XlZBKZ00MxDRVlHXjKqCCSXfZrs4BtBl
1NvCuJXnXZEtRR0tOHBX41d_p3jm-Kc2u,AeA,1ZfsJ3BDCQYLKSrzCci08izXgzLNhaMyY,2026,0,99_REVIEW,156bSZj5fqG0pi7SFNFLriuX0hhLPmtnl,0%,sem sinal,https://drive.google.com/drive/folders/1NvCuJXnXZEtRR0tOHBX41d_p3jm-Kc2u
1erOxX7BWeVfu-RA6_RTkyzczJzxgqCZO,Afe,1ZfsJ3BDCQYLKSrzCci08izXgzLNhaMyY,2026,0,99_REVIEW,156bSZj5fqG0pi7SFNFLriuX0hhLPmtnl,0%,sem sinal,https://drive.google.com/drive/folders/1erOxX7BWeVfu-RA6_RTkyzczJzxgqCZO
120psFjZTE8x-j7CI1_cG4pwQR037ld_w,MTI- Videos- Backup-iCloud- 2026-05-18,0ADCGhLBiAQxcUk9PVA,2026,0,00_SYSTEM,1B6aUQRoESqp8o2tarlse5zCgd12Arc5Q,100%,override: '\bbak\s*up|backup|bkp\b',https://drive.google.com/drive/folders/120psFjZTE8x-j7CI1_cG4pwQR037ld_w
1NLNUkoJDKSnhWX1iXuU9Kp4aac2Xp2gI,Downloads-Originais-1531,120psFjZTE8x-j7CI1_cG4pwQR037ld_w,2026,1537,30_AREAS/Corpo,1sKg_cI7ZnP8Ql6YafIOFyfSs7XEwzqM8,100%,score=24.0 conf=100%,https://drive.google.com/drive/folders/1NLNUkoJDKSnhWX1iXuU9Kp4aac2Xp2gI
1kxemjGxQDJnI7c1fiKMc5-kPIq_l02Yw,Videos Exercícios  ,0ADCGhLBiAQxcUk9PVA,2026,2,60_MEDIA/Videos,1me7AYaMvDth_2oaOUsKAokzQk5kZHDUK,100%,score=10.0 conf=100%,https://drive.google.com/drive/folders/1kxemjGxQDJnI7c1fiKMc5-kPIq_l02Yw
1E5Rph7P0PZ7AttjR49Z99td1k-PqJePL,Videos-Archive-5MB,0ADCGhLBiAQxcUk9PVA,2026,708,60_MEDIA/Videos,1me7AYaMvDth_2oaOUsKAokzQk5kZHDUK,100%,score=10.0 conf=100%,https://drive.google.com/drive/folders/1E5Rph7P0PZ7AttjR49Z99td1k-PqJePL
1tFImKHLdqqZMN9HhHupE-ZfYrKCVp4dP,CAMILA ,1yvJY-2-eDkIpyUzG6Y8AkRf_CcImRnmq,2026,53,60_MEDIA/Fotos,1XnU-r5_jas_YWvbQnH_-RdcUtXyMT7B0,50%,score=20.0 conf=50%,https://drive.google.com/drive/folders/1tFImKHLdqqZMN9HhHupE-ZfYrKCVp4dP
1q4jVldXIZasNboVM1-pD6lK42ftW9AQn,Afu,1ZfsJ3BDCQYLKSrzCci08izXgzLNhaMyY,2026,0,99_REVIEW,156bSZj5fqG0pi7SFNFLriuX0hhLPmtnl,0%,sem sinal,https://drive.google.com/drive/folders/1q4jVldXIZasNboVM1-pD6lK42ftW9AQn
1JnM56cB9LC7ZL8qR9UbNLzi9mU51EW3s,ASe,1ZfsJ3BDCQYLKSrzCci08izXgzLNhaMyY,2026,0,99_REVIEW,156bSZj5fqG0pi7SFNFLriuX0hhLPmtnl,0%,sem sinal,https://drive.google.com/drive/folders/1JnM56cB9LC7ZL8qR9UbNLzi9mU51EW3s
1O0csV5P3eo7F5zMzdmev1XUuBln4FveC,AVr,1ZfsJ3BDCQYLKSrzCci08izXgzLNhaMyY,2026,0,99_REVIEW,156bSZj5fqG0pi7SFNFLriuX0hhLPmtnl,0%,sem sinal,https://drive.google.com/drive/folders/1O0csV5P3eo7F5zMzdmev1XUuBln4FveC
1R5rkrPTsTwyeLy1Kt3KJddbrI3ROzhHZ,AeC,1ZfsJ3BDCQYLKSrzCci08izXgzLNhaMyY,2026,0,99_REVIEW,156bSZj5fqG0pi7SFNFLriuX0hhLPmtnl,0%,sem sinal,https://drive.google.com/drive/folders/1R5rkrPTsTwyeLy1Kt3KJddbrI3ROzhHZ
14kPzB4e-Wvfn-Xhi-6bidUu_wNvykn8N,Afr,1ZfsJ3BDCQYLKSrzCci08izXgzLNhaMyY,2026,0,99_REVIEW,156bSZj5fqG0pi7SFNFLriuX0hhLPmtnl,0%,sem sinal,https://drive.google.com/drive/folders/14kPzB4e-Wvfn-Xhi-6bidUu_wNvykn8N
1bwmBUvW76YzDsazg7G4-cvEp_uimXufQ,AW9,1ZfsJ3BDCQYLKSrzCci08izXgzLNhaMyY,2026,0,99_REVIEW,156bSZj5fqG0pi7SFNFLriuX0hhLPmtnl,0%,sem sinal,https://drive.google.com/drive/folders/1bwmBUvW76YzDsazg7G4-cvEp_uimXufQ
1b7D-bi0q355ziGxt5GU9sDUiHkugO9CI,AR5,1ZfsJ3BDCQYLKSrzCci08izXgzLNhaMyY,2026,0,99_REVIEW,156bSZj5fqG0pi7SFNFLriuX0hhLPmtnl,0%,sem sinal,https://drive.google.com/drive/folders/1b7D-bi0q355ziGxt5GU9sDUiHkugO9CI
1f2Y3aN1vqkUrGf1SH6TvsmTfBMrR-FKE,ATz,1ZfsJ3BDCQYLKSrzCci08izXgzLNhaMyY,2026,0,99_REVIEW,156bSZj5fqG0pi7SFNFLriuX0hhLPmtnl,0%,sem sinal,https://drive.google.com/drive/folders/1f2Y3aN1vqkUrGf1SH6TvsmTfBMrR-FKE
16QC37lJfZ9cShsWM_MKZ6nHfDPe56B1r,AXu,1ZfsJ3BDCQYLKSrzCci08izXgzLNhaMyY,2026,0,99_REVIEW,156bSZj5fqG0pi7SFNFLriuX0hhLPmtnl,0%,sem sinal,https://drive.google.com/drive/folders/16QC37lJfZ9cShsWM_MKZ6nHfDPe56B1r
1tvkwAZjonD_FqbZlZonGRiKnOr_xhaqT,AWo,1ZfsJ3BDCQYLKSrzCci08izXgzLNhaMyY,2026,0,99_REVIEW,156bSZj5fqG0pi7SFNFLriuX0hhLPmtnl,0%,sem sinal,https://drive.google.com/drive/folders/1tvkwAZjonD_FqbZlZonGRiKnOr_xhaqT
16c2DenbtgriIJCPDLakLPXYGw2lzTj4u,AY7,1ZfsJ3BDCQYLKSrzCci08izXgzLNhaMyY,2026,0,99_REVIEW,156bSZj5fqG0pi7SFNFLriuX0hhLPmtnl,0%,sem sinal,https://drive.google.com/drive/folders/16c2DenbtgriIJCPDLakLPXYGw2lzTj4u
1xHq-kblX50oHee1vr6BP_6JL5C-kls8s,Ac_,1ZfsJ3BDCQYLKSrzCci08izXgzLNhaMyY,2026,0,99_REVIEW,156bSZj5fqG0pi7SFNFLriuX0hhLPmtnl,0%,sem sinal,https://drive.google.com/drive/folders/1xHq-kblX50oHee1vr6BP_6JL5C-kls8s
121JWJZ_I6AL9On4WZ2DXm7ZGlHtwWzDe,ATt,1ZfsJ3BDCQYLKSrzCci08izXgzLNhaMyY,2026,0,99_REVIEW,156bSZj5fqG0pi7SFNFLriuX0hhLPmtnl,0%,sem sinal,https://drive.google.com/drive/folders/121JWJZ_I6AL9On4WZ2DXm7ZGlHtwWzDe
1jlUxZuquYPvCEMEMFsHt4ceDOyWEPD-Y,Af5,1ZfsJ3BDCQYLKSrzCci08izXgzLNhaMyY,2026,0,99_REVIEW,156bSZj5fqG0pi7SFNFLriuX0hhLPmtnl,0%,sem sinal,https://drive.google.com/drive/folders/1jlUxZuquYPvCEMEMFsHt4ceDOyWEPD-Y
1XAcQh_h_483QcaQjBuVksiTq6_EgE06l,ARJ,1ZfsJ3BDCQYLKSrzCci08izXgzLNhaMyY,2026,0,99_REVIEW,156bSZj5fqG0pi7SFNFLriuX0hhLPmtnl,0%,sem sinal,https://drive.google.com/drive/folders/1XAcQh_h_483QcaQjBuVksiTq6_EgE06l
1tTimuSfYFH3VtJr2rsJzP1CPcPNTLIO3,ATH,1ZfsJ3BDCQYLKSrzCci08izXgzLNhaMyY,2026,0,99_REVIEW,156bSZj5fqG0pi7SFNFLriuX0hhLPmtnl,0%,sem sinal,https://drive.google.com/drive/folders/1tTimuSfYFH3VtJr2rsJzP1CPcPNTLIO3
1hQiF-Ej82g4Qqaoi145AEl0chYyG0xdl,AVt,1ZfsJ3BDCQYLKSrzCci08izXgzLNhaMyY,2026,0,99_REVIEW,156bSZj5fqG0pi7SFNFLriuX0hhLPmtnl,0%,sem sinal,https://drive.google.com/drive/folders/1hQiF-Ej82g4Qqaoi145AEl0chYyG0xdl
1sHxh93q1a-bSnxiGyYUjXpLJINatTA6V,Ac2,1ZfsJ3BDCQYLKSrzCci08izXgzLNhaMyY,2026,0,99_REVIEW,156bSZj5fqG0pi7SFNFLriuX0hhLPmtnl,0%,sem sinal,https://drive.google.com/drive/folders/1sHxh93q1a-bSnxiGyYUjXpLJINatTA6V
1FHTuIio9MSIsoHu0fIMUbIUGID03u_LY,icloud-drive-files-and-documents,1L4lU1sobTohRq50pHTmTypjddSeaGOW0,2026,2,00_SYSTEM,1B6aUQRoESqp8o2tarlse5zCgd12Arc5Q,100%,override: '\bicloud\b',https://drive.google.com/drive/folders/1FHTuIio9MSIsoHu0fIMUbIUGID03u_LY
1yvJY-2-eDkIpyUzG6Y8AkRf_CcImRnmq,HÉLIO WHATSAPP ,0ADCGhLBiAQxcUk9PVA,2026,0,60_MEDIA/Fotos,1XnU-r5_jas_YWvbQnH_-RdcUtXyMT7B0,50%,score=20.0 conf=50%,https://drive.google.com/drive/folders/1yvJY-2-eDkIpyUzG6Y8AkRf_CcImRnmq
1RTkI4NFe-iBGxTKZZ60yprWMqBxyl7rn,helio,1yvJY-2-eDkIpyUzG6Y8AkRf_CcImRnmq,2026,0,99_REVIEW,156bSZj5fqG0pi7SFNFLriuX0hhLPmtnl,0%,sem sinal,https://drive.google.com/drive/folders/1RTkI4NFe-iBGxTKZZ60yprWMqBxyl7rn
1rmoAyV6OgDnUMzeBPe9mHr9h0SuEuhGL,📦 INBOX,0ADCGhLBiAQxcUk9PVA,2026,98,30_AREAS/Mente,1pggTB9hPdF7f50-Zzt7f74GWW1I4fqp0,91%,score=40.0 conf=91%,https://drive.google.com/drive/folders/1rmoAyV6OgDnUMzeBPe9mHr9h0SuEuhGL
1IHYUN_B4jHBwglZv0VFbr3dxAR1uRRLY,Fotos Camera,0ADCGhLBiAQxcUk9PVA,2026,0,60_MEDIA/Fotos,1XnU-r5_jas_YWvbQnH_-RdcUtXyMT7B0,100%,score=10.0 conf=100%,https://drive.google.com/drive/folders/1IHYUN_B4jHBwglZv0VFbr3dxAR1uRRLY
1l8K8liUtuSXWDjlnA6iqqKPGumJnzlqN,Cerebro_Digital_Michael_Trainer_Pacote 2,1rmoAyV6OgDnUMzeBPe9mHr9h0SuEuhGL,2026,0,99_REVIEW,156bSZj5fqG0pi7SFNFLriuX0hhLPmtnl,0%,sem sinal,https://drive.google.com/drive/folders/1l8K8liUtuSXWDjlnA6iqqKPGumJnzlqN
1Y-OJfq3EdOssgQy827VC-VKihOEglIOq,MT-SO_7,1SKqPzH7R0J49LYiG6kTGi0Fb-c8Hvvhn,2026,0,99_REVIEW,156bSZj5fqG0pi7SFNFLriuX0hhLPmtnl,0%,sem sinal,https://drive.google.com/drive/folders/1Y-OJfq3EdOssgQy827VC-VKihOEglIOq
1sXbCw4KMhyAFx5QtkjRMnXaWiKE_QQLc,2018,1izBxSz6S3EewELS33vIX15nPTJD0bEAw,2026,0,99_REVIEW,156bSZj5fqG0pi7SFNFLriuX0hhLPmtnl,0%,sem sinal,https://drive.google.com/drive/folders/1sXbCw4KMhyAFx5QtkjRMnXaWiKE_QQLc
1fczTc4NhM8U4Soodn2V6pJHAL2Zn7A2v,MT-Brand,10NjYTD8jUmI3oqTGOkMoGQ_TJHmQOomy,2026,0,99_REVIEW,156bSZj5fqG0pi7SFNFLriuX0hhLPmtnl,0%,sem sinal,https://drive.google.com/drive/folders/1fczTc4NhM8U4Soodn2V6pJHAL2Zn7A2v
1wEZ1H5Qsxzj_PVoK5Zp7sl5kFL7lfTSH,60_MIDIA,1sHKpSmbywelLKJlJ1ILfUTjYjSQCiclm,2026,1,60_MEDIA,1Sg3jseMMEDuMo9Fc_Ffr7hDqHlXzIE-A,100%,score=1.0 conf=100%,https://drive.google.com/drive/folders/1wEZ1H5Qsxzj_PVoK5Zp7sl5kFL7lfTSH
1UazVVKdl-UHeZAd07hYDvHGR6HqKsQs2,60.1_Fotos-Eventos,1wEZ1H5Qsxzj_PVoK5Zp7sl5kFL7lfTSH,2026,0,99_REVIEW,156bSZj5fqG0pi7SFNFLriuX0hhLPmtnl,0%,sem sinal,https://drive.google.com/drive/folders/1UazVVKdl-UHeZAd07hYDvHGR6HqKsQs2
1g8XinN2OtSdnNuuMMK_YDC2yZq2iMi34,60.4_Audio,1wEZ1H5Qsxzj_PVoK5Zp7sl5kFL7lfTSH,2026,0,99_REVIEW,156bSZj5fqG0pi7SFNFLriuX0hhLPmtnl,0%,sem sinal,https://drive.google.com/drive/folders/1g8XinN2OtSdnNuuMMK_YDC2yZq2iMi34
1iiy59gOA_W3PKEj1iC35zhAWXO4l6rLp,60.5_Capturas-Referencias,1wEZ1H5Qsxzj_PVoK5Zp7sl5kFL7lfTSH,2026,0,60_MEDIA,1Sg3jseMMEDuMo9Fc_Ffr7hDqHlXzIE-A,100%,score=5.0 conf=100%,https://drive.google.com/drive/folders/1iiy59gOA_W3PKEj1iC35zhAWXO4l6rLp
1vBpFQ7R5x6Xjw4qtzGN51BK9V4XqGOgn,B3A8F4C7-B56E-4A18-86A7-F2261FFEB25F,11ocrZ9Hk7c_XKybmA7I2mKzx3O45D-BB,2026,0,99_REVIEW,156bSZj5fqG0pi7SFNFLriuX0hhLPmtnl,0%,sem sinal,https://drive.google.com/drive/folders/1vBpFQ7R5x6Xjw4qtzGN51BK9V4XqGOgn
1uanEhJfhB1M1yqmkrYiZq78RY8gXIYAq,E8E3C7A4-AE97-4B6B-A8B3-29FD0834459D,1PRzJLo5oZxZZwsvXZCyIFW-aeOiJmE4J,2026,0,99_REVIEW,156bSZj5fqG0pi7SFNFLriuX0hhLPmtnl,0%,sem sinal,https://drive.google.com/drive/folders/1uanEhJfhB1M1yqmkrYiZq78RY8gXIYAq
1Ko73Y-qaLsJddMD5Tg9bGtO7sBIeKBZ9,E2415113-F71E-4EB6-BA18-7DFDFA8D3D37,1PRzJLo5oZxZZwsvXZCyIFW-aeOiJmE4J,2026,0,99_REVIEW,156bSZj5fqG0pi7SFNFLriuX0hhLPmtnl,0%,sem sinal,https://drive.google.com/drive/folders/1Ko73Y-qaLsJddMD5Tg9bGtO7sBIeKBZ9
1KwYVC6-rJa3ui3wXt2L-anSfylm61Iqe,6864D593-D8B7-485C-A9AB-11B7E0B18AFB,1M1A9xrHBbdh7AYkBXAdibMAt3dflyZ1o,2026,0,99_REVIEW,156bSZj5fqG0pi7SFNFLriuX0hhLPmtnl,0%,sem sinal,https://drive.google.com/drive/folders/1KwYVC6-rJa3ui3wXt2L-anSfylm61Iqe
1LBrSRutwq5CnmMUZP9fCLKaHdN1nDPqM,18CB297A-7E15-43F1-8A18-8B47F6A42C83,1DZv_AiXUYng8wRntza4vxPsoRrz3UTDm,2026,0,99_REVIEW,156bSZj5fqG0pi7SFNFLriuX0hhLPmtnl,0%,sem sinal,https://drive.google.com/drive/folders/1LBrSRutwq5CnmMUZP9fCLKaHdN1nDPqM
1ikH4u41edmSYS818xbDqJYyaAipSpF3b,FC0A50B1-B9FE-4D8A-A67E-3AC0DB07931E,1TTR4iEmqHV25HihAcXnpZdr0BRY05JCO,2026,0,99_REVIEW,156bSZj5fqG0pi7SFNFLriuX0hhLPmtnl,0%,sem sinal,https://drive.google.com/drive/folders/1ikH4u41edmSYS818xbDqJYyaAipSpF3b
1fr8uh04ygWSETkOmjtCTx30coC4ODFTS,870A4ACC-1DD9-41C1-AACA-CFDC7F03F8CB,1EV45DGblDgDKVuZ7Xaj3YuBBrE1QSeXB,2026,0,99_REVIEW,156bSZj5fqG0pi7SFNFLriuX0hhLPmtnl,0%,sem sinal,https://drive.google.com/drive/folders/1fr8uh04ygWSETkOmjtCTx30coC4ODFTS
1JAUhGLY-xdpNJrU4wJ1DMKshGUc9W8_Q,8380A59F-4159-4260-B44B-CA928F3B88E2,1EV45DGblDgDKVuZ7Xaj3YuBBrE1QSeXB,2026,0,99_REVIEW,156bSZj5fqG0pi7SFNFLriuX0hhLPmtnl,0%,sem sinal,https://drive.google.com/drive/folders/1JAUhGLY-xdpNJrU4wJ1DMKshGUc9W8_Q
15RlvXlQKUhXoJQnzlESKKNP21rxJ_Rt1,3F410DC3-E3C5-4036-96C5-0D54614EDF4E,1dy3LsLgNd9wr5CwF0LttRqVbzCSCuvFw,2026,0,99_REVIEW,156bSZj5fqG0pi7SFNFLriuX0hhLPmtnl,0%,sem sinal,https://drive.google.com/drive/folders/15RlvXlQKUhXoJQnzlESKKNP21rxJ_Rt1
1KMqxbsDRIQ_ZhHDYFlQ_AVNV08cIJAsN,007218DE-BF4E-4D74-A723-C77F14BB0333,15hfl_qRUPwv4_HWt_6ZCmAYzRUxOZDLY,2026,0,99_REVIEW,156bSZj5fqG0pi7SFNFLriuX0hhLPmtnl,0%,sem sinal,https://drive.google.com/drive/folders/1KMqxbsDRIQ_ZhHDYFlQ_AVNV08cIJAsN
1d6at6sUeD-WxkdB3ecK7KmELMf-I5wA6,B7CA5AA3-29EB-4752-8DC1-CB0144F014D3,11ocrZ9Hk7c_XKybmA7I2mKzx3O45D-BB,2026,0,99_REVIEW,156bSZj5fqG0pi7SFNFLriuX0hhLPmtnl,0%,sem sinal,https://drive.google.com/drive/folders/1d6at6sUeD-WxkdB3ecK7KmELMf-I5wA6
127YKkzD35RLmasw_Urr877Aa0Kr6CW90,89B9B1DD-DC98-415A-AF64-553708F83C9C,1EV45DGblDgDKVuZ7Xaj3YuBBrE1QSeXB,2026,0,99_REVIEW,156bSZj5fqG0pi7SFNFLriuX0hhLPmtnl,0%,sem sinal,https://drive.google.com/drive/folders/127YKkzD35RLmasw_Urr877Aa0Kr6CW90
197vOT0lIeYMkvfYbdalv-n0vuQhQRAsi,CD58041D-30FD-46A1-B049-085EC8D5132D,1TOzBRU-HE_1fn8LuxfqiUc3l9Cs8bPYr,2026,0,99_REVIEW,156bSZj5fqG0pi7SFNFLriuX0hhLPmtnl,0%,sem sinal,https://drive.google.com/drive/folders/197vOT0lIeYMkvfYbdalv-n0vuQhQRAsi
17yBDAUwMbP7IPRn3IFkyf60hZtvzXqV6,1A4A2127-DFFE-42F9-ABC1-1FD46648F273,1DZv_AiXUYng8wRntza4vxPsoRrz3UTDm,2026,0,99_REVIEW,156bSZj5fqG0pi7SFNFLriuX0hhLPmtnl,0%,sem sinal,https://drive.google.com/drive/folders/17yBDAUwMbP7IPRn3IFkyf60hZtvzXqV6
1_DNGJJOcWui7T4vYb9N2Y3tQy1fK07oz,B889A0A2-CF2F-4267-BDCC-E69BC82044B4,11ocrZ9Hk7c_XKybmA7I2mKzx3O45D-BB,2026,0,99_REVIEW,156bSZj5fqG0pi7SFNFLriuX0hhLPmtnl,0%,sem sinal,https://drive.google.com/drive/folders/1_DNGJJOcWui7T4vYb9N2Y3tQy1fK07oz
18V5jjDWL6PHDatAlpiTE5U16qj6uGLTJ,26C8C64F-E88F-452F-83BE-B46B65B82990,1Pdc1TA_hziB5iMkO1YqMk17iyolMEghm,2026,0,99_REVIEW,156bSZj5fqG0pi7SFNFLriuX0hhLPmtnl,0%,sem sinal,https://drive.google.com/drive/folders/18V5jjDWL6PHDatAlpiTE5U16qj6uGLTJ
1vCUNNsb4uo8ruYdivT1ac7-DmrfB45bz,2AB2510A-DC1C-4988-BE21-DF38B1782660,1Pdc1TA_hziB5iMkO1YqMk17iyolMEghm,2026,0,99_REVIEW,156bSZj5fqG0pi7SFNFLriuX0hhLPmtnl,0%,sem sinal,https://drive.google.com/drive/folders/1vCUNNsb4uo8ruYdivT1ac7-DmrfB45bz
1FbLaZem48wGyuKIVDFABfH5YShQKTB_H,A284D2C9-2291-4523-94C7-F6A60654F622,1cEzfwzdpm45bKMpH9KwWfXt7KN9vQrH9,2026,0,99_REVIEW,156bSZj5fqG0pi7SFNFLriuX0hhLPmtnl,0%,sem sinal,https://drive.google.com/drive/folders/1FbLaZem48wGyuKIVDFABfH5YShQKTB_H
1-Q-So0O7QNl1iWHWcOe5y6YM5_LCbZyu,6C431909-94CC-453E-8719-96F68E276528,1M1A9xrHBbdh7AYkBXAdibMAt3dflyZ1o,2026,0,99_REVIEW,156bSZj5fqG0pi7SFNFLriuX0hhLPmtnl,0%,sem sinal,https://drive.google.com/drive/folders/1-Q-So0O7QNl1iWHWcOe5y6YM5_LCbZyu
19qgeObJ8MfvIuxU4XSwb0-QDbbXSckjF,A4E7869E-8777-4F4E-A618-D40CD2933D8A,1cEzfwzdpm45bKMpH9KwWfXt7KN9vQrH9,2026,0,99_REVIEW,156bSZj5fqG0pi7SFNFLriuX0hhLPmtnl,0%,sem sinal,https://drive.google.com/drive/folders/19qgeObJ8MfvIuxU4XSwb0-QDbbXSckjF
1KJsFWG0duWX4TjsOToF_ulXd0Y_Xwx2b,38957DFB-C107-4A86-8280-EED836AB7F06,1dy3LsLgNd9wr5CwF0LttRqVbzCSCuvFw,2026,0,99_REVIEW,156bSZj5fqG0pi7SFNFLriuX0hhLPmtnl,0%,sem sinal,https://drive.google.com/drive/folders/1KJsFWG0duWX4TjsOToF_ulXd0Y_Xwx2b
19TopxuKIF4om5ns914l2KPr6AhZ__BrR,AC75DE6D-0BD0-41C5-B9EB-47658E6050BA,1cEzfwzdpm45bKMpH9KwWfXt7KN9vQrH9,2026,0,99_REVIEW,156bSZj5fqG0pi7SFNFLriuX0hhLPmtnl,0%,sem sinal,https://drive.google.com/drive/folders/19TopxuKIF4om5ns914l2KPr6AhZ__BrR
17IWrmDgIpTAQHSO9GQZKATJHR22mjkLJ,BED88418-348F-4305-9652-52E1ED4696F1,11ocrZ9Hk7c_XKybmA7I2mKzx3O45D-BB,2026,0,99_REVIEW,156bSZj5fqG0pi7SFNFLriuX0hhLPmtnl,0%,sem sinal,https://drive.google.com/drive/folders/17IWrmDgIpTAQHSO9GQZKATJHR22mjkLJ
17aigcmYomhUeWxxqppMEKeI5TKoxIRIt,E24296A2-E83E-415E-8E43-0B5FFCE94A57,1PRzJLo5oZxZZwsvXZCyIFW-aeOiJmE4J,2026,0,99_REVIEW,156bSZj5fqG0pi7SFNFLriuX0hhLPmtnl,0%,sem sinal,https://drive.google.com/drive/folders/17aigcmYomhUeWxxqppMEKeI5TKoxIRIt
1ynELkfNGACJgKA9thi2FQPUqF3agFbD4,7648CDC8-5080-430D-A82E-D42F9F9A3A10,1m5CYF-lFxZ8c5HGoNUkTI9gMnOtJ0e2V,2026,0,99_REVIEW,156bSZj5fqG0pi7SFNFLriuX0hhLPmtnl,0%,sem sinal,https://drive.google.com/drive/folders/1ynELkfNGACJgKA9thi2FQPUqF3agFbD4
11dwUHtqIVeQ7rnhnOysgK2S_qEY3nYAz,EE6D06B2-B956-431A-ADA6-9F34DFBA567D,1PRzJLo5oZxZZwsvXZCyIFW-aeOiJmE4J,2026,0,99_REVIEW,156bSZj5fqG0pi7SFNFLriuX0hhLPmtnl,0%,sem sinal,https://drive.google.com/drive/folders/11dwUHtqIVeQ7rnhnOysgK2S_qEY3nYAz
1zQfNwsNEaomNt4_hjkxX_QfEr7UsWjg5,5D380FEC-0EC1-4AEB-985C-2250E9A7EA93,1rVmgCj_xfT506Z4ydbflm4253JIM1D70,2026,0,99_REVIEW,156bSZj5fqG0pi7SFNFLriuX0hhLPmtnl,0%,sem sinal,https://drive.google.com/drive/folders/1zQfNwsNEaomNt4_hjkxX_QfEr7UsWjg5
15dqVOoqqBb0O7gRC36RQaw7PSjg0P_dN,20AB7A65-D321-44F0-931C-3A54FDB79E48,1Pdc1TA_hziB5iMkO1YqMk17iyolMEghm,2026,0,99_REVIEW,156bSZj5fqG0pi7SFNFLriuX0hhLPmtnl,0%,sem sinal,https://drive.google.com/drive/folders/15dqVOoqqBb0O7gRC36RQaw7PSjg0P_dN
1Zm2jvHihE9eErmbIBgFCHcEWWJoPS4el,36C00FED-9A6F-4FBC-8013-BC1E41B2C33E,1dy3LsLgNd9wr5CwF0LttRqVbzCSCuvFw,2026,0,99_REVIEW,156bSZj5fqG0pi7SFNFLriuX0hhLPmtnl,0%,sem sinal,https://drive.google.com/drive/folders/1Zm2jvHihE9eErmbIBgFCHcEWWJoPS4el
1XgAUcVbbg3Kg2M5dC6gjcLrFFeJ1q-F5,61DD178C-EC96-4A0E-8554-75A32006C99E,1M1A9xrHBbdh7AYkBXAdibMAt3dflyZ1o,2026,0,99_REVIEW,156bSZj5fqG0pi7SFNFLriuX0hhLPmtnl,0%,sem sinal,https://drive.google.com/drive/folders/1XgAUcVbbg3Kg2M5dC6gjcLrFFeJ1q-F5
1AicbTQWK7mDCiwrsngaLNuTCrLGq2BPn,Videos-Archive-Thumbnails,0ADCGhLBiAQxcUk9PVA,2026,0,60_MEDIA/Videos,1me7AYaMvDth_2oaOUsKAokzQk5kZHDUK,100%,score=10.0 conf=100%,https://drive.google.com/drive/folders/1AicbTQWK7mDCiwrsngaLNuTCrLGq2BPn
1do76YuLhRw9KRG0ZmEilVslJRHO9Q9K5,🥗 Nutrição,1Y-OJfq3EdOssgQy827VC-VKihOEglIOq,2026,0,99_REVIEW,156bSZj5fqG0pi7SFNFLriuX0hhLPmtnl,0%,sem sinal,https://drive.google.com/drive/folders/1do76YuLhRw9KRG0ZmEilVslJRHO9Q9K5
1WeibHwjoHH0F3yoKMEzxvTYCYjBklewG,pasta sem título,1L4lU1sobTohRq50pHTmTypjddSeaGOW0,2026,0,99_REVIEW,156bSZj5fqG0pi7SFNFLriuX0hhLPmtnl,0%,sem sinal,https://drive.google.com/drive/folders/1WeibHwjoHH0F3yoKMEzxvTYCYjBklewG
1EuhsH7wBtqgsV8cOBK0M6DMvFR7J4HE2,Dieta dia de Loongao  ,1L4lU1sobTohRq50pHTmTypjddSeaGOW0,2026,16,60_MEDIA/Fotos,1XnU-r5_jas_YWvbQnH_-RdcUtXyMT7B0,100%,score=3.0 conf=100%,https://drive.google.com/drive/folders/1EuhsH7wBtqgsV8cOBK0M6DMvFR7J4HE2
1bV4TUAM497xap5bLEwf2sIXHS_Ak9Rqa,Fotos do iCloud,1rmoAyV6OgDnUMzeBPe9mHr9h0SuEuhGL,2026,7,00_SYSTEM,1B6aUQRoESqp8o2tarlse5zCgd12Arc5Q,100%,override: '\bicloud\b',https://drive.google.com/drive/folders/1bV4TUAM497xap5bLEwf2sIXHS_Ak9Rqa
1K_-IGtjYaF5VM291hJMjVDQxeOW56ddd,Cerebro_Digital_Michael_Trainer_Pacote,1rmoAyV6OgDnUMzeBPe9mHr9h0SuEuhGL,2026,3,99_REVIEW,156bSZj5fqG0pi7SFNFLriuX0hhLPmtnl,0%,sem sinal,https://drive.google.com/drive/folders/1K_-IGtjYaF5VM291hJMjVDQxeOW56ddd
1DRbW4ITGS3QRudr5l6l4Q7yPFj4N387c,6E3BF9C5-B935-4706-B8E2-C52C96073976,1M1A9xrHBbdh7AYkBXAdibMAt3dflyZ1o,2026,0,99_REVIEW,156bSZj5fqG0pi7SFNFLriuX0hhLPmtnl,0%,sem sinal,https://drive.google.com/drive/folders/1DRbW4ITGS3QRudr5l6l4Q7yPFj4N387c
1rzal8YlKgmirXnjucgXu52fsBV1iDJF_,5A883EA3-6046-43A3-B4E1-B8598F7D79E8,1rVmgCj_xfT506Z4ydbflm4253JIM1D70,2026,0,99_REVIEW,156bSZj5fqG0pi7SFNFLriuX0hhLPmtnl,0%,sem sinal,https://drive.google.com/drive/folders/1rzal8YlKgmirXnjucgXu52fsBV1iDJF_
1UkdJJ3wtOANemN4XNuHipFAhFDPteAQ8,3D153F35-C56D-4FBD-8A2F-91045A360561,1dy3LsLgNd9wr5CwF0LttRqVbzCSCuvFw,2026,0,99_REVIEW,156bSZj5fqG0pi7SFNFLriuX0hhLPmtnl,0%,sem sinal,https://drive.google.com/drive/folders/1UkdJJ3wtOANemN4XNuHipFAhFDPteAQ8
1MsK-IrTmy46esA5tH1m4Kn3vMBwUTJFT,4AD2215E-FA92-4F6F-BE71-147EF81387A2,10Y5O0m8Rh2OubE0Nch9Iwgu4ptdGFjPu,2026,0,99_REVIEW,156bSZj5fqG0pi7SFNFLriuX0hhLPmtnl,0%,sem sinal,https://drive.google.com/drive/folders/1MsK-IrTmy46esA5tH1m4Kn3vMBwUTJFT
1cZc7akRKF9j0wHh3vH-x8mx_GPO943BZ,1520F765-89F0-4BB3-BF94-2239272C99BF,1DZv_AiXUYng8wRntza4vxPsoRrz3UTDm,2026,0,99_REVIEW,156bSZj5fqG0pi7SFNFLriuX0hhLPmtnl,0%,sem sinal,https://drive.google.com/drive/folders/1cZc7akRKF9j0wHh3vH-x8mx_GPO943BZ
1gQRQLWilVOdiy5eRlm1UG0lP0PbDv9ss,772FFA9F-9B62-4A22-9AEF-0C8CE0D1E56D,1m5CYF-lFxZ8c5HGoNUkTI9gMnOtJ0e2V,2026,0,99_REVIEW,156bSZj5fqG0pi7SFNFLriuX0hhLPmtnl,0%,sem sinal,https://drive.google.com/drive/folders/1gQRQLWilVOdiy5eRlm1UG0lP0PbDv9ss
1BDN_Wy2eBCjsnF7kxdy4P9YaEDpfxqAZ,AF87CB20-A896-484A-B87F-40D1A6C14520,1cEzfwzdpm45bKMpH9KwWfXt7KN9vQrH9,2026,0,99_REVIEW,156bSZj5fqG0pi7SFNFLriuX0hhLPmtnl,0%,sem sinal,https://drive.google.com/drive/folders/1BDN_Wy2eBCjsnF7kxdy4P9YaEDpfxqAZ
1wheO7GQIz7NGBmDROQ1kRBPF8ovsGnPv,02720FD5-0DBB-49E5-92E7-C8F25A01D7E8,15hfl_qRUPwv4_HWt_6ZCmAYzRUxOZDLY,2026,0,99_REVIEW,156bSZj5fqG0pi7SFNFLriuX0hhLPmtnl,0%,sem sinal,https://drive.google.com/drive/folders/1wheO7GQIz7NGBmDROQ1kRBPF8ovsGnPv
1I-5V0rwnMRLKtEVfZkj3IKFLsIgLWp6A,98562597-79A8-41E9-A532-EFA928430C2C,1_ohyDibvcE2VzYscfSVAD40Ypl1u2nIU,2026,0,99_REVIEW,156bSZj5fqG0pi7SFNFLriuX0hhLPmtnl,0%,sem sinal,https://drive.google.com/drive/folders/1I-5V0rwnMRLKtEVfZkj3IKFLsIgLWp6A
1qvAD0nfLkWm9JUZAGh-NuumF3X0__1-Z,F7DB74A5-6B2E-43D0-84FB-29EDDAB78B57,1TTR4iEmqHV25HihAcXnpZdr0BRY05JCO,2026,0,99_REVIEW,156bSZj5fqG0pi7SFNFLriuX0hhLPmtnl,0%,sem sinal,https://drive.google.com/drive/folders/1qvAD0nfLkWm9JUZAGh-NuumF3X0__1-Z
1TTR4iEmqHV25HihAcXnpZdr0BRY05JCO,F,10cnasjctKWIIIneIY2IDCnkgRuE_mQmI,2026,0,60_MEDIA/Fotos,1XnU-r5_jas_YWvbQnH_-RdcUtXyMT7B0,100%,score=3.0 conf=100%,https://drive.google.com/drive/folders/1TTR4iEmqHV25HihAcXnpZdr0BRY05JCO
1_ettWzq73_qJUvGv2FSLy1pUi2eMQD7u,91CC3C44-22F6-47C4-AF9E-F2B102E38460,1_ohyDibvcE2VzYscfSVAD40Ypl1u2nIU,2026,0,99_REVIEW,156bSZj5fqG0pi7SFNFLriuX0hhLPmtnl,0%,sem sinal,https://drive.google.com/drive/folders/1_ettWzq73_qJUvGv2FSLy1pUi2eMQD7u
15cAg6D-EvJa8Nj0fknvp6FL3Z_9stW1l,2A21DCA8-43EB-4F24-9709-98225C0DA0AB,1Pdc1TA_hziB5iMkO1YqMk17iyolMEghm,2026,0,99_REVIEW,156bSZj5fqG0pi7SFNFLriuX0hhLPmtnl,0%,sem sinal,https://drive.google.com/drive/folders/15cAg6D-EvJa8Nj0fknvp6FL3Z_9stW1l
1IHnpgufuRiwB2BB8glZ-bm0DrgiNWzW3,7C6530C9-36E1-42D9-91FB-48FFEE749F89,1m5CYF-lFxZ8c5HGoNUkTI9gMnOtJ0e2V,2026,0,99_REVIEW,156bSZj5fqG0pi7SFNFLriuX0hhLPmtnl,0%,sem sinal,https://drive.google.com/drive/folders/1IHnpgufuRiwB2BB8glZ-bm0DrgiNWzW3
10F3o66AGlYTw7NYm-BbHmCBN81wJM6C_,CA606DB5-7A8A-46E4-974B-7BCAF67DDF51,1TOzBRU-HE_1fn8LuxfqiUc3l9Cs8bPYr,2026,0,99_REVIEW,156bSZj5fqG0pi7SFNFLriuX0hhLPmtnl,0%,sem sinal,https://drive.google.com/drive/folders/10F3o66AGlYTw7NYm-BbHmCBN81wJM6C_
10ADHJnJQTjraNOvzKtLUc_wakVHhTSNB,2F5F40DD-B508-4F4A-9FA7-E54448A7F962,1Pdc1TA_hziB5iMkO1YqMk17iyolMEghm,2026,0,99_REVIEW,156bSZj5fqG0pi7SFNFLriuX0hhLPmtnl,0%,sem sinal,https://drive.google.com/drive/folders/10ADHJnJQTjraNOvzKtLUc_wakVHhTSNB
1R53OADZS3Fcn8WGl-BiLHepZQ1QSSpA3,D99AC15C-E86C-456E-82BB-F4592DF8B727,1cNHEd-05Kgfk1IPB9rWNCMGLOw1EC2Dp,2026,0,99_REVIEW,156bSZj5fqG0pi7SFNFLriuX0hhLPmtnl,0%,sem sinal,https://drive.google.com/drive/folders/1R53OADZS3Fcn8WGl-BiLHepZQ1QSSpA3
1kXavfFhnubLNjALn-bGRbgPjcwZnZg81,21362C91-2E48-4DD2-8521-1D3DEEB85C8B,1Pdc1TA_hziB5iMkO1YqMk17iyolMEghm,2026,0,99_REVIEW,156bSZj5fqG0pi7SFNFLriuX0hhLPmtnl,0%,sem sinal,https://drive.google.com/drive/folders/1kXavfFhnubLNjALn-bGRbgPjcwZnZg81
1ZjO4Rmjx-aYsvVWfKvYjvLsCNSSeVqky,A4C627C4-C22D-44CC-AB51-746BE4311492,1cEzfwzdpm45bKMpH9KwWfXt7KN9vQrH9,2026,0,99_REVIEW,156bSZj5fqG0pi7SFNFLriuX0hhLPmtnl,0%,sem sinal,https://drive.google.com/drive/folders/1ZjO4Rmjx-aYsvVWfKvYjvLsCNSSeVqky
1INHF9nusF27sNTQpmkrG5PSJwH8HAQJZ,1948A279-8905-40C4-9F7E-CF19178989DE,1DZv_AiXUYng8wRntza4vxPsoRrz3UTDm,2026,0,99_REVIEW,156bSZj5fqG0pi7SFNFLriuX0hhLPmtnl,0%,sem sinal,https://drive.google.com/drive/folders/1INHF9nusF27sNTQpmkrG5PSJwH8HAQJZ
1jzCsqthBVSpd_5Z73auGgIGBpNjma7XH,6B38B216-6CEA-43DF-BCB9-A514CEEF7DB3,1M1A9xrHBbdh7AYkBXAdibMAt3dflyZ1o,2026,9,60_MEDIA/Fotos,1XnU-r5_jas_YWvbQnH_-RdcUtXyMT7B0,100%,score=3.0 conf=100%,https://drive.google.com/drive/folders/1jzCsqthBVSpd_5Z73auGgIGBpNjma7XH
16266PFGU91DjFpyIs86tokYatXC__mJu,B0B74837-87EB-44CE-80C7-C7E7A6A2399D,11ocrZ9Hk7c_XKybmA7I2mKzx3O45D-BB,2026,0,99_REVIEW,156bSZj5fqG0pi7SFNFLriuX0hhLPmtnl,0%,sem sinal,https://drive.google.com/drive/folders/16266PFGU91DjFpyIs86tokYatXC__mJu
1qeQDicE5jBurmlrBbdidAkiWk0JNhBVd,2455451A-1793-4D51-95B9-D9D789C1C15A,1Pdc1TA_hziB5iMkO1YqMk17iyolMEghm,2026,0,99_REVIEW,156bSZj5fqG0pi7SFNFLriuX0hhLPmtnl,0%,sem sinal,https://drive.google.com/drive/folders/1qeQDicE5jBurmlrBbdidAkiWk0JNhBVd
1EmYsamGo1Hwz8lyipbWzVtcayL5j6X0a,30D08E19-739C-4A9B-8C31-8B14CD41DA4E,1dy3LsLgNd9wr5CwF0LttRqVbzCSCuvFw,2026,10,60_MEDIA/Fotos,1XnU-r5_jas_YWvbQnH_-RdcUtXyMT7B0,100%,score=3.0 conf=100%,https://drive.google.com/drive/folders/1EmYsamGo1Hwz8lyipbWzVtcayL5j6X0a
1iNRwIZXBnNRuA9I_FQsia9S6AzLHJ4hV,67E5321E-9E61-437E-B11B-2B5D3A313F17,1M1A9xrHBbdh7AYkBXAdibMAt3dflyZ1o,2026,4,60_MEDIA/Fotos,1XnU-r5_jas_YWvbQnH_-RdcUtXyMT7B0,100%,score=3.0 conf=100%,https://drive.google.com/drive/folders/1iNRwIZXBnNRuA9I_FQsia9S6AzLHJ4hV
13GBzj6E6amVPcnJaGuFQ9JeoBLqR_SE3,E74B72F2-27FC-4580-88B4-1940B0F11B9E,1PRzJLo5oZxZZwsvXZCyIFW-aeOiJmE4J,2026,10,60_MEDIA/Fotos,1XnU-r5_jas_YWvbQnH_-RdcUtXyMT7B0,100%,score=3.0 conf=100%,https://drive.google.com/drive/folders/13GBzj6E6amVPcnJaGuFQ9JeoBLqR_SE3
1AVw7iDwGQwUIcdeS85PhHxIRB8zc8l1L,344E5E6D-E36C-4A5B-ADF1-A6C553282CA6,1dy3LsLgNd9wr5CwF0LttRqVbzCSCuvFw,2026,10,60_MEDIA/Fotos,1XnU-r5_jas_YWvbQnH_-RdcUtXyMT7B0,100%,score=3.0 conf=100%,https://drive.google.com/drive/folders/1AVw7iDwGQwUIcdeS85PhHxIRB8zc8l1L
1sj1dSWrekqSCRmkFHyxR_bvHDNTh-B_T,6C17CF3A-3EF7-427C-819E-67291CD99E3C,1M1A9xrHBbdh7AYkBXAdibMAt3dflyZ1o,2026,10,60_MEDIA/Fotos,1XnU-r5_jas_YWvbQnH_-RdcUtXyMT7B0,100%,score=3.0 conf=100%,https://drive.google.com/drive/folders/1sj1dSWrekqSCRmkFHyxR_bvHDNTh-B_T
1YnhzYE5NUv_tTIkdM9MwJatuqF1lR0RM,C277B532-13DF-42AD-BEB1-7CD7038AE220,1TOzBRU-HE_1fn8LuxfqiUc3l9Cs8bPYr,2026,10,60_MEDIA/Fotos,1XnU-r5_jas_YWvbQnH_-RdcUtXyMT7B0,100%,score=3.0 conf=100%,https://drive.google.com/drive/folders/1YnhzYE5NUv_tTIkdM9MwJatuqF1lR0RM
17qfShCJu5LXJyY3XOQORlcgxmf5NRDy4,CB879150-4981-4069-B333-DE050AB685C7,1TOzBRU-HE_1fn8LuxfqiUc3l9Cs8bPYr,2026,8,60_MEDIA/Fotos,1XnU-r5_jas_YWvbQnH_-RdcUtXyMT7B0,100%,score=3.0 conf=100%,https://drive.google.com/drive/folders/17qfShCJu5LXJyY3XOQORlcgxmf5NRDy4
1GBd5uoxXFCI8MCCSDxn-ERKaZ5mBFL02,0973E993-469A-4A40-9E78-236C124D3CA8,15hfl_qRUPwv4_HWt_6ZCmAYzRUxOZDLY,2026,10,60_MEDIA/Fotos,1XnU-r5_jas_YWvbQnH_-RdcUtXyMT7B0,100%,score=3.0 conf=100%,https://drive.google.com/drive/folders/1GBd5uoxXFCI8MCCSDxn-ERKaZ5mBFL02
1bkX3xUDvy88hMDRHlOejZYGUvMtmT4uv,B7EE5A4E-0856-47E1-B596-CC6D98FE537C,11ocrZ9Hk7c_XKybmA7I2mKzx3O45D-BB,2026,9,60_MEDIA/Fotos,1XnU-r5_jas_YWvbQnH_-RdcUtXyMT7B0,100%,score=3.0 conf=100%,https://drive.google.com/drive/folders/1bkX3xUDvy88hMDRHlOejZYGUvMtmT4uv
1ui-HoVGjc7McRnOrAK7dcEjXwrL1YJk-,5026089B-8094-4437-9AAB-7557CD0072E9,1rVmgCj_xfT506Z4ydbflm4253JIM1D70,2026,10,60_MEDIA/Fotos,1XnU-r5_jas_YWvbQnH_-RdcUtXyMT7B0,100%,score=3.0 conf=100%,https://drive.google.com/drive/folders/1ui-HoVGjc7McRnOrAK7dcEjXwrL1YJk-
14TjMZnPWrTd0-BWNOhAH2QcJPbm9AjzQ,DDDA59C7-B123-4973-B055-0FA746934491,1cNHEd-05Kgfk1IPB9rWNCMGLOw1EC2Dp,2026,5,60_MEDIA/Fotos,1XnU-r5_jas_YWvbQnH_-RdcUtXyMT7B0,100%,score=3.0 conf=100%,https://drive.google.com/drive/folders/14TjMZnPWrTd0-BWNOhAH2QcJPbm9AjzQ
1GaZceoFeZsoGSOO0JATv1zQOEVI1N3Xv,0C500CC5-9CD6-40BE-91E0-838ADC9E75A4,15hfl_qRUPwv4_HWt_6ZCmAYzRUxOZDLY,2026,3,60_MEDIA/Fotos,1XnU-r5_jas_YWvbQnH_-RdcUtXyMT7B0,100%,score=3.0 conf=100%,https://drive.google.com/drive/folders/1GaZceoFeZsoGSOO0JATv1zQOEVI1N3Xv
1xL_bBpnj783kT89ntye5zfsuys4opoP1,D2BDBD12-77B1-455E-A15A-711C97A15969,1cNHEd-05Kgfk1IPB9rWNCMGLOw1EC2Dp,2026,18,60_MEDIA/Fotos,1XnU-r5_jas_YWvbQnH_-RdcUtXyMT7B0,100%,score=3.0 conf=100%,https://drive.google.com/drive/folders/1xL_bBpnj783kT89ntye5zfsuys4opoP1
1c5IPFEZdzux6GCEDn1rABODKruZuW_6P,D5FE8E9F-18D8-4F55-891A-9BDCFE1AF566,1cNHEd-05Kgfk1IPB9rWNCMGLOw1EC2Dp,2026,10,60_MEDIA/Fotos,1XnU-r5_jas_YWvbQnH_-RdcUtXyMT7B0,100%,score=3.0 conf=100%,https://drive.google.com/drive/folders/1c5IPFEZdzux6GCEDn1rABODKruZuW_6P
1AETrGalCxdPZa_zOyXcRourGoGWVlfJj,A94C3DAA-819A-4600-8BDB-FA0AC3DCB0E2,1cEzfwzdpm45bKMpH9KwWfXt7KN9vQrH9,2026,6,60_MEDIA/Fotos,1XnU-r5_jas_YWvbQnH_-RdcUtXyMT7B0,100%,score=3.0 conf=100%,https://drive.google.com/drive/folders/1AETrGalCxdPZa_zOyXcRourGoGWVlfJj
168l_16GQt3MH_aQbbsdbM7lYvo_whJuT,6115D269-ABB2-476A-A1C6-F1BDDE55C562,1M1A9xrHBbdh7AYkBXAdibMAt3dflyZ1o,2026,10,60_MEDIA/Fotos,1XnU-r5_jas_YWvbQnH_-RdcUtXyMT7B0,100%,score=3.0 conf=100%,https://drive.google.com/drive/folders/168l_16GQt3MH_aQbbsdbM7lYvo_whJuT
11orAcyfRFajLpl3BHbEa68nTo-nSDX1g,A21D96EE-9E33-405B-85C2-B877E1556A56,1cEzfwzdpm45bKMpH9KwWfXt7KN9vQrH9,2026,10,60_MEDIA/Fotos,1XnU-r5_jas_YWvbQnH_-RdcUtXyMT7B0,100%,score=3.0 conf=100%,https://drive.google.com/drive/folders/11orAcyfRFajLpl3BHbEa68nTo-nSDX1g
1mhJ9LNJr-ZfC0ORDbIrHJf3vOJAqyGsS,77F6D69C-269A-4C0A-8990-180185BE63D6,1m5CYF-lFxZ8c5HGoNUkTI9gMnOtJ0e2V,2026,10,60_MEDIA/Fotos,1XnU-r5_jas_YWvbQnH_-RdcUtXyMT7B0,100%,score=3.0 conf=100%,https://drive.google.com/drive/folders/1mhJ9LNJr-ZfC0ORDbIrHJf3vOJAqyGsS
1pQ4l4Tbxk3DXkEEiO0cEjiCfoxNiq5E_,D4DD0EA6-2C99-4FB3-9789-B41C514E9894,1cNHEd-05Kgfk1IPB9rWNCMGLOw1EC2Dp,2026,5,60_MEDIA/Fotos,1XnU-r5_jas_YWvbQnH_-RdcUtXyMT7B0,100%,score=3.0 conf=100%,https://drive.google.com/drive/folders/1pQ4l4Tbxk3DXkEEiO0cEjiCfoxNiq5E_
1SokBf7SrlfgNMsGaTnHCH-6DVLbAtqHK,60881E8E-8424-4AF5-9234-32A7F60C1111,1M1A9xrHBbdh7AYkBXAdibMAt3dflyZ1o,2026,5,60_MEDIA/Fotos,1XnU-r5_jas_YWvbQnH_-RdcUtXyMT7B0,100%,score=3.0 conf=100%,https://drive.google.com/drive/folders/1SokBf7SrlfgNMsGaTnHCH-6DVLbAtqHK
1Gk7Ng9UN3s5GGykkMHBbV_K_aAveGGLb,E5505FFE-AA41-4C0F-9C65-1193E8537E07,1PRzJLo5oZxZZwsvXZCyIFW-aeOiJmE4J,2026,10,60_MEDIA/Fotos,1XnU-r5_jas_YWvbQnH_-RdcUtXyMT7B0,100%,score=3.0 conf=100%,https://drive.google.com/drive/folders/1Gk7Ng9UN3s5GGykkMHBbV_K_aAveGGLb
1MsvozF6W9KOadfwIOZbHxloYsdIvvu_8,83CFAC73-5FB7-4F1E-98AE-4B5B0EF9D95E,1EV45DGblDgDKVuZ7Xaj3YuBBrE1QSeXB,2026,10,60_MEDIA/Fotos,1XnU-r5_jas_YWvbQnH_-RdcUtXyMT7B0,100%,score=3.0 conf=100%,https://drive.google.com/drive/folders/1MsvozF6W9KOadfwIOZbHxloYsdIvvu_8
1fy90DlJIUrwEWjh-T7xqzFCNOqarIcGo,03B06353-F26E-4214-96FB-031D489F9362,15hfl_qRUPwv4_HWt_6ZCmAYzRUxOZDLY,2026,2,60_MEDIA/Fotos,1XnU-r5_jas_YWvbQnH_-RdcUtXyMT7B0,100%,score=3.0 conf=100%,https://drive.google.com/drive/folders/1fy90DlJIUrwEWjh-T7xqzFCNOqarIcGo
1C_ZZ36KbWQ5W9ELmh8ha59mOd96RexQo,D451579A-1765-4FC7-B20A-D89FADA20A11,1cNHEd-05Kgfk1IPB9rWNCMGLOw1EC2Dp,2026,7,60_MEDIA/Fotos,1XnU-r5_jas_YWvbQnH_-RdcUtXyMT7B0,100%,score=3.0 conf=100%,https://drive.google.com/drive/folders/1C_ZZ36KbWQ5W9ELmh8ha59mOd96RexQo
1xBRUYpcSF9_knDxIJryUoJj7PRqYv5iO,51E17FC0-9450-4FA7-9A8F-3CB39672192A,1rVmgCj_xfT506Z4ydbflm4253JIM1D70,2026,10,60_MEDIA/Fotos,1XnU-r5_jas_YWvbQnH_-RdcUtXyMT7B0,100%,score=3.0 conf=100%,https://drive.google.com/drive/folders/1xBRUYpcSF9_knDxIJryUoJj7PRqYv5iO
1vfIuNei0Y8eJjEskJbdc1WKVaCmsgrSi,EE5D6FBA-A79E-43CF-B54E-8D8B3BBD60BC,1PRzJLo5oZxZZwsvXZCyIFW-aeOiJmE4J,2026,10,60_MEDIA/Fotos,1XnU-r5_jas_YWvbQnH_-RdcUtXyMT7B0,100%,score=3.0 conf=100%,https://drive.google.com/drive/folders/1vfIuNei0Y8eJjEskJbdc1WKVaCmsgrSi
1E009Zt4z83wWIYdEa0i1S9lu74wiHrre,647BD33A-66EF-4B86-BDC2-FAAD9CCF66FF,1M1A9xrHBbdh7AYkBXAdibMAt3dflyZ1o,2026,6,60_MEDIA/Fotos,1XnU-r5_jas_YWvbQnH_-RdcUtXyMT7B0,100%,score=3.0 conf=100%,https://drive.google.com/drive/folders/1E009Zt4z83wWIYdEa0i1S9lu74wiHrre
1y6iNJg-jg22vIHcODFu9j5N2Scs9xd4T,B4AEA37D-393D-4F66-92FD-B1422BE07B38,11ocrZ9Hk7c_XKybmA7I2mKzx3O45D-BB,2026,10,60_MEDIA/Fotos,1XnU-r5_jas_YWvbQnH_-RdcUtXyMT7B0,100%,score=3.0 conf=100%,https://drive.google.com/drive/folders/1y6iNJg-jg22vIHcODFu9j5N2Scs9xd4T
1hdCTLxGbDLC9CBqG67NRfuNOtpta93n5,2504D9B0-994A-4574-B56C-051D2FA8772D,1Pdc1TA_hziB5iMkO1YqMk17iyolMEghm,2026,10,60_MEDIA/Fotos,1XnU-r5_jas_YWvbQnH_-RdcUtXyMT7B0,100%,score=3.0 conf=100%,https://drive.google.com/drive/folders/1hdCTLxGbDLC9CBqG67NRfuNOtpta93n5
1m76HK2UlJSiMtZAM8LfuwtrqHz0SaeI1,6741DDB1-D946-40A1-A0EA-7823CF112821,1M1A9xrHBbdh7AYkBXAdibMAt3dflyZ1o,2026,10,60_MEDIA/Fotos,1XnU-r5_jas_YWvbQnH_-RdcUtXyMT7B0,100%,score=3.0 conf=100%,https://drive.google.com/drive/folders/1m76HK2UlJSiMtZAM8LfuwtrqHz0SaeI1
1R7WUFaMuBfA2lfqSQhrXdSusJEuOh2h3,E2D9446F-3136-4DA7-BF42-10583B7B3D60,1PRzJLo5oZxZZwsvXZCyIFW-aeOiJmE4J,2026,10,60_MEDIA/Fotos,1XnU-r5_jas_YWvbQnH_-RdcUtXyMT7B0,100%,score=3.0 conf=100%,https://drive.google.com/drive/folders/1R7WUFaMuBfA2lfqSQhrXdSusJEuOh2h3
1cJ1qTAGjRHQYOI3ShQpcPKkFeDZ0jkR9,92593617-B7F5-4AC9-BE93-704297E31E13,1_ohyDibvcE2VzYscfSVAD40Ypl1u2nIU,2026,10,60_MEDIA/Fotos,1XnU-r5_jas_YWvbQnH_-RdcUtXyMT7B0,100%,score=3.0 conf=100%,https://drive.google.com/drive/folders/1cJ1qTAGjRHQYOI3ShQpcPKkFeDZ0jkR9
1SlXsBN5YcC2nZTSGZ53XkHZkFdUCvOu_,0B487B6F-3D55-4342-9E41-9D13CB63A5CB,15hfl_qRUPwv4_HWt_6ZCmAYzRUxOZDLY,2026,10,60_MEDIA/Fotos,1XnU-r5_jas_YWvbQnH_-RdcUtXyMT7B0,100%,score=3.0 conf=100%,https://drive.google.com/drive/folders/1SlXsBN5YcC2nZTSGZ53XkHZkFdUCvOu_
1oAHPk4zACgg0MQUGHTKKsOttL6ftA9ES,DC213379-9BC6-4B90-B78A-BBBF1B5EF0A0,1cNHEd-05Kgfk1IPB9rWNCMGLOw1EC2Dp,2026,10,60_MEDIA/Fotos,1XnU-r5_jas_YWvbQnH_-RdcUtXyMT7B0,100%,score=3.0 conf=100%,https://drive.google.com/drive/folders/1oAHPk4zACgg0MQUGHTKKsOttL6ftA9ES
1kroZbokPqpuO9A2v6Xr6HqmHzeekIYDn,2F26C999-DF32-4CDB-BFD4-5BE068E60E7C,1Pdc1TA_hziB5iMkO1YqMk17iyolMEghm,2026,10,60_MEDIA/Fotos,1XnU-r5_jas_YWvbQnH_-RdcUtXyMT7B0,100%,score=3.0 conf=100%,https://drive.google.com/drive/folders/1kroZbokPqpuO9A2v6Xr6HqmHzeekIYDn
1v06qGYEUDNSVTksOdIpI94smdWkjsWnH,FB38B0FD-4885-449C-8A5C-0FB2CED04EE8,1TTR4iEmqHV25HihAcXnpZdr0BRY05JCO,2026,10,60_MEDIA/Fotos,1XnU-r5_jas_YWvbQnH_-RdcUtXyMT7B0,100%,score=3.0 conf=100%,https://drive.google.com/drive/folders/1v06qGYEUDNSVTksOdIpI94smdWkjsWnH
1Gv6GnOBORBh2igQs74ZEC-Uvo_rltQCp,243A7F50-1334-42B2-AE9B-40C9A539A54B,1Pdc1TA_hziB5iMkO1YqMk17iyolMEghm,2026,10,60_MEDIA/Fotos,1XnU-r5_jas_YWvbQnH_-RdcUtXyMT7B0,100%,score=3.0 conf=100%,https://drive.google.com/drive/folders/1Gv6GnOBORBh2igQs74ZEC-Uvo_rltQCp
15jbONXZe_zFq5K4o-W9zWSDvDv9Mp-Ww,B8C199E9-77C3-45D1-95E9-F9D5E7992CBA,11ocrZ9Hk7c_XKybmA7I2mKzx3O45D-BB,2026,10,60_MEDIA/Fotos,1XnU-r5_jas_YWvbQnH_-RdcUtXyMT7B0,100%,score=3.0 conf=100%,https://drive.google.com/drive/folders/15jbONXZe_zFq5K4o-W9zWSDvDv9Mp-Ww
10D3xrm9vrFPjwOaPK60fpk43XkWPe41w,2A6C16E1-42EA-44EA-AF70-1D6A406CE9E8,1Pdc1TA_hziB5iMkO1YqMk17iyolMEghm,2026,10,60_MEDIA/Fotos,1XnU-r5_jas_YWvbQnH_-RdcUtXyMT7B0,100%,score=3.0 conf=100%,https://drive.google.com/drive/folders/10D3xrm9vrFPjwOaPK60fpk43XkWPe41w
1VneupONVGiLGQhGUuEO74dJ7etDgk4qj,F684EE24-FF27-4ABF-823E-7F59C064AAEB,1TTR4iEmqHV25HihAcXnpZdr0BRY05JCO,2026,10,60_MEDIA/Fotos,1XnU-r5_jas_YWvbQnH_-RdcUtXyMT7B0,100%,score=3.0 conf=100%,https://drive.google.com/drive/folders/1VneupONVGiLGQhGUuEO74dJ7etDgk4qj
1xKKcWydpj6SVcjlWQrGmGjHbRYERzavG,E7E521C7-CBEA-40A1-99B1-F39BC3C89EBE,1PRzJLo5oZxZZwsvXZCyIFW-aeOiJmE4J,2026,10,60_MEDIA/Fotos,1XnU-r5_jas_YWvbQnH_-RdcUtXyMT7B0,100%,score=3.0 conf=100%,https://drive.google.com/drive/folders/1xKKcWydpj6SVcjlWQrGmGjHbRYERzavG
16Ir21lLTxdMmoxHxPElWrQdkGT9smJzz,53EC9C68-C69F-45DD-9042-7127353D0315,1rVmgCj_xfT506Z4ydbflm4253JIM1D70,2026,10,60_MEDIA/Fotos,1XnU-r5_jas_YWvbQnH_-RdcUtXyMT7B0,100%,score=3.0 conf=100%,https://drive.google.com/drive/folders/16Ir21lLTxdMmoxHxPElWrQdkGT9smJzz
1--MjYz_DgQRWmmQaV1LXbiWtbY_dvrmM,203E1D9C-EE43-4AAF-BD72-911BB5096089,1Pdc1TA_hziB5iMkO1YqMk17iyolMEghm,2026,9,60_MEDIA/Fotos,1XnU-r5_jas_YWvbQnH_-RdcUtXyMT7B0,100%,score=3.0 conf=100%,https://drive.google.com/drive/folders/1--MjYz_DgQRWmmQaV1LXbiWtbY_dvrmM
1F3chnP9t0LR_eN2T5aUIkoW2zlfIScdi,775F29CE-147F-4C89-B56E-8F509FC6B8C2,1m5CYF-lFxZ8c5HGoNUkTI9gMnOtJ0e2V,2026,3,60_MEDIA/Fotos,1XnU-r5_jas_YWvbQnH_-RdcUtXyMT7B0,100%,score=3.0 conf=100%,https://drive.google.com/drive/folders/1F3chnP9t0LR_eN2T5aUIkoW2zlfIScdi
1b0vCSV1kwH91kfzI805RvXt_ZdfPSB9B,16E067E0-097B-4074-8A79-2313F7CC4651,1DZv_AiXUYng8wRntza4vxPsoRrz3UTDm,2026,5,60_MEDIA/Fotos,1XnU-r5_jas_YWvbQnH_-RdcUtXyMT7B0,100%,score=3.0 conf=100%,https://drive.google.com/drive/folders/1b0vCSV1kwH91kfzI805RvXt_ZdfPSB9B
1f_fX3d7GdxmlqiSoPUjkkc-j8sj8gOPB,51C29B2E-FBE2-4C02-9539-75A9099CB2BE,1rVmgCj_xfT506Z4ydbflm4253JIM1D70,2026,6,60_MEDIA/Fotos,1XnU-r5_jas_YWvbQnH_-RdcUtXyMT7B0,100%,score=3.0 conf=100%,https://drive.google.com/drive/folders/1f_fX3d7GdxmlqiSoPUjkkc-j8sj8gOPB
14F5X1ntAAuhmnmqptZ1N6Sqv5ABAZV_S,0BF57F6F-439C-4303-9270-A50504EA362C,15hfl_qRUPwv4_HWt_6ZCmAYzRUxOZDLY,2026,0,99_REVIEW,156bSZj5fqG0pi7SFNFLriuX0hhLPmtnl,0%,sem sinal,https://drive.google.com/drive/folders/14F5X1ntAAuhmnmqptZ1N6Sqv5ABAZV_S
1ImXApLz4afq5jQcpojetvnktE5HTqpbM,B5DC0A42-CBC6-409D-AF9D-E564EC26FE7B,11ocrZ9Hk7c_XKybmA7I2mKzx3O45D-BB,2026,10,60_MEDIA/Fotos,1XnU-r5_jas_YWvbQnH_-RdcUtXyMT7B0,100%,score=3.0 conf=100%,https://drive.google.com/drive/folders/1ImXApLz4afq5jQcpojetvnktE5HTqpbM
1oqn6wlBdcDQAmD2Uqu-ekZRCQ9FdKiwH,AA7FE797-53A0-4EF7-8EAC-203F5A6BB917,1cEzfwzdpm45bKMpH9KwWfXt7KN9vQrH9,2026,7,60_MEDIA/Fotos,1XnU-r5_jas_YWvbQnH_-RdcUtXyMT7B0,100%,score=3.0 conf=100%,https://drive.google.com/drive/folders/1oqn6wlBdcDQAmD2Uqu-ekZRCQ9FdKiwH
1UKl05UyBJ74wDjYRwotUQYYPynVbS3dK,F4CFE741-E0B5-45C9-A799-542095D407EC,1TTR4iEmqHV25HihAcXnpZdr0BRY05JCO,2026,3,60_MEDIA/Fotos,1XnU-r5_jas_YWvbQnH_-RdcUtXyMT7B0,100%,score=3.0 conf=100%,https://drive.google.com/drive/folders/1UKl05UyBJ74wDjYRwotUQYYPynVbS3dK
1Y4j688La7C7UBctfKlyGc-wQN-b67MKY,856FD757-EB30-4862-9F14-6AA233149E58,1EV45DGblDgDKVuZ7Xaj3YuBBrE1QSeXB,2026,5,60_MEDIA/Fotos,1XnU-r5_jas_YWvbQnH_-RdcUtXyMT7B0,100%,score=3.0 conf=100%,https://drive.google.com/drive/folders/1Y4j688La7C7UBctfKlyGc-wQN-b67MKY
1qXV45CkSYByFFaKiPpMU_nYwLitOOdAU,01F185EF-5DFA-4751-95FE-7BAF4655ECED,15hfl_qRUPwv4_HWt_6ZCmAYzRUxOZDLY,2026,9,60_MEDIA/Fotos,1XnU-r5_jas_YWvbQnH_-RdcUtXyMT7B0,100%,score=3.0 conf=100%,https://drive.google.com/drive/folders/1qXV45CkSYByFFaKiPpMU_nYwLitOOdAU
1myHdoanqj3v9Tm7rMnBoJy7DsueHvObU,B3039E77-5AB5-4986-A09C-55E46909ACA1,11ocrZ9Hk7c_XKybmA7I2mKzx3O45D-BB,2026,10,60_MEDIA/Fotos,1XnU-r5_jas_YWvbQnH_-RdcUtXyMT7B0,100%,score=3.0 conf=100%,https://drive.google.com/drive/folders/1myHdoanqj3v9Tm7rMnBoJy7DsueHvObU
1HryHsI1cs-a2tv4VVyUE-UDehmckxy-6,5229F845-3124-479E-9C10-5025557D6B7C,1rVmgCj_xfT506Z4ydbflm4253JIM1D70,2026,4,60_MEDIA/Fotos,1XnU-r5_jas_YWvbQnH_-RdcUtXyMT7B0,100%,score=3.0 conf=100%,https://drive.google.com/drive/folders/1HryHsI1cs-a2tv4VVyUE-UDehmckxy-6
19PlkFhlbyO1CyRYpvHJEdiSJ152kX3GZ,705CC078-CFCD-4B93-A75A-660C822B5654,1m5CYF-lFxZ8c5HGoNUkTI9gMnOtJ0e2V,2026,5,60_MEDIA/Fotos,1XnU-r5_jas_YWvbQnH_-RdcUtXyMT7B0,100%,score=3.0 conf=100%,https://drive.google.com/drive/folders/19PlkFhlbyO1CyRYpvHJEdiSJ152kX3GZ
1lL_Mt4uPI5lS91_HC1LOkXuVtiUZmDhA,6B56C960-1708-4C44-B8D7-1C5D170FFEA3,1M1A9xrHBbdh7AYkBXAdibMAt3dflyZ1o,2026,10,60_MEDIA/Fotos,1XnU-r5_jas_YWvbQnH_-RdcUtXyMT7B0,100%,score=3.0 conf=100%,https://drive.google.com/drive/folders/1lL_Mt4uPI5lS91_HC1LOkXuVtiUZmDhA
1YR4cgP91J8bECFfwi7_5vWoderLgjZ1r,9EF159DD-E9BF-4BCD-A25D-BB59D5215416,1_ohyDibvcE2VzYscfSVAD40Ypl1u2nIU,2026,10,60_MEDIA/Fotos,1XnU-r5_jas_YWvbQnH_-RdcUtXyMT7B0,100%,score=3.0 conf=100%,https://drive.google.com/drive/folders/1YR4cgP91J8bECFfwi7_5vWoderLgjZ1r
1Xs1iIhYVgydwLOYVN0pha5eSQ1H75ZFP,64C79A4F-CA87-4F8D-AFE6-2CBAFBDE7465,1M1A9xrHBbdh7AYkBXAdibMAt3dflyZ1o,2026,4,60_MEDIA/Fotos,1XnU-r5_jas_YWvbQnH_-RdcUtXyMT7B0,100%,score=3.0 conf=100%,https://drive.google.com/drive/folders/1Xs1iIhYVgydwLOYVN0pha5eSQ1H75ZFP
1jBm5MYLc6xWlwQTVN8kf5f2XbRl7YTZp,3706ECDE-B149-4CC4-BA59-D1A773A92F31,1dy3LsLgNd9wr5CwF0LttRqVbzCSCuvFw,2026,10,60_MEDIA/Fotos,1XnU-r5_jas_YWvbQnH_-RdcUtXyMT7B0,100%,score=3.0 conf=100%,https://drive.google.com/drive/folders/1jBm5MYLc6xWlwQTVN8kf5f2XbRl7YTZp
1HVdahadm1lpnn3-We4FIaJSUYFkb20_h,82BDC26B-0566-4014-A57A-AD0ED147A6F0,1EV45DGblDgDKVuZ7Xaj3YuBBrE1QSeXB,2026,10,60_MEDIA/Fotos,1XnU-r5_jas_YWvbQnH_-RdcUtXyMT7B0,100%,score=3.0 conf=100%,https://drive.google.com/drive/folders/1HVdahadm1lpnn3-We4FIaJSUYFkb20_h
12yp2DbBXJvDzJekZMGxLmQoogyLqvABo,BE1F3AA4-153C-48EE-9E56-417D62DCD297,11ocrZ9Hk7c_XKybmA7I2mKzx3O45D-BB,2026,10,60_MEDIA/Fotos,1XnU-r5_jas_YWvbQnH_-RdcUtXyMT7B0,100%,score=3.0 conf=100%,https://drive.google.com/drive/folders/12yp2DbBXJvDzJekZMGxLmQoogyLqvABo
1tVhqUs5HP66ddFFvrYyEjbHyoBfKalmo,A46397D8-910E-4502-A57F-EF7D5C72347B,1cEzfwzdpm45bKMpH9KwWfXt7KN9vQrH9,2026,10,60_MEDIA/Fotos,1XnU-r5_jas_YWvbQnH_-RdcUtXyMT7B0,100%,score=3.0 conf=100%,https://drive.google.com/drive/folders/1tVhqUs5HP66ddFFvrYyEjbHyoBfKalmo
170YJ9P8KWXS6QqoYAjZF3FFEEh6IXttm,05D873AA-0CD0-45D1-A1BD-B433E047C89A,15hfl_qRUPwv4_HWt_6ZCmAYzRUxOZDLY,2026,10,60_MEDIA/Fotos,1XnU-r5_jas_YWvbQnH_-RdcUtXyMT7B0,100%,score=3.0 conf=100%,https://drive.google.com/drive/folders/170YJ9P8KWXS6QqoYAjZF3FFEEh6IXttm
15tYOqPPoGjaLze2uHvwTcW_4zFwCSkJe,97F4753A-4E41-4059-810D-0B6A081D3CAF,1_ohyDibvcE2VzYscfSVAD40Ypl1u2nIU,2026,0,99_REVIEW,156bSZj5fqG0pi7SFNFLriuX0hhLPmtnl,0%,sem sinal,https://drive.google.com/drive/folders/15tYOqPPoGjaLze2uHvwTcW_4zFwCSkJe
1waZod0knBcW1e_xbmLZKmxphlBAcW-mv,82B2F7F1-7D86-41D9-9076-982BA114FA30,1EV45DGblDgDKVuZ7Xaj3YuBBrE1QSeXB,2026,4,60_MEDIA/Fotos,1XnU-r5_jas_YWvbQnH_-RdcUtXyMT7B0,100%,score=3.0 conf=100%,https://drive.google.com/drive/folders/1waZod0knBcW1e_xbmLZKmxphlBAcW-mv
1G9owbpj1Cv7Vg3C7iP-FJJxNSlkUuhh-,EAB42C0B-B71F-43BD-AE57-343FD48E5E69,1PRzJLo5oZxZZwsvXZCyIFW-aeOiJmE4J,2026,0,99_REVIEW,156bSZj5fqG0pi7SFNFLriuX0hhLPmtnl,0%,sem sinal,https://drive.google.com/drive/folders/1G9owbpj1Cv7Vg3C7iP-FJJxNSlkUuhh-
1zG0DC4nNOCCKRAe5WjV7DbVFJfHjBzJJ,4E3AADF8-9171-4F57-95B8-25C5ACFD2319,10Y5O0m8Rh2OubE0Nch9Iwgu4ptdGFjPu,2026,0,99_REVIEW,156bSZj5fqG0pi7SFNFLriuX0hhLPmtnl,0%,sem sinal,https://drive.google.com/drive/folders/1zG0DC4nNOCCKRAe5WjV7DbVFJfHjBzJJ
1Otnzvdcs174l9B2szM0xAv0l6YymhVy8,1364DCD3-D67E-4ED1-9A1A-61350D4FDB14,1DZv_AiXUYng8wRntza4vxPsoRrz3UTDm,2026,0,99_REVIEW,156bSZj5fqG0pi7SFNFLriuX0hhLPmtnl,0%,sem sinal,https://drive.google.com/drive/folders/1Otnzvdcs174l9B2szM0xAv0l6YymhVy8
1x-S9vM6WMf_I35SsdNrPyifEMVU5EbI9,A84C471D-9BBC-45B6-9D79-FD89A1D3F07E,1cEzfwzdpm45bKMpH9KwWfXt7KN9vQrH9,2026,0,99_REVIEW,156bSZj5fqG0pi7SFNFLriuX0hhLPmtnl,0%,sem sinal,https://drive.google.com/drive/folders/1x-S9vM6WMf_I35SsdNrPyifEMVU5EbI9
1XEVUOMNORQgLQ_CJtmbqDjvkkhYBZg8y,5DABC97B-7DAF-49C0-BCEA-DF3CB1FED640,1rVmgCj_xfT506Z4ydbflm4253JIM1D70,2026,0,99_REVIEW,156bSZj5fqG0pi7SFNFLriuX0hhLPmtnl,0%,sem sinal,https://drive.google.com/drive/folders/1XEVUOMNORQgLQ_CJtmbqDjvkkhYBZg8y
1EoKaATFlHImr30s2k1cwf_VPL2dt3yr-,MT.OS — Sistema ,1rmoAyV6OgDnUMzeBPe9mHr9h0SuEuhGL,2026,5,20_PROJECTS/MT.OS,1eXAXMf-Mb1Edl2qlMw8x3MHDPdSxSnf1,100%,override: '\b(mt\.?os)\b',https://drive.google.com/drive/folders/1EoKaATFlHImr30s2k1cwf_VPL2dt3yr-
15WscGHTK6XTf6_0w2r347Lp5h1Ka9V_p,BRANDSYSTEM MICHAEL TRAINER V2 — CANVAS OPERACIONAL,0ADCGhLBiAQxcUk9PVA,2026,0,99_REVIEW,156bSZj5fqG0pi7SFNFLriuX0hhLPmtnl,0%,sem sinal,https://drive.google.com/drive/folders/15WscGHTK6XTf6_0w2r347Lp5h1Ka9V_p
1izvrotpr8GqK0WTt8hpXguvKqOlrKBEi,pasta sem título 2,1rmoAyV6OgDnUMzeBPe9mHr9h0SuEuhGL,2026,2,99_REVIEW,156bSZj5fqG0pi7SFNFLriuX0hhLPmtnl,0%,sem sinal,https://drive.google.com/drive/folders/1izvrotpr8GqK0WTt8hpXguvKqOlrKBEi
1zXZUzhz787ZXprk7czbtZkp-z_6LfJcW,notas-rapidas,1rmoAyV6OgDnUMzeBPe9mHr9h0SuEuhGL,2026,0,99_REVIEW,156bSZj5fqG0pi7SFNFLriuX0hhLPmtnl,0%,sem sinal,https://drive.google.com/drive/folders/1zXZUzhz787ZXprk7czbtZkp-z_6LfJcW
1YS1IPq9dceKa_gAWdU3xsOIYfULh3VDh,helio,1zXZUzhz787ZXprk7czbtZkp-z_6LfJcW,2026,0,99_REVIEW,156bSZj5fqG0pi7SFNFLriuX0hhLPmtnl,0%,sem sinal,https://drive.google.com/drive/folders/1YS1IPq9dceKa_gAWdU3xsOIYfULh3VDh
1S1c5JcJAMLN3yBBeIMBsEx5y6Jsnr5JD,QUADRO DE IDEIAS,1zXZUzhz787ZXprk7czbtZkp-z_6LfJcW,2026,0,99_REVIEW,156bSZj5fqG0pi7SFNFLriuX0hhLPmtnl,0%,sem sinal,https://drive.google.com/drive/folders/1S1c5JcJAMLN3yBBeIMBsEx5y6Jsnr5JD
13EqIRYPufBEhJbp831YWYYX8topMV8RG,Documents,1yp9ho9cTjeZPnNQdNTEjv0SZuHMl3WQY,2026,0,30_AREAS/Mente,1pggTB9hPdF7f50-Zzt7f74GWW1I4fqp0,59%,score=40.0 conf=59%,https://drive.google.com/drive/folders/13EqIRYPufBEhJbp831YWYYX8topMV8RG
1yp9ho9cTjeZPnNQdNTEjv0SZuHMl3WQY,Meu iMac,,2026,0,00_SYSTEM,1B6aUQRoESqp8o2tarlse5zCgd12Arc5Q,100%,override: '\bmeu\s+(imac|macbook|modelo)\b',https://drive.google.com/drive/folders/1yp9ho9cTjeZPnNQdNTEjv0SZuHMl3WQY
1Fa8ZLbvsrmxtpQe1H_NI9O5IlYxb7q9V,Resto-Final,1s8P8kSmgs_-rVG4X5G5sq6mDJ2OcPyaT,2026,18,30_AREAS/Corpo,1sKg_cI7ZnP8Ql6YafIOFyfSs7XEwzqM8,71%,score=20.0 conf=71%,https://drive.google.com/drive/folders/1Fa8ZLbvsrmxtpQe1H_NI9O5IlYxb7q9V
18XNnhmsVsaq3vRyrW2U5xEc-QkKgx-XG,20_PRODUTOS,1sHKpSmbywelLKJlJ1ILfUTjYjSQCiclm,2026,1,99_REVIEW,156bSZj5fqG0pi7SFNFLriuX0hhLPmtnl,0%,sem sinal,https://drive.google.com/drive/folders/18XNnhmsVsaq3vRyrW2U5xEc-QkKgx-XG
1WX85zAq1rf85tj78vwECLYX0OGgIXwKN,2020,1izBxSz6S3EewELS33vIX15nPTJD0bEAw,2026,0,99_REVIEW,156bSZj5fqG0pi7SFNFLriuX0hhLPmtnl,0%,sem sinal,https://drive.google.com/drive/folders/1WX85zAq1rf85tj78vwECLYX0OGgIXwKN
16ue0V1MvW55sPtAHC47tF2qnMvthfRPx,2019,1izBxSz6S3EewELS33vIX15nPTJD0bEAw,2026,0,99_REVIEW,156bSZj5fqG0pi7SFNFLriuX0hhLPmtnl,0%,sem sinal,https://drive.google.com/drive/folders/16ue0V1MvW55sPtAHC47tF2qnMvthfRPx
1NMy5-5-xG32BmEBUdNfvs3QJcW-AN_EO,2016,1izBxSz6S3EewELS33vIX15nPTJD0bEAw,2026,0,99_REVIEW,156bSZj5fqG0pi7SFNFLriuX0hhLPmtnl,0%,sem sinal,https://drive.google.com/drive/folders/1NMy5-5-xG32BmEBUdNfvs3QJcW-AN_EO
1Kg-eJWjUZyhJvYdBTWj81sqeAKNQy_Tl,_TESTE,1izBxSz6S3EewELS33vIX15nPTJD0bEAw,2026,0,99_REVIEW,156bSZj5fqG0pi7SFNFLriuX0hhLPmtnl,0%,sem sinal,https://drive.google.com/drive/folders/1Kg-eJWjUZyhJvYdBTWj81sqeAKNQy_Tl
1b8GfrDYhjErr5pYbE3zPk8cJtPxhzm0R,2026,1izBxSz6S3EewELS33vIX15nPTJD0bEAw,2026,0,99_REVIEW,156bSZj5fqG0pi7SFNFLriuX0hhLPmtnl,0%,sem sinal,https://drive.google.com/drive/folders/1b8GfrDYhjErr5pYbE3zPk8cJtPxhzm0R
1UlJstx-gU-p3m-J41klpFNYFpeHdcuY4,_logs,1izBxSz6S3EewELS33vIX15nPTJD0bEAw,2026,0,99_REVIEW,156bSZj5fqG0pi7SFNFLriuX0hhLPmtnl,0%,sem sinal,https://drive.google.com/drive/folders/1UlJstx-gU-p3m-J41klpFNYFpeHdcuY4
15AtxHrL4Acz3_LPik6MC0CueyVl0emzF,2017,1izBxSz6S3EewELS33vIX15nPTJD0bEAw,2026,0,99_REVIEW,156bSZj5fqG0pi7SFNFLriuX0hhLPmtnl,0%,sem sinal,https://drive.google.com/drive/folders/15AtxHrL4Acz3_LPik6MC0CueyVl0emzF
1QUqVGl8lu7vEVQW1-LMwS7yvb3yCS6Bh,_quarentena,1izBxSz6S3EewELS33vIX15nPTJD0bEAw,2026,0,99_REVIEW,156bSZj5fqG0pi7SFNFLriuX0hhLPmtnl,0%,sem sinal,https://drive.google.com/drive/folders/1QUqVGl8lu7vEVQW1-LMwS7yvb3yCS6Bh
1TUscyh_A6ly_LOz1xAEY0e-FMgHDXO8j,2021,1izBxSz6S3EewELS33vIX15nPTJD0bEAw,2026,0,99_REVIEW,156bSZj5fqG0pi7SFNFLriuX0hhLPmtnl,0%,sem sinal,https://drive.google.com/drive/folders/1TUscyh_A6ly_LOz1xAEY0e-FMgHDXO8j
1-yw5rpHVukaEh87icBPGgqwgWwFz3STB,90.4_Seed-Lote1-2026,10dk2JoeV01cds2Yj3bWuV7Y-jGl3NQzw,2026,0,80_PERSONAL/Familia,1lpPYh9DVpXkkSxvF-S2CEFCPN12oq0FO,100%,score=24.0 conf=100%,https://drive.google.com/drive/folders/1-yw5rpHVukaEh87icBPGgqwgWwFz3STB
1B5HdfCNMrnBWhOMuUquaf-C-SgggEMNL,90.1_Backups-MacBook,10dk2JoeV01cds2Yj3bWuV7Y-jGl3NQzw,2026,0,00_SYSTEM,1B6aUQRoESqp8o2tarlse5zCgd12Arc5Q,100%,override: '\bbak\s*up|backup|bkp\b',https://drive.google.com/drive/folders/1B5HdfCNMrnBWhOMuUquaf-C-SgggEMNL
1y_wuDz-kr4Hb9_1ydmKScrds_aLZSdtq,90.3_Duplicados-Detectados,10dk2JoeV01cds2Yj3bWuV7Y-jGl3NQzw,2026,0,99_REVIEW,156bSZj5fqG0pi7SFNFLriuX0hhLPmtnl,0%,sem sinal,https://drive.google.com/drive/folders/1y_wuDz-kr4Hb9_1ydmKScrds_aLZSdtq
1TcOhcUq9F_SJ8mXGsTC-eM6mv8GYn8PH,90.2_Versoes-Antigas,10dk2JoeV01cds2Yj3bWuV7Y-jGl3NQzw,2026,0,99_REVIEW,156bSZj5fqG0pi7SFNFLriuX0hhLPmtnl,0%,sem sinal,https://drive.google.com/drive/folders/1TcOhcUq9F_SJ8mXGsTC-eM6mv8GYn8PH
1oYXpO6VBKy7udD1ubN573LkKK3N559oO,10.4_Documentos-Pessoais,1UCJwGNLvyU__OZGhCBXp__cYJd1mZMlR,2026,0,99_REVIEW,156bSZj5fqG0pi7SFNFLriuX0hhLPmtnl,0%,sem sinal,https://drive.google.com/drive/folders/1oYXpO6VBKy7udD1ubN573LkKK3N559oO
14kYaNL_wnnO98KDHvFBda15EOKLK4KkF,10.1_Juridico-Contratos,1UCJwGNLvyU__OZGhCBXp__cYJd1mZMlR,2026,0,99_REVIEW,156bSZj5fqG0pi7SFNFLriuX0hhLPmtnl,0%,sem sinal,https://drive.google.com/drive/folders/14kYaNL_wnnO98KDHvFBda15EOKLK4KkF
1D-Uf7QRg2Sbr_q4MBn9Ek8sq1belL28B,10.2_Financeiro,1UCJwGNLvyU__OZGhCBXp__cYJd1mZMlR,2026,0,99_REVIEW,156bSZj5fqG0pi7SFNFLriuX0hhLPmtnl,0%,sem sinal,https://drive.google.com/drive/folders/1D-Uf7QRg2Sbr_q4MBn9Ek8sq1belL28B
15pjWaHpEpB9veF3ky21svmDrMze_ZdO2,10.3_Marca-Identidade,1UCJwGNLvyU__OZGhCBXp__cYJd1mZMlR,2026,0,99_REVIEW,156bSZj5fqG0pi7SFNFLriuX0hhLPmtnl,0%,sem sinal,https://drive.google.com/drive/folders/15pjWaHpEpB9veF3ky21svmDrMze_ZdO2
1Wc1L2PlQUKFY-Ccf35FMJ0Sx6Q1oCLzV,50.5_Pesquisa-Cientifica,10IyNjjXufyDJxT69KoT8tnhoUZkIG6Hd,2026,0,99_REVIEW,156bSZj5fqG0pi7SFNFLriuX0hhLPmtnl,0%,sem sinal,https://drive.google.com/drive/folders/1Wc1L2PlQUKFY-Ccf35FMJ0Sx6Q1oCLzV
137AUpL_0ZOMzy0LSdgdJddpnyjO8D4t2,50.6_Cursos-Externos,10IyNjjXufyDJxT69KoT8tnhoUZkIG6Hd,2026,0,99_REVIEW,156bSZj5fqG0pi7SFNFLriuX0hhLPmtnl,0%,sem sinal,https://drive.google.com/drive/folders/137AUpL_0ZOMzy0LSdgdJddpnyjO8D4t2
1OjJ5aiT05bWh7LW9fkray96vsYo-43BL,50.3_Livros-Negocios,10IyNjjXufyDJxT69KoT8tnhoUZkIG6Hd,2026,0,99_REVIEW,156bSZj5fqG0pi7SFNFLriuX0hhLPmtnl,0%,sem sinal,https://drive.google.com/drive/folders/1OjJ5aiT05bWh7LW9fkray96vsYo-43BL
1JIr__HYi8lmA2Jb8BfAukJmG6k5-kWkd,50.2_Livros-Performance,10IyNjjXufyDJxT69KoT8tnhoUZkIG6Hd,2026,0,30_AREAS/Corpo,1sKg_cI7ZnP8Ql6YafIOFyfSs7XEwzqM8,100%,score=20.0 conf=100%,https://drive.google.com/drive/folders/1JIr__HYi8lmA2Jb8BfAukJmG6k5-kWkd
1yOYK-oLPtA2410Ygm572q4PbDMuBLYP1,50.1_Livros-Espiritualidade,10IyNjjXufyDJxT69KoT8tnhoUZkIG6Hd,2026,0,30_AREAS/Observador,1JS6C8Y9czSd2Zyn2poafQ964C3c94VL2,100%,score=25.0 conf=100%,https://drive.google.com/drive/folders/1yOYK-oLPtA2410Ygm572q4PbDMuBLYP1
11es1E3Rp1j5t8d8wL02n4GHR8l5_omei,50.4_Livros-Branding,10IyNjjXufyDJxT69KoT8tnhoUZkIG6Hd,2026,0,30_AREAS/Mente,1pggTB9hPdF7f50-Zzt7f74GWW1I4fqp0,100%,score=20.0 conf=100%,https://drive.google.com/drive/folders/11es1E3Rp1j5t8d8wL02n4GHR8l5_omei
1D4jdmabw3A1Uxk-86kp8aquDpzf6t4nf,70.4_Automacoes,1G1Xpedu-7OFiVbPv8IZDU_3osNtd7MyZ,2026,0,99_REVIEW,156bSZj5fqG0pi7SFNFLriuX0hhLPmtnl,0%,sem sinal,https://drive.google.com/drive/folders/1D4jdmabw3A1Uxk-86kp8aquDpzf6t4nf
110YUzmn__XRRLmva7WPHun30THmCcjPe,70.5_Credenciais,1G1Xpedu-7OFiVbPv8IZDU_3osNtd7MyZ,2026,0,99_REVIEW,156bSZj5fqG0pi7SFNFLriuX0hhLPmtnl,0%,sem sinal,https://drive.google.com/drive/folders/110YUzmn__XRRLmva7WPHun30THmCcjPe
1ifGXNZRjgVMKUT2K7zUTOVeNQY96aaCC,70.1_Dashboards,1G1Xpedu-7OFiVbPv8IZDU_3osNtd7MyZ,2026,0,99_REVIEW,156bSZj5fqG0pi7SFNFLriuX0hhLPmtnl,0%,sem sinal,https://drive.google.com/drive/folders/1ifGXNZRjgVMKUT2K7zUTOVeNQY96aaCC
1YhoR4XOB9O1FQaIZGGjb853hTOwto7TJ,70.3_Prompts-IA,1G1Xpedu-7OFiVbPv8IZDU_3osNtd7MyZ,2026,0,30_AREAS/Mente,1pggTB9hPdF7f50-Zzt7f74GWW1I4fqp0,100%,score=20.0 conf=100%,https://drive.google.com/drive/folders/1YhoR4XOB9O1FQaIZGGjb853hTOwto7TJ
1mFoSY1SXZaJt2d_lPy0UuSnDnUQz0_I5,70.2_Templates,1G1Xpedu-7OFiVbPv8IZDU_3osNtd7MyZ,2026,0,99_REVIEW,156bSZj5fqG0pi7SFNFLriuX0hhLPmtnl,0%,sem sinal,https://drive.google.com/drive/folders/1mFoSY1SXZaJt2d_lPy0UuSnDnUQz0_I5
1jZri1qCBE5vPsbf8ZCGIo3Sy3TjGb8Bx,30.2_Roteiros-Scripts,1BF0_3HEb4POLN7YfV9hqOp0HYw0axZvB,2026,0,99_REVIEW,156bSZj5fqG0pi7SFNFLriuX0hhLPmtnl,0%,sem sinal,https://drive.google.com/drive/folders/1jZri1qCBE5vPsbf8ZCGIo3Sy3TjGb8Bx
1yeZZSTrchc2u9cJXH9_qgAG-KKUSP-WZ,30.3_Apresentacoes,1BF0_3HEb4POLN7YfV9hqOp0HYw0axZvB,2026,0,99_REVIEW,156bSZj5fqG0pi7SFNFLriuX0hhLPmtnl,0%,sem sinal,https://drive.google.com/drive/folders/1yeZZSTrchc2u9cJXH9_qgAG-KKUSP-WZ
1aU0fVlAejYoFFFYzUEbDXqOkq5zBS9N4,99_REVISAR,1sHKpSmbywelLKJlJ1ILfUTjYjSQCiclm,2026,1,99_REVIEW,156bSZj5fqG0pi7SFNFLriuX0hhLPmtnl,0%,sem sinal,https://drive.google.com/drive/folders/1aU0fVlAejYoFFFYzUEbDXqOkq5zBS9N4
1ENYVb3lsWqSFiXErStrV8PJ2-SL77NDv,30.1_Livros-Em-Producao,1BF0_3HEb4POLN7YfV9hqOp0HYw0axZvB,2026,0,99_REVIEW,156bSZj5fqG0pi7SFNFLriuX0hhLPmtnl,0%,sem sinal,https://drive.google.com/drive/folders/1ENYVb3lsWqSFiXErStrV8PJ2-SL77NDv
1NTwNzM82bvCz3Gv6-JHzEXfcWqY0oGPb,30.4_Social-Media,1BF0_3HEb4POLN7YfV9hqOp0HYw0axZvB,2026,0,99_REVIEW,156bSZj5fqG0pi7SFNFLriuX0hhLPmtnl,0%,sem sinal,https://drive.google.com/drive/folders/1NTwNzM82bvCz3Gv6-JHzEXfcWqY0oGPb
1zhERvZpo1HgZCmSYD2qbPhcYE6x7dKk1,40.1_Clientes-Atletas,1SrgE9s2nRVAxOsLe8avfErRhyR_5q4jC,2026,0,99_REVIEW,156bSZj5fqG0pi7SFNFLriuX0hhLPmtnl,0%,sem sinal,https://drive.google.com/drive/folders/1zhERvZpo1HgZCmSYD2qbPhcYE6x7dKk1
14-snnfb3SCyXju3FS_KF-4oK9__JQs4F,40.4_Avaliacoes,1SrgE9s2nRVAxOsLe8avfErRhyR_5q4jC,2026,0,99_REVIEW,156bSZj5fqG0pi7SFNFLriuX0hhLPmtnl,0%,sem sinal,https://drive.google.com/drive/folders/14-snnfb3SCyXju3FS_KF-4oK9__JQs4F
1Vc8oovgKkZQJ4UqTrkwHq9oe9gM_AMxH,40.3_Nutricao-Protocolos,1SrgE9s2nRVAxOsLe8avfErRhyR_5q4jC,2026,0,99_REVIEW,156bSZj5fqG0pi7SFNFLriuX0hhLPmtnl,0%,sem sinal,https://drive.google.com/drive/folders/1Vc8oovgKkZQJ4UqTrkwHq9oe9gM_AMxH
1ZJETpT8dzbwB4gNcJGIqE1qlolWq_TNw,40.2_Treinos-Protocolos,1SrgE9s2nRVAxOsLe8avfErRhyR_5q4jC,2026,0,99_REVIEW,156bSZj5fqG0pi7SFNFLriuX0hhLPmtnl,0%,sem sinal,https://drive.google.com/drive/folders/1ZJETpT8dzbwB4gNcJGIqE1qlolWq_TNw
1nfuYZ6OpUWrvCgJQ-42ygP6bbwomkMmZ,20.1_MT-Triad-System,18XNnhmsVsaq3vRyrW2U5xEc-QkKgx-XG,2026,0,99_REVIEW,156bSZj5fqG0pi7SFNFLriuX0hhLPmtnl,0%,sem sinal,https://drive.google.com/drive/folders/1nfuYZ6OpUWrvCgJQ-42ygP6bbwomkMmZ
1TzOXiFRYbONcAuM1fycyZS7J0UlxPg1g,20.3_Ponto-Zero,18XNnhmsVsaq3vRyrW2U5xEc-QkKgx-XG,2026,0,99_REVIEW,156bSZj5fqG0pi7SFNFLriuX0hhLPmtnl,0%,sem sinal,https://drive.google.com/drive/folders/1TzOXiFRYbONcAuM1fycyZS7J0UlxPg1g
1ANGiexIfTI6erNXdH_9IQWN-McSVVH4V,20.5_Escola-MT,18XNnhmsVsaq3vRyrW2U5xEc-QkKgx-XG,2026,0,99_REVIEW,156bSZj5fqG0pi7SFNFLriuX0hhLPmtnl,0%,sem sinal,https://drive.google.com/drive/folders/1ANGiexIfTI6erNXdH_9IQWN-McSVVH4V
1gZAllsFBY58C1ebvo9Efl9r0_XnLOvmM,20.2_MT-RUN,18XNnhmsVsaq3vRyrW2U5xEc-QkKgx-XG,2026,0,99_REVIEW,156bSZj5fqG0pi7SFNFLriuX0hhLPmtnl,0%,sem sinal,https://drive.google.com/drive/folders/1gZAllsFBY58C1ebvo9Efl9r0_XnLOvmM
11zEBcgbfhuNqYpGHzBJjIfVhwPSdOo6v,20.4_Sandalia-MT-SO,18XNnhmsVsaq3vRyrW2U5xEc-QkKgx-XG,2026,0,99_REVIEW,156bSZj5fqG0pi7SFNFLriuX0hhLPmtnl,0%,sem sinal,https://drive.google.com/drive/folders/11zEBcgbfhuNqYpGHzBJjIfVhwPSdOo6v
1E6e4bH4AqLAzmcx_eFWQfBEjrPRXGOTb,20.6_MT-Slim,18XNnhmsVsaq3vRyrW2U5xEc-QkKgx-XG,2026,0,99_REVIEW,156bSZj5fqG0pi7SFNFLriuX0hhLPmtnl,0%,sem sinal,https://drive.google.com/drive/folders/1E6e4bH4AqLAzmcx_eFWQfBEjrPRXGOTb
1iDNwOfXV1lMO8zp_tyfnu81aWaKoo8Cj,60.2_Videos-Brutos,1wEZ1H5Qsxzj_PVoK5Zp7sl5kFL7lfTSH,2026,0,99_REVIEW,156bSZj5fqG0pi7SFNFLriuX0hhLPmtnl,0%,sem sinal,https://drive.google.com/drive/folders/1iDNwOfXV1lMO8zp_tyfnu81aWaKoo8Cj
1eHmnrdJ63zovvclV-M5REOlEdS4hLgbx,60.3_Banco-de-Exercicios,1wEZ1H5Qsxzj_PVoK5Zp7sl5kFL7lfTSH,2026,0,30_AREAS/Corpo,1sKg_cI7ZnP8Ql6YafIOFyfSs7XEwzqM8,100%,override: '(?<![a-z0-9])banco[\s\-_]*de[\s\-_]*exer',https://drive.google.com/drive/folders/1eHmnrdJ63zovvclV-M5REOlEdS4hLgbx
10dk2JoeV01cds2Yj3bWuV7Y-jGl3NQzw,90_ARQUIVO,1sHKpSmbywelLKJlJ1ILfUTjYjSQCiclm,2026,1,80_PERSONAL/Familia,1lpPYh9DVpXkkSxvF-S2CEFCPN12oq0FO,100%,score=24.0 conf=100%,https://drive.google.com/drive/folders/10dk2JoeV01cds2Yj3bWuV7Y-jGl3NQzw
1UCJwGNLvyU__OZGhCBXp__cYJd1mZMlR,10_EMPRESA,1sHKpSmbywelLKJlJ1ILfUTjYjSQCiclm,2026,1,99_REVIEW,156bSZj5fqG0pi7SFNFLriuX0hhLPmtnl,0%,sem sinal,https://drive.google.com/drive/folders/1UCJwGNLvyU__OZGhCBXp__cYJd1mZMlR
10IyNjjXufyDJxT69KoT8tnhoUZkIG6Hd,50_BIBLIOTECA,1sHKpSmbywelLKJlJ1ILfUTjYjSQCiclm,2026,1,30_AREAS/Observador,1JS6C8Y9czSd2Zyn2poafQ964C3c94VL2,56%,score=5.0 conf=56%,https://drive.google.com/drive/folders/10IyNjjXufyDJxT69KoT8tnhoUZkIG6Hd
1G1Xpedu-7OFiVbPv8IZDU_3osNtd7MyZ,70_SISTEMA,1sHKpSmbywelLKJlJ1ILfUTjYjSQCiclm,2026,1,30_AREAS/Mente,1pggTB9hPdF7f50-Zzt7f74GWW1I4fqp0,100%,score=4.0 conf=100%,https://drive.google.com/drive/folders/1G1Xpedu-7OFiVbPv8IZDU_3osNtd7MyZ
1BF0_3HEb4POLN7YfV9hqOp0HYw0axZvB,30_CONTEUDO,1sHKpSmbywelLKJlJ1ILfUTjYjSQCiclm,2026,1,99_REVIEW,156bSZj5fqG0pi7SFNFLriuX0hhLPmtnl,0%,sem sinal,https://drive.google.com/drive/folders/1BF0_3HEb4POLN7YfV9hqOp0HYw0axZvB
1Vl-FNegjFkWprzRP6Xj8LgKc5TqHcxvs,00_INBOX,1sHKpSmbywelLKJlJ1ILfUTjYjSQCiclm,2026,1,99_REVIEW,156bSZj5fqG0pi7SFNFLriuX0hhLPmtnl,0%,sem sinal,https://drive.google.com/drive/folders/1Vl-FNegjFkWprzRP6Xj8LgKc5TqHcxvs
1SrgE9s2nRVAxOsLe8avfErRhyR_5q4jC,40_OPERACOES,1sHKpSmbywelLKJlJ1ILfUTjYjSQCiclm,2026,1,99_REVIEW,156bSZj5fqG0pi7SFNFLriuX0hhLPmtnl,0%,sem sinal,https://drive.google.com/drive/folders/1SrgE9s2nRVAxOsLe8avfErRhyR_5q4jC
1hMpYrk-2EdcMHf3h2QvGcgEH1kJ3oeVz,80_LABS,1sHKpSmbywelLKJlJ1ILfUTjYjSQCiclm,2026,1,99_REVIEW,156bSZj5fqG0pi7SFNFLriuX0hhLPmtnl,0%,sem sinal,https://drive.google.com/drive/folders/1hMpYrk-2EdcMHf3h2QvGcgEH1kJ3oeVz
1gTi5FoYC1LVbwXZ7901BoECUpcNc3HMg,Banco-de-Exercicios,120psFjZTE8x-j7CI1_cG4pwQR037ld_w,2026,5,30_AREAS/Corpo,1sKg_cI7ZnP8Ql6YafIOFyfSs7XEwzqM8,100%,override: '(?<![a-z0-9])banco[\s\-_]*de[\s\-_]*exer',https://drive.google.com/drive/folders/1gTi5FoYC1LVbwXZ7901BoECUpcNc3HMg
1c_TrDuqnfczW0nmaj5knby9ksoO9MJyT,SaveClip-Instagram,120psFjZTE8x-j7CI1_cG4pwQR037ld_w,2026,47,60_MEDIA/Videos,1me7AYaMvDth_2oaOUsKAokzQk5kZHDUK,100%,score=3.0 conf=100%,https://drive.google.com/drive/folders/1c_TrDuqnfczW0nmaj5knby9ksoO9MJyT
105jpv_pqclkgHEKGyFMWuiCgXRbfpERy,com.apple.AddressBook,1175A3c5Cqj2zAUaLdAgNfH0v3zZjX5Rs,2026,0,00_SYSTEM,1B6aUQRoESqp8o2tarlse5zCgd12Arc5Q,100%,override: '\b(asset\.resource|output\.layerstack|in',https://drive.google.com/drive/folders/105jpv_pqclkgHEKGyFMWuiCgXRbfpERy
1sv66Qnod7e76t6-R5-O4o881KrxCdEVC,com.apple.AddressBook,1D9uRrCp28BDGePdNGM5fi8TQfx2N4J3b,2026,0,00_SYSTEM,1B6aUQRoESqp8o2tarlse5zCgd12Arc5Q,100%,override: '\b(asset\.resource|output\.layerstack|in',https://drive.google.com/drive/folders/1sv66Qnod7e76t6-R5-O4o881KrxCdEVC
15Mpj5evRD9LthU-WbNK9qp3_roPm-43h,Entregaveis,157nSosq2T1fc7Fzx3D-HUG_9Mb4SuSAB,2026,0,99_REVIEW,156bSZj5fqG0pi7SFNFLriuX0hhLPmtnl,0%,sem sinal,https://drive.google.com/drive/folders/15Mpj5evRD9LthU-WbNK9qp3_roPm-43h
1y78EW1qZFebUL3ohscPGmzQz5o2wSko8,Sessoes,157nSosq2T1fc7Fzx3D-HUG_9Mb4SuSAB,2026,0,99_REVIEW,156bSZj5fqG0pi7SFNFLriuX0hhLPmtnl,0%,sem sinal,https://drive.google.com/drive/folders/1y78EW1qZFebUL3ohscPGmzQz5o2wSko8
1Fn7uFYm3f8s8yG8pTahLbFSWS358y0Zu,Sessoes,1QtxJ7QHVgYAkT1xb3nYB416x8H27PMGv,2026,0,99_REVIEW,156bSZj5fqG0pi7SFNFLriuX0hhLPmtnl,0%,sem sinal,https://drive.google.com/drive/folders/1Fn7uFYm3f8s8yG8pTahLbFSWS358y0Zu
1OCmT1m89-FfvD1VA0fyUZZF6CqgB16w_,Entregaveis,1QtxJ7QHVgYAkT1xb3nYB416x8H27PMGv,2026,0,99_REVIEW,156bSZj5fqG0pi7SFNFLriuX0hhLPmtnl,0%,sem sinal,https://drive.google.com/drive/folders/1OCmT1m89-FfvD1VA0fyUZZF6CqgB16w_
1upH9KHChy4SUJGO2Yf3rtp4vWieRFLB6,Sessoes,1I-5sW1fJwYpHbJiyUxd4Y4MRCbRKolRI,2026,0,99_REVIEW,156bSZj5fqG0pi7SFNFLriuX0hhLPmtnl,0%,sem sinal,https://drive.google.com/drive/folders/1upH9KHChy4SUJGO2Yf3rtp4vWieRFLB6
1JyczvP0Hp7mFCzVwq_CZ2ePUexA58nAy,Sessoes,1lyYnfYHLnFzvomn04oZKQhswHYw65YDh,2026,0,99_REVIEW,156bSZj5fqG0pi7SFNFLriuX0hhLPmtnl,0%,sem sinal,https://drive.google.com/drive/folders/1JyczvP0Hp7mFCzVwq_CZ2ePUexA58nAy
15DWBbqqLJTPpWt1F9-eLGHy8SWwlSXqd,Entregaveis,1lyYnfYHLnFzvomn04oZKQhswHYw65YDh,2026,0,99_REVIEW,156bSZj5fqG0pi7SFNFLriuX0hhLPmtnl,0%,sem sinal,https://drive.google.com/drive/folders/15DWBbqqLJTPpWt1F9-eLGHy8SWwlSXqd
1yw0FmKqGEGNf7u9Wa9ALQPRIcTSV3yhx,Entregaveis,1I-5sW1fJwYpHbJiyUxd4Y4MRCbRKolRI,2026,0,99_REVIEW,156bSZj5fqG0pi7SFNFLriuX0hhLPmtnl,0%,sem sinal,https://drive.google.com/drive/folders/1yw0FmKqGEGNf7u9Wa9ALQPRIcTSV3yhx
1KpwWK3Uh4wUcRHN_hSp_ISoiFp7KXxzM,Entregaveis,1i060klnggK8ECKjtCO5Gq4rsjoBXE0Pc,2026,0,99_REVIEW,156bSZj5fqG0pi7SFNFLriuX0hhLPmtnl,0%,sem sinal,https://drive.google.com/drive/folders/1KpwWK3Uh4wUcRHN_hSp_ISoiFp7KXxzM
1lPWMXP8L3zsTi4W0sOJ7t2RmkHfqRAQa,Sessoes,1i060klnggK8ECKjtCO5Gq4rsjoBXE0Pc,2026,0,99_REVIEW,156bSZj5fqG0pi7SFNFLriuX0hhLPmtnl,0%,sem sinal,https://drive.google.com/drive/folders/1lPWMXP8L3zsTi4W0sOJ7t2RmkHfqRAQa
1hVh2u0ulZFVHlMjIFjSKGRzjqNOEUKSt,Sessoes,1IyTM_KczpJlDm7sLgvEv4RHdtdl4XZxL,2026,0,99_REVIEW,156bSZj5fqG0pi7SFNFLriuX0hhLPmtnl,0%,sem sinal,https://drive.google.com/drive/folders/1hVh2u0ulZFVHlMjIFjSKGRzjqNOEUKSt
1KZMhKy3RHGu9ytMcKHwYucgS2GWsfQ3Z,Entregaveis,1IyTM_KczpJlDm7sLgvEv4RHdtdl4XZxL,2026,0,99_REVIEW,156bSZj5fqG0pi7SFNFLriuX0hhLPmtnl,0%,sem sinal,https://drive.google.com/drive/folders/1KZMhKy3RHGu9ytMcKHwYucgS2GWsfQ3Z
16iuiGkHAHjz7Tg-Q6KDEuI2GiRfBkiz9,Sessoes,1RRWe83uEa3FhNVzAEH-f2sOCLqyJwAn6,2026,0,99_REVIEW,156bSZj5fqG0pi7SFNFLriuX0hhLPmtnl,0%,sem sinal,https://drive.google.com/drive/folders/16iuiGkHAHjz7Tg-Q6KDEuI2GiRfBkiz9
1rbfxQOesePLuaHI0Oq_oe_dWvckd84vv,Entregaveis,1RRWe83uEa3FhNVzAEH-f2sOCLqyJwAn6,2026,0,99_REVIEW,156bSZj5fqG0pi7SFNFLriuX0hhLPmtnl,0%,sem sinal,https://drive.google.com/drive/folders/1rbfxQOesePLuaHI0Oq_oe_dWvckd84vv
1hSkD1B0QTCpAgD20VgSXCYzHDfkgOOHQ,Entregaveis,1DMYjaIb08IGmNOBgObqsYBhsath-fZE3,2026,0,99_REVIEW,156bSZj5fqG0pi7SFNFLriuX0hhLPmtnl,0%,sem sinal,https://drive.google.com/drive/folders/1hSkD1B0QTCpAgD20VgSXCYzHDfkgOOHQ
1-BrtR3TmVhdnmIYsRydu38llYDONoUIQ,Sessoes,1DMYjaIb08IGmNOBgObqsYBhsath-fZE3,2026,0,99_REVIEW,156bSZj5fqG0pi7SFNFLriuX0hhLPmtnl,0%,sem sinal,https://drive.google.com/drive/folders/1-BrtR3TmVhdnmIYsRydu38llYDONoUIQ
1HSCYBNHzOc-mliHxA_PSlGfqejtKltKN,Entregaveis,1ZwhKEjFJFpgry5J2TN01lhIxEagpGlEd,2026,0,99_REVIEW,156bSZj5fqG0pi7SFNFLriuX0hhLPmtnl,0%,sem sinal,https://drive.google.com/drive/folders/1HSCYBNHzOc-mliHxA_PSlGfqejtKltKN
1eUljMMqZS5cpCObATCqm9PizGzEnP7PI,Sessoes,1ZwhKEjFJFpgry5J2TN01lhIxEagpGlEd,2026,0,99_REVIEW,156bSZj5fqG0pi7SFNFLriuX0hhLPmtnl,0%,sem sinal,https://drive.google.com/drive/folders/1eUljMMqZS5cpCObATCqm9PizGzEnP7PI
1owU0_kRoJPgNeV9UBkBYbFb5IULrJTBS,Sessoes,1rRMPqFenoqcW7afoDi5M3FqSHHLKKyiX,2026,0,99_REVIEW,156bSZj5fqG0pi7SFNFLriuX0hhLPmtnl,0%,sem sinal,https://drive.google.com/drive/folders/1owU0_kRoJPgNeV9UBkBYbFb5IULrJTBS
1W7zF_rds7fTwXLFxkL5wFH3cUThgOx-b,Entregaveis,1rRMPqFenoqcW7afoDi5M3FqSHHLKKyiX,2026,0,99_REVIEW,156bSZj5fqG0pi7SFNFLriuX0hhLPmtnl,0%,sem sinal,https://drive.google.com/drive/folders/1W7zF_rds7fTwXLFxkL5wFH3cUThgOx-b
1urRR-8U_EHUUzIn4VrN76lHVD4gI5XKT,Sessoes,1TyxiMGlvB7nf0AqAhVqrgRI66VSh8NyR,2026,0,99_REVIEW,156bSZj5fqG0pi7SFNFLriuX0hhLPmtnl,0%,sem sinal,https://drive.google.com/drive/folders/1urRR-8U_EHUUzIn4VrN76lHVD4gI5XKT
11X-nLuKBdZlRPFWtwT07FPwVhkHPeKsb,Entregaveis,1TyxiMGlvB7nf0AqAhVqrgRI66VSh8NyR,2026,0,99_REVIEW,156bSZj5fqG0pi7SFNFLriuX0hhLPmtnl,0%,sem sinal,https://drive.google.com/drive/folders/11X-nLuKBdZlRPFWtwT07FPwVhkHPeKsb
1YluaPJ2QJ4AeiivFNi7lYtZ6kxtnyaLx,Entregaveis,1XKOFme1GRg9m1qDIU4hrqKMrErOW8C2Z,2026,0,99_REVIEW,156bSZj5fqG0pi7SFNFLriuX0hhLPmtnl,0%,sem sinal,https://drive.google.com/drive/folders/1YluaPJ2QJ4AeiivFNi7lYtZ6kxtnyaLx
13C1jjvV4wzqEdPVpllSBWLxIS5JSwFvW,Sessoes,1XKOFme1GRg9m1qDIU4hrqKMrErOW8C2Z,2026,0,99_REVIEW,156bSZj5fqG0pi7SFNFLriuX0hhLPmtnl,0%,sem sinal,https://drive.google.com/drive/folders/13C1jjvV4wzqEdPVpllSBWLxIS5JSwFvW
1yG34CyEkpZeMlsvsfq1A5lQE8Daq-RpH,Sessoes,1zDHVpD5elj6NVFmcatdttqG27IG4HMLl,2026,0,99_REVIEW,156bSZj5fqG0pi7SFNFLriuX0hhLPmtnl,0%,sem sinal,https://drive.google.com/drive/folders/1yG34CyEkpZeMlsvsfq1A5lQE8Daq-RpH
1ujaW1NFSXwVxRBm7-JfZTM1OK8AUmpVt,Entregaveis,1zDHVpD5elj6NVFmcatdttqG27IG4HMLl,2026,0,99_REVIEW,156bSZj5fqG0pi7SFNFLriuX0hhLPmtnl,0%,sem sinal,https://drive.google.com/drive/folders/1ujaW1NFSXwVxRBm7-JfZTM1OK8AUmpVt
1XdFOUxGJeZevxCBIyMWjflzBhMBEtTQV,Sessoes,1WIgmZ5jFemf_81AFKhQEPXsyxZJCubUw,2026,0,99_REVIEW,156bSZj5fqG0pi7SFNFLriuX0hhLPmtnl,0%,sem sinal,https://drive.google.com/drive/folders/1XdFOUxGJeZevxCBIyMWjflzBhMBEtTQV
18RhzCu0wHQOR-im_mt3P1svDru9WOSDB,Entregaveis,1WIgmZ5jFemf_81AFKhQEPXsyxZJCubUw,2026,0,99_REVIEW,156bSZj5fqG0pi7SFNFLriuX0hhLPmtnl,0%,sem sinal,https://drive.google.com/drive/folders/18RhzCu0wHQOR-im_mt3P1svDru9WOSDB
1sHKpSmbywelLKJlJ1ILfUTjYjSQCiclm,MT.OS,0ADCGhLBiAQxcUk9PVA,2026,1,20_PROJECTS/MT.OS,1eXAXMf-Mb1Edl2qlMw8x3MHDPdSxSnf1,100%,override: '\b(mt\.?os)\b',https://drive.google.com/drive/folders/1sHKpSmbywelLKJlJ1ILfUTjYjSQCiclm
1eGfozWBgAk7ZQ0UIVqkHbs0o95a-EtQk,_Entregaveis,1DMYjaIb08IGmNOBgObqsYBhsath-fZE3,2026,0,99_REVIEW,156bSZj5fqG0pi7SFNFLriuX0hhLPmtnl,0%,sem sinal,https://drive.google.com/drive/folders/1eGfozWBgAk7ZQ0UIVqkHbs0o95a-EtQk
1OK8YQy50ur_yQFcjkwb3sdde2f14t4qh,_Entregaveis,1zDHVpD5elj6NVFmcatdttqG27IG4HMLl,2026,0,99_REVIEW,156bSZj5fqG0pi7SFNFLriuX0hhLPmtnl,0%,sem sinal,https://drive.google.com/drive/folders/1OK8YQy50ur_yQFcjkwb3sdde2f14t4qh
1d4QEWIHsboYqw9V0mcQc6QXisX7GXfwu,_Entregaveis,1QtxJ7QHVgYAkT1xb3nYB416x8H27PMGv,2026,0,99_REVIEW,156bSZj5fqG0pi7SFNFLriuX0hhLPmtnl,0%,sem sinal,https://drive.google.com/drive/folders/1d4QEWIHsboYqw9V0mcQc6QXisX7GXfwu
1CpSeZE7uZk1mLRqyP1iSTWviSRlj7MO2,_Entregaveis,1i060klnggK8ECKjtCO5Gq4rsjoBXE0Pc,2026,0,99_REVIEW,156bSZj5fqG0pi7SFNFLriuX0hhLPmtnl,0%,sem sinal,https://drive.google.com/drive/folders/1CpSeZE7uZk1mLRqyP1iSTWviSRlj7MO2
1CsRoMm-sxgvLlaxkEjvhu8gXCsv28DmZ,_Entregaveis,157nSosq2T1fc7Fzx3D-HUG_9Mb4SuSAB,2026,0,99_REVIEW,156bSZj5fqG0pi7SFNFLriuX0hhLPmtnl,0%,sem sinal,https://drive.google.com/drive/folders/1CsRoMm-sxgvLlaxkEjvhu8gXCsv28DmZ
1ZlS7J82T5iERoTrBueAjLIotmiaoqWSb,_Entregaveis,1lyYnfYHLnFzvomn04oZKQhswHYw65YDh,2026,0,99_REVIEW,156bSZj5fqG0pi7SFNFLriuX0hhLPmtnl,0%,sem sinal,https://drive.google.com/drive/folders/1ZlS7J82T5iERoTrBueAjLIotmiaoqWSb
1BVIvwFpFuQubKI613BADAwoNQ8P1QavF,_Entregaveis,1I-5sW1fJwYpHbJiyUxd4Y4MRCbRKolRI,2026,0,99_REVIEW,156bSZj5fqG0pi7SFNFLriuX0hhLPmtnl,0%,sem sinal,https://drive.google.com/drive/folders/1BVIvwFpFuQubKI613BADAwoNQ8P1QavF
1cL0snmXEn6eMWWmGHANRYl4qOhkwZbVY,_Entregaveis,1XKOFme1GRg9m1qDIU4hrqKMrErOW8C2Z,2026,0,99_REVIEW,156bSZj5fqG0pi7SFNFLriuX0hhLPmtnl,0%,sem sinal,https://drive.google.com/drive/folders/1cL0snmXEn6eMWWmGHANRYl4qOhkwZbVY
1PKeucQIOJja91U8zqq4OxLDtovIEUCxD,_Entregaveis,1IyTM_KczpJlDm7sLgvEv4RHdtdl4XZxL,2026,0,99_REVIEW,156bSZj5fqG0pi7SFNFLriuX0hhLPmtnl,0%,sem sinal,https://drive.google.com/drive/folders/1PKeucQIOJja91U8zqq4OxLDtovIEUCxD
1DWQNqcgIJgcM8ozLv-4lWbPmFL_xDy0z,_Entregaveis,1rRMPqFenoqcW7afoDi5M3FqSHHLKKyiX,2026,0,99_REVIEW,156bSZj5fqG0pi7SFNFLriuX0hhLPmtnl,0%,sem sinal,https://drive.google.com/drive/folders/1DWQNqcgIJgcM8ozLv-4lWbPmFL_xDy0z
1MDuz8qBHOuI-RM_-LlYXX56GWSRScqrB,_Entregaveis,1WIgmZ5jFemf_81AFKhQEPXsyxZJCubUw,2026,0,99_REVIEW,156bSZj5fqG0pi7SFNFLriuX0hhLPmtnl,0%,sem sinal,https://drive.google.com/drive/folders/1MDuz8qBHOuI-RM_-LlYXX56GWSRScqrB
1TSJh2ENLRj60Zam9gj1pbe2GUT8X9seX,_Entregaveis,1RRWe83uEa3FhNVzAEH-f2sOCLqyJwAn6,2026,0,99_REVIEW,156bSZj5fqG0pi7SFNFLriuX0hhLPmtnl,0%,sem sinal,https://drive.google.com/drive/folders/1TSJh2ENLRj60Zam9gj1pbe2GUT8X9seX
1xFpjw_llbKEgEcmrdsZbvQxarabPUQ2D,_Entregaveis,1TyxiMGlvB7nf0AqAhVqrgRI66VSh8NyR,2026,0,99_REVIEW,156bSZj5fqG0pi7SFNFLriuX0hhLPmtnl,0%,sem sinal,https://drive.google.com/drive/folders/1xFpjw_llbKEgEcmrdsZbvQxarabPUQ2D
1FXmsgpGS7KdwFgoEW2sO7oPkPkIj8xez,_Entregaveis,1ZwhKEjFJFpgry5J2TN01lhIxEagpGlEd,2026,0,99_REVIEW,156bSZj5fqG0pi7SFNFLriuX0hhLPmtnl,0%,sem sinal,https://drive.google.com/drive/folders/1FXmsgpGS7KdwFgoEW2sO7oPkPkIj8xez
1zDHVpD5elj6NVFmcatdttqG27IG4HMLl,[MT-002] Wilson,1zhERvZpo1HgZCmSYD2qbPhcYE6x7dKk1,2026,1,99_REVIEW,156bSZj5fqG0pi7SFNFLriuX0hhLPmtnl,0%,sem sinal,https://drive.google.com/drive/folders/1zDHVpD5elj6NVFmcatdttqG27IG4HMLl
1DMYjaIb08IGmNOBgObqsYBhsath-fZE3,[MT-006] Fernando Guerra,1zhERvZpo1HgZCmSYD2qbPhcYE6x7dKk1,2026,1,99_REVIEW,156bSZj5fqG0pi7SFNFLriuX0hhLPmtnl,0%,sem sinal,https://drive.google.com/drive/folders/1DMYjaIb08IGmNOBgObqsYBhsath-fZE3
1QtxJ7QHVgYAkT1xb3nYB416x8H27PMGv,[MT-013] Priscila,1zhERvZpo1HgZCmSYD2qbPhcYE6x7dKk1,2026,1,99_REVIEW,156bSZj5fqG0pi7SFNFLriuX0hhLPmtnl,0%,sem sinal,https://drive.google.com/drive/folders/1QtxJ7QHVgYAkT1xb3nYB416x8H27PMGv
157nSosq2T1fc7Fzx3D-HUG_9Mb4SuSAB,[MT-007] Samuel,1zhERvZpo1HgZCmSYD2qbPhcYE6x7dKk1,2026,1,99_REVIEW,156bSZj5fqG0pi7SFNFLriuX0hhLPmtnl,0%,sem sinal,https://drive.google.com/drive/folders/157nSosq2T1fc7Fzx3D-HUG_9Mb4SuSAB
1lyYnfYHLnFzvomn04oZKQhswHYw65YDh,[MT-001] Liz,1zhERvZpo1HgZCmSYD2qbPhcYE6x7dKk1,2026,1,99_REVIEW,156bSZj5fqG0pi7SFNFLriuX0hhLPmtnl,0%,sem sinal,https://drive.google.com/drive/folders/1lyYnfYHLnFzvomn04oZKQhswHYw65YDh
1i060klnggK8ECKjtCO5Gq4rsjoBXE0Pc,[MT-003] Paulo,1zhERvZpo1HgZCmSYD2qbPhcYE6x7dKk1,2026,1,99_REVIEW,156bSZj5fqG0pi7SFNFLriuX0hhLPmtnl,0%,sem sinal,https://drive.google.com/drive/folders/1i060klnggK8ECKjtCO5Gq4rsjoBXE0Pc
1XKOFme1GRg9m1qDIU4hrqKMrErOW8C2Z,[MT-009] Helena,1zhERvZpo1HgZCmSYD2qbPhcYE6x7dKk1,2026,1,99_REVIEW,156bSZj5fqG0pi7SFNFLriuX0hhLPmtnl,0%,sem sinal,https://drive.google.com/drive/folders/1XKOFme1GRg9m1qDIU4hrqKMrErOW8C2Z
1I-5sW1fJwYpHbJiyUxd4Y4MRCbRKolRI,[MT-014] Kakaroto,1zhERvZpo1HgZCmSYD2qbPhcYE6x7dKk1,2026,1,99_REVIEW,156bSZj5fqG0pi7SFNFLriuX0hhLPmtnl,0%,sem sinal,https://drive.google.com/drive/folders/1I-5sW1fJwYpHbJiyUxd4Y4MRCbRKolRI
1IyTM_KczpJlDm7sLgvEv4RHdtdl4XZxL,[MT-004] Regiane,1zhERvZpo1HgZCmSYD2qbPhcYE6x7dKk1,2026,1,99_REVIEW,156bSZj5fqG0pi7SFNFLriuX0hhLPmtnl,0%,sem sinal,https://drive.google.com/drive/folders/1IyTM_KczpJlDm7sLgvEv4RHdtdl4XZxL
1rRMPqFenoqcW7afoDi5M3FqSHHLKKyiX,[MT-011] Adriana,1zhERvZpo1HgZCmSYD2qbPhcYE6x7dKk1,2026,1,99_REVIEW,156bSZj5fqG0pi7SFNFLriuX0hhLPmtnl,0%,sem sinal,https://drive.google.com/drive/folders/1rRMPqFenoqcW7afoDi5M3FqSHHLKKyiX
1TyxiMGlvB7nf0AqAhVqrgRI66VSh8NyR,[MT-010] Lucas,1zhERvZpo1HgZCmSYD2qbPhcYE6x7dKk1,2026,1,99_REVIEW,156bSZj5fqG0pi7SFNFLriuX0hhLPmtnl,0%,sem sinal,https://drive.google.com/drive/folders/1TyxiMGlvB7nf0AqAhVqrgRI66VSh8NyR
1RRWe83uEa3FhNVzAEH-f2sOCLqyJwAn6,[MT-005] Joao,1zhERvZpo1HgZCmSYD2qbPhcYE6x7dKk1,2026,1,99_REVIEW,156bSZj5fqG0pi7SFNFLriuX0hhLPmtnl,0%,sem sinal,https://drive.google.com/drive/folders/1RRWe83uEa3FhNVzAEH-f2sOCLqyJwAn6
1ZwhKEjFJFpgry5J2TN01lhIxEagpGlEd,[MT-012] Roberta,1zhERvZpo1HgZCmSYD2qbPhcYE6x7dKk1,2026,1,99_REVIEW,156bSZj5fqG0pi7SFNFLriuX0hhLPmtnl,0%,sem sinal,https://drive.google.com/drive/folders/1ZwhKEjFJFpgry5J2TN01lhIxEagpGlEd
1WIgmZ5jFemf_81AFKhQEPXsyxZJCubUw,[MT-008] Odair,1zhERvZpo1HgZCmSYD2qbPhcYE6x7dKk1,2026,1,99_REVIEW,156bSZj5fqG0pi7SFNFLriuX0hhLPmtnl,0%,sem sinal,https://drive.google.com/drive/folders/1WIgmZ5jFemf_81AFKhQEPXsyxZJCubUw
1VbN-j4u-PeOI0MtUBwDLTxd9YmcA3w9a,Resto-Esparso,1s8P8kSmgs_-rVG4X5G5sq6mDJ2OcPyaT,2026,9,60_MEDIA/Gravacoes,10_ZmnY3AnZts-5J8j1mjyuh6AokYhcdM,57%,score=4.0 conf=57%,https://drive.google.com/drive/folders/1VbN-j4u-PeOI0MtUBwDLTxd9YmcA3w9a
1DDxfiEXQFaeBwBmKFu27tqurM3pNobvA,CRIADOR_MASTERCLASS,1s8P8kSmgs_-rVG4X5G5sq6mDJ2OcPyaT,2026,22,60_MEDIA/Videos,1me7AYaMvDth_2oaOUsKAokzQk5kZHDUK,100%,score=5.0 conf=100%,https://drive.google.com/drive/folders/1DDxfiEXQFaeBwBmKFu27tqurM3pNobvA
1-UhDYPrE_gaQDuB513mu9a-gKyIyRwpt,Videos-Archive-Downloads,0ADCGhLBiAQxcUk9PVA,2026,912,60_MEDIA/Videos,1me7AYaMvDth_2oaOUsKAokzQk5kZHDUK,100%,score=10.0 conf=100%,https://drive.google.com/drive/folders/1-UhDYPrE_gaQDuB513mu9a-gKyIyRwpt
1izBxSz6S3EewELS33vIX15nPTJD0bEAw,_archive,1-yw5rpHVukaEh87icBPGgqwgWwFz3STB,2026,0,80_PERSONAL/Familia,1lpPYh9DVpXkkSxvF-S2CEFCPN12oq0FO,100%,score=24.0 conf=100%,https://drive.google.com/drive/folders/1izBxSz6S3EewELS33vIX15nPTJD0bEAw
159Wnh4jzWjFu5I_8sgRVGR5GEifk-BSX,Mesa-Backups-V2,1s8P8kSmgs_-rVG4X5G5sq6mDJ2OcPyaT,2026,4,00_SYSTEM,1B6aUQRoESqp8o2tarlse5zCgd12Arc5Q,100%,override: '\bbak\s*up|backup|bkp\b',https://drive.google.com/drive/folders/159Wnh4jzWjFu5I_8sgRVGR5GEifk-BSX
1s8P8kSmgs_-rVG4X5G5sq6mDJ2OcPyaT,Outros,120psFjZTE8x-j7CI1_cG4pwQR037ld_w,2026,0,30_AREAS/Corpo,1sKg_cI7ZnP8Ql6YafIOFyfSs7XEwzqM8,67%,score=24.0 conf=67%,https://drive.google.com/drive/folders/1s8P8kSmgs_-rVG4X5G5sq6mDJ2OcPyaT
1_ERXoGejVz0PKPVM3Xyy-CjkHZKUgXmd,2023,1izBxSz6S3EewELS33vIX15nPTJD0bEAw,2026,0,80_PERSONAL/Familia,1lpPYh9DVpXkkSxvF-S2CEFCPN12oq0FO,57%,score=4.0 conf=57%,https://drive.google.com/drive/folders/1_ERXoGejVz0PKPVM3Xyy-CjkHZKUgXmd
10amjz8rjbA6_NV2quZAZR2wQaKjSNDY9,Documentos,1_ERXoGejVz0PKPVM3Xyy-CjkHZKUgXmd,2026,0,99_REVIEW,156bSZj5fqG0pi7SFNFLriuX0hhLPmtnl,0%,sem sinal,https://drive.google.com/drive/folders/10amjz8rjbA6_NV2quZAZR2wQaKjSNDY9
1XypfInreajs6d2m9WRAHdP2sjgotZJz1,MT-Brand,1_ERXoGejVz0PKPVM3Xyy-CjkHZKUgXmd,2026,0,99_REVIEW,156bSZj5fqG0pi7SFNFLriuX0hhLPmtnl,0%,sem sinal,https://drive.google.com/drive/folders/1XypfInreajs6d2m9WRAHdP2sjgotZJz1
1LKr4ZHz0OkwCaoOHspLo54OS0ZPsOgj_,Familia,1_ERXoGejVz0PKPVM3Xyy-CjkHZKUgXmd,2026,0,80_PERSONAL/Familia,1lpPYh9DVpXkkSxvF-S2CEFCPN12oq0FO,100%,score=20.0 conf=100%,https://drive.google.com/drive/folders/1LKr4ZHz0OkwCaoOHspLo54OS0ZPsOgj_
1Ln5H8YNCr6gnwCt6ZIJuIFAgMg-XBOsZ,MT-Pessoal-Gravacoes,1s8P8kSmgs_-rVG4X5G5sq6mDJ2OcPyaT,2026,49,60_MEDIA/Gravacoes,10_ZmnY3AnZts-5J8j1mjyuh6AokYhcdM,57%,score=4.0 conf=57%,https://drive.google.com/drive/folders/1Ln5H8YNCr6gnwCt6ZIJuIFAgMg-XBOsZ
1ugXpmBVXiopLMClQMJhYweV0BPMAYfVq,iPhone-Gravados,1s8P8kSmgs_-rVG4X5G5sq6mDJ2OcPyaT,2026,0,99_REVIEW,156bSZj5fqG0pi7SFNFLriuX0hhLPmtnl,0%,sem sinal,https://drive.google.com/drive/folders/1ugXpmBVXiopLMClQMJhYweV0BPMAYfVq
1NLSQqdfP5ktDUbRPtbLRyTp_A1tw0Evf,Gravacoes-Tela,1s8P8kSmgs_-rVG4X5G5sq6mDJ2OcPyaT,2026,2,60_MEDIA/Gravacoes,10_ZmnY3AnZts-5J8j1mjyuh6AokYhcdM,57%,score=4.0 conf=57%,https://drive.google.com/drive/folders/1NLSQqdfP5ktDUbRPtbLRyTp_A1tw0Evf
1qScQQ9hA2nuESfXIhoAMfTsErBO382jq,Conteudo-Motivacional,1s8P8kSmgs_-rVG4X5G5sq6mDJ2OcPyaT,2026,10,30_AREAS/Observador,1JS6C8Y9czSd2Zyn2poafQ964C3c94VL2,56%,score=5.0 conf=56%,https://drive.google.com/drive/folders/1qScQQ9hA2nuESfXIhoAMfTsErBO382jq
1-rhblEJNxuwlz2V3u_Xun32BvhazYRXB,Downloads-Sem-Nome,1s8P8kSmgs_-rVG4X5G5sq6mDJ2OcPyaT,2026,9,60_MEDIA/Videos,1me7AYaMvDth_2oaOUsKAokzQk5kZHDUK,100%,score=8.0 conf=100%,https://drive.google.com/drive/folders/1-rhblEJNxuwlz2V3u_Xun32BvhazYRXB
1eQYne_ZYX75w1ogLcdpfLdJefe0Kxzeh,Downloads-Original-EDITAR,120psFjZTE8x-j7CI1_cG4pwQR037ld_w,2026,0,99_REVIEW,156bSZj5fqG0pi7SFNFLriuX0hhLPmtnl,0%,sem sinal,https://drive.google.com/drive/folders/1eQYne_ZYX75w1ogLcdpfLdJefe0Kxzeh
1eWwYb4Aqnh_JNedO5SuHjqTVKgRdO8Lu,MT-Esports,120psFjZTE8x-j7CI1_cG4pwQR037ld_w,2026,124,20_PROJECTS/MT_Sports,1RMPhZV0J2QbRd2oAAhteyclJdcvZuPHo,100%,override: '\b(mt[- ]?sports|mt[- ]?esports|fitmoves',https://drive.google.com/drive/folders/1eWwYb4Aqnh_JNedO5SuHjqTVKgRdO8Lu
1adCx86bURgX55Stg79NGZjQo_0kVX3cy,Conteudo-Forte,1OqVC1fLa9NYWUROoJQnWd1uOYvkTwVXd,2026,3,60_MEDIA/Fotos,1XnU-r5_jas_YWvbQnH_-RdcUtXyMT7B0,67%,score=2.0 conf=67%,https://drive.google.com/drive/folders/1adCx86bURgX55Stg79NGZjQo_0kVX3cy
1pzSrV-8l7uQ5S7cuFd-oL-vKZtDdIP0M,Conteudo-Forte,1NzS4ONwyWioFnf6aRNiDPLhG3CqCM-Vm,2026,1,60_MEDIA/Fotos,1XnU-r5_jas_YWvbQnH_-RdcUtXyMT7B0,100%,score=3.0 conf=100%,https://drive.google.com/drive/folders/1pzSrV-8l7uQ5S7cuFd-oL-vKZtDdIP0M
1emYEypkdhqUcR2a-yXotFGAoldvKnhUc,com.mtos.MTDelete,1175A3c5Cqj2zAUaLdAgNfH0v3zZjX5Rs,2026,0,00_SYSTEM,1B6aUQRoESqp8o2tarlse5zCgd12Arc5Q,100%,override: '\b(asset\.resource|output\.layerstack|in',https://drive.google.com/drive/folders/1emYEypkdhqUcR2a-yXotFGAoldvKnhUc
120ePNLNgjMf3xvM2V_ZVEjfvajabYCi0,com.mtos.MTDelete,1D9uRrCp28BDGePdNGM5fi8TQfx2N4J3b,2026,0,00_SYSTEM,1B6aUQRoESqp8o2tarlse5zCgd12Arc5Q,100%,override: '\b(asset\.resource|output\.layerstack|in',https://drive.google.com/drive/folders/120ePNLNgjMf3xvM2V_ZVEjfvajabYCi0
1YFDVhArJOUUhfL2oRYVi_ejqrvCwyNxo,VO2,1q2Shbln4-ZwQgs5rnl2EdHWd5M4jVeEo,2026,0,70_BUSINESS,1g6VsRP42__bKHOj2tqHPPeg-fg2EsGkT,100%,score=3.0 conf=100%,https://drive.google.com/drive/folders/1YFDVhArJOUUhfL2oRYVi_ejqrvCwyNxo
1xwxoadb5cRRm5B8Et6-k5sB4VYCOdJ5a,index.spotlightV3,1lSWv-FHc5wapS5Kn2mV3mc0jyrFcl4nX,2026,155,00_SYSTEM,1B6aUQRoESqp8o2tarlse5zCgd12Arc5Q,100%,score=2.9 conf=100%,https://drive.google.com/drive/folders/1xwxoadb5cRRm5B8Et6-k5sB4VYCOdJ5a
168HkL93aeCR84skBu2oWj27n5Z61QJhJ,44cf5ca2,18FYjKN6uz7lXorJ2vkgWeYSmG5winIsU,2026,0,99_REVIEW,156bSZj5fqG0pi7SFNFLriuX0hhLPmtnl,0%,sem sinal,https://drive.google.com/drive/folders/168HkL93aeCR84skBu2oWj27n5Z61QJhJ
1KUr0JPVF0TWexxp9K0vkpkg3XGKJZ-1I,MUSICAS ,1q2Shbln4-ZwQgs5rnl2EdHWd5M4jVeEo,2026,0,99_REVIEW,156bSZj5fqG0pi7SFNFLriuX0hhLPmtnl,0%,sem sinal,https://drive.google.com/drive/folders/1KUr0JPVF0TWexxp9K0vkpkg3XGKJZ-1I
1q2Shbln4-ZwQgs5rnl2EdHWd5M4jVeEo,HD EXTERNO,13EqIRYPufBEhJbp831YWYYX8topMV8RG,2026,0,30_AREAS/Mente,1pggTB9hPdF7f50-Zzt7f74GWW1I4fqp0,57%,score=40.0 conf=57%,https://drive.google.com/drive/folders/1q2Shbln4-ZwQgs5rnl2EdHWd5M4jVeEo
1b9gaU0GsB_B-Kp0XWAU4JuH4O5o_Q1RH,Viagens,10NjYTD8jUmI3oqTGOkMoGQ_TJHmQOomy,2026,0,99_REVIEW,156bSZj5fqG0pi7SFNFLriuX0hhLPmtnl,0%,sem sinal,https://drive.google.com/drive/folders/1b9gaU0GsB_B-Kp0XWAU4JuH4O5o_Q1RH
1rsmkje-ECXWu544cTgvGVYjxlWGckNdz,Arquivo,10NjYTD8jUmI3oqTGOkMoGQ_TJHmQOomy,2026,223,60_MEDIA/Fotos,1XnU-r5_jas_YWvbQnH_-RdcUtXyMT7B0,100%,score=2.7 conf=100%,https://drive.google.com/drive/folders/1rsmkje-ECXWu544cTgvGVYjxlWGckNdz
1Sch0Ufxoi-4Jvm5tjFcyWCCuvHgSp_dz,Clientes,10NjYTD8jUmI3oqTGOkMoGQ_TJHmQOomy,2026,0,99_REVIEW,156bSZj5fqG0pi7SFNFLriuX0hhLPmtnl,0%,sem sinal,https://drive.google.com/drive/folders/1Sch0Ufxoi-4Jvm5tjFcyWCCuvHgSp_dz
1w81pJ94M0vzcG8fit0blXlnVHowqQcv7,Familia,10NjYTD8jUmI3oqTGOkMoGQ_TJHmQOomy,2026,0,80_PERSONAL/Familia,1lpPYh9DVpXkkSxvF-S2CEFCPN12oq0FO,100%,score=20.0 conf=100%,https://drive.google.com/drive/folders/1w81pJ94M0vzcG8fit0blXlnVHowqQcv7
1OqVC1fLa9NYWUROoJQnWd1uOYvkTwVXd,MT-Brand,160SF2Jidqs05eb_qhan4eNBYjVlle29f,2026,0,60_MEDIA/Fotos,1XnU-r5_jas_YWvbQnH_-RdcUtXyMT7B0,67%,score=2.0 conf=67%,https://drive.google.com/drive/folders/1OqVC1fLa9NYWUROoJQnWd1uOYvkTwVXd
1zu4E1dapnqRU18QmMEFJfGnRB4FYEp5A,Clientes,160SF2Jidqs05eb_qhan4eNBYjVlle29f,2026,0,99_REVIEW,156bSZj5fqG0pi7SFNFLriuX0hhLPmtnl,0%,sem sinal,https://drive.google.com/drive/folders/1zu4E1dapnqRU18QmMEFJfGnRB4FYEp5A
1Y_JktGZ9Pn1JEUpEiWvAzqTdRPbxZGrx,Documentos,160SF2Jidqs05eb_qhan4eNBYjVlle29f,2026,0,99_REVIEW,156bSZj5fqG0pi7SFNFLriuX0hhLPmtnl,0%,sem sinal,https://drive.google.com/drive/folders/1Y_JktGZ9Pn1JEUpEiWvAzqTdRPbxZGrx
1OGtpwag1TBKKEdICmmlCcaSuDJDYPvJr,Familia,160SF2Jidqs05eb_qhan4eNBYjVlle29f,2026,0,80_PERSONAL/Familia,1lpPYh9DVpXkkSxvF-S2CEFCPN12oq0FO,100%,score=20.0 conf=100%,https://drive.google.com/drive/folders/1OGtpwag1TBKKEdICmmlCcaSuDJDYPvJr
14r14pgxbtUSrMl3rH6nA5qJBmT6LG9_j,Arquivo,160SF2Jidqs05eb_qhan4eNBYjVlle29f,2026,13,60_MEDIA/Fotos,1XnU-r5_jas_YWvbQnH_-RdcUtXyMT7B0,100%,score=3.0 conf=100%,https://drive.google.com/drive/folders/14r14pgxbtUSrMl3rH6nA5qJBmT6LG9_j
1_zeDyACJoARAnMbzOcuwHmycqgHDgr97,Documentos,10NjYTD8jUmI3oqTGOkMoGQ_TJHmQOomy,2026,0,99_REVIEW,156bSZj5fqG0pi7SFNFLriuX0hhLPmtnl,0%,sem sinal,https://drive.google.com/drive/folders/1_zeDyACJoARAnMbzOcuwHmycqgHDgr97
17srSPjxeJZWnOxxuOXkdMZRfK12dkteH,Viagens,160SF2Jidqs05eb_qhan4eNBYjVlle29f,2026,0,99_REVIEW,156bSZj5fqG0pi7SFNFLriuX0hhLPmtnl,0%,sem sinal,https://drive.google.com/drive/folders/17srSPjxeJZWnOxxuOXkdMZRfK12dkteH
1fNAjEi2XQLPF-C14ZDCPjFoJekfMryPr,Documentos,1_aMSiRK-oSEmJdaBQt0-HQddE_Ca3H9J,2026,0,99_REVIEW,156bSZj5fqG0pi7SFNFLriuX0hhLPmtnl,0%,sem sinal,https://drive.google.com/drive/folders/1fNAjEi2XQLPF-C14ZDCPjFoJekfMryPr
14XMBI9kQpVelhmeQSs7ey8xKvwWJdI7s,Familia,1_aMSiRK-oSEmJdaBQt0-HQddE_Ca3H9J,2026,0,80_PERSONAL/Familia,1lpPYh9DVpXkkSxvF-S2CEFCPN12oq0FO,100%,score=20.0 conf=100%,https://drive.google.com/drive/folders/14XMBI9kQpVelhmeQSs7ey8xKvwWJdI7s
1NzS4ONwyWioFnf6aRNiDPLhG3CqCM-Vm,MT-Brand,1_aMSiRK-oSEmJdaBQt0-HQddE_Ca3H9J,2026,0,60_MEDIA/Fotos,1XnU-r5_jas_YWvbQnH_-RdcUtXyMT7B0,100%,score=3.0 conf=100%,https://drive.google.com/drive/folders/1NzS4ONwyWioFnf6aRNiDPLhG3CqCM-Vm
1gfS2P7QSZxEcPzxdjhVj9B4EcXuuKqpI,Viagens,1_aMSiRK-oSEmJdaBQt0-HQddE_Ca3H9J,2026,0,99_REVIEW,156bSZj5fqG0pi7SFNFLriuX0hhLPmtnl,0%,sem sinal,https://drive.google.com/drive/folders/1gfS2P7QSZxEcPzxdjhVj9B4EcXuuKqpI
1aK590gdUwDrW0ytDf1Biq0CZEjzBoNYx,Clientes,1_aMSiRK-oSEmJdaBQt0-HQddE_Ca3H9J,2026,0,99_REVIEW,156bSZj5fqG0pi7SFNFLriuX0hhLPmtnl,0%,sem sinal,https://drive.google.com/drive/folders/1aK590gdUwDrW0ytDf1Biq0CZEjzBoNYx
1GvgYEdXWusIo5LF9gkM_EwsjUEcEoHSH,Arquivo,1_aMSiRK-oSEmJdaBQt0-HQddE_Ca3H9J,2026,9,60_MEDIA/Fotos,1XnU-r5_jas_YWvbQnH_-RdcUtXyMT7B0,100%,score=3.0 conf=100%,https://drive.google.com/drive/folders/1GvgYEdXWusIo5LF9gkM_EwsjUEcEoHSH
1v833GRgOfmbTlbQWld-NdhR3BSd0KE7t,Clientes,1_ERXoGejVz0PKPVM3Xyy-CjkHZKUgXmd,2026,0,99_REVIEW,156bSZj5fqG0pi7SFNFLriuX0hhLPmtnl,0%,sem sinal,https://drive.google.com/drive/folders/1v833GRgOfmbTlbQWld-NdhR3BSd0KE7t
1YyseoHdMy9aJJ-hddyy6VhODUEH22eEt,Arquivo,1_ERXoGejVz0PKPVM3Xyy-CjkHZKUgXmd,2026,5,60_MEDIA/Fotos,1XnU-r5_jas_YWvbQnH_-RdcUtXyMT7B0,100%,score=3.0 conf=100%,https://drive.google.com/drive/folders/1YyseoHdMy9aJJ-hddyy6VhODUEH22eEt
1RASaL-KbiSKiGNsexY7qQg59S60kvh3E,Viagens,1_ERXoGejVz0PKPVM3Xyy-CjkHZKUgXmd,2026,0,99_REVIEW,156bSZj5fqG0pi7SFNFLriuX0hhLPmtnl,0%,sem sinal,https://drive.google.com/drive/folders/1RASaL-KbiSKiGNsexY7qQg59S60kvh3E
1gv9s8GFodsCALdFQZDNkFbhjLZfAoyTS,MT-Brand,1nPrRbuwKJRi09xwoeuJD6yJhwuuFl3pj,2026,0,99_REVIEW,156bSZj5fqG0pi7SFNFLriuX0hhLPmtnl,0%,sem sinal,https://drive.google.com/drive/folders/1gv9s8GFodsCALdFQZDNkFbhjLZfAoyTS
1tiP3zQ_YHmNkKnGjBiXXFiX6w8YDOtmA,Clientes,1nPrRbuwKJRi09xwoeuJD6yJhwuuFl3pj,2026,0,99_REVIEW,156bSZj5fqG0pi7SFNFLriuX0hhLPmtnl,0%,sem sinal,https://drive.google.com/drive/folders/1tiP3zQ_YHmNkKnGjBiXXFiX6w8YDOtmA
1RyVlJIgkAqJ_OGIuNrzh13KXN7UzwoMn,Viagens,1nPrRbuwKJRi09xwoeuJD6yJhwuuFl3pj,2026,0,99_REVIEW,156bSZj5fqG0pi7SFNFLriuX0hhLPmtnl,0%,sem sinal,https://drive.google.com/drive/folders/1RyVlJIgkAqJ_OGIuNrzh13KXN7UzwoMn
1Pg_EsCiQ1uU-wR23PiRMKlFQDuIncgW4,Documentos,1nPrRbuwKJRi09xwoeuJD6yJhwuuFl3pj,2026,0,99_REVIEW,156bSZj5fqG0pi7SFNFLriuX0hhLPmtnl,0%,sem sinal,https://drive.google.com/drive/folders/1Pg_EsCiQ1uU-wR23PiRMKlFQDuIncgW4
1PnhAc065nbmurrWtPkBPVnXckRtI1PfX,Arquivo,1nPrRbuwKJRi09xwoeuJD6yJhwuuFl3pj,2026,1,60_MEDIA/Fotos,1XnU-r5_jas_YWvbQnH_-RdcUtXyMT7B0,100%,score=3.0 conf=100%,https://drive.google.com/drive/folders/1PnhAc065nbmurrWtPkBPVnXckRtI1PfX
1Hq21dwYNt7kk43IxY1cZSuxgfcLALLHC,Familia,1nPrRbuwKJRi09xwoeuJD6yJhwuuFl3pj,2026,0,80_PERSONAL/Familia,1lpPYh9DVpXkkSxvF-S2CEFCPN12oq0FO,100%,score=20.0 conf=100%,https://drive.google.com/drive/folders/1Hq21dwYNt7kk43IxY1cZSuxgfcLALLHC
10qrTIcUxhvgLAK-65QR0I1BeNeFOlo5r,MT-Brand,1Ky55Hh0IWdw-0RtUJyuz7JDYsttUqjRe,2026,0,99_REVIEW,156bSZj5fqG0pi7SFNFLriuX0hhLPmtnl,0%,sem sinal,https://drive.google.com/drive/folders/10qrTIcUxhvgLAK-65QR0I1BeNeFOlo5r
1AbtqhkV2ssW76P4zEWGIaYmvyeJe0NSR,Arquivo,1Ky55Hh0IWdw-0RtUJyuz7JDYsttUqjRe,2026,4,60_MEDIA/Fotos,1XnU-r5_jas_YWvbQnH_-RdcUtXyMT7B0,100%,score=2.2 conf=100%,https://drive.google.com/drive/folders/1AbtqhkV2ssW76P4zEWGIaYmvyeJe0NSR
1mmO02hUC0be6yVz9pMeCIPvfoPdznyX1,Clientes,1Ky55Hh0IWdw-0RtUJyuz7JDYsttUqjRe,2026,0,99_REVIEW,156bSZj5fqG0pi7SFNFLriuX0hhLPmtnl,0%,sem sinal,https://drive.google.com/drive/folders/1mmO02hUC0be6yVz9pMeCIPvfoPdznyX1
13hBi_T4uClVldI-u244rXKD8R_Xf2J3l,Viagens,1Ky55Hh0IWdw-0RtUJyuz7JDYsttUqjRe,2026,0,99_REVIEW,156bSZj5fqG0pi7SFNFLriuX0hhLPmtnl,0%,sem sinal,https://drive.google.com/drive/folders/13hBi_T4uClVldI-u244rXKD8R_Xf2J3l
1asS4OZ9HfsWUK9tYwngTHBBWs0SIcDQg,Familia,1Ky55Hh0IWdw-0RtUJyuz7JDYsttUqjRe,2026,0,80_PERSONAL/Familia,1lpPYh9DVpXkkSxvF-S2CEFCPN12oq0FO,100%,score=20.0 conf=100%,https://drive.google.com/drive/folders/1asS4OZ9HfsWUK9tYwngTHBBWs0SIcDQg
1JfQ-r1SyXCRu2DUgi-uUl2L92EIGN8Rr,Documentos,1Ky55Hh0IWdw-0RtUJyuz7JDYsttUqjRe,2026,0,99_REVIEW,156bSZj5fqG0pi7SFNFLriuX0hhLPmtnl,0%,sem sinal,https://drive.google.com/drive/folders/1JfQ-r1SyXCRu2DUgi-uUl2L92EIGN8Rr
1Ky55Hh0IWdw-0RtUJyuz7JDYsttUqjRe,2025,1izBxSz6S3EewELS33vIX15nPTJD0bEAw,2026,0,80_PERSONAL/Familia,1lpPYh9DVpXkkSxvF-S2CEFCPN12oq0FO,64%,score=4.0 conf=64%,https://drive.google.com/drive/folders/1Ky55Hh0IWdw-0RtUJyuz7JDYsttUqjRe
1nPrRbuwKJRi09xwoeuJD6yJhwuuFl3pj,2024,1izBxSz6S3EewELS33vIX15nPTJD0bEAw,2026,0,80_PERSONAL/Familia,1lpPYh9DVpXkkSxvF-S2CEFCPN12oq0FO,57%,score=4.0 conf=57%,https://drive.google.com/drive/folders/1nPrRbuwKJRi09xwoeuJD6yJhwuuFl3pj
10NjYTD8jUmI3oqTGOkMoGQ_TJHmQOomy,2022,1izBxSz6S3EewELS33vIX15nPTJD0bEAw,2026,0,80_PERSONAL/Familia,1lpPYh9DVpXkkSxvF-S2CEFCPN12oq0FO,60%,score=4.0 conf=60%,https://drive.google.com/drive/folders/10NjYTD8jUmI3oqTGOkMoGQ_TJHmQOomy
160SF2Jidqs05eb_qhan4eNBYjVlle29f,2015,1izBxSz6S3EewELS33vIX15nPTJD0bEAw,2026,0,80_PERSONAL/Familia,1lpPYh9DVpXkkSxvF-S2CEFCPN12oq0FO,59%,score=4.0 conf=59%,https://drive.google.com/drive/folders/160SF2Jidqs05eb_qhan4eNBYjVlle29f
1_aMSiRK-oSEmJdaBQt0-HQddE_Ca3H9J,2014,1izBxSz6S3EewELS33vIX15nPTJD0bEAw,2026,0,80_PERSONAL/Familia,1lpPYh9DVpXkkSxvF-S2CEFCPN12oq0FO,57%,score=4.0 conf=57%,https://drive.google.com/drive/folders/1_aMSiRK-oSEmJdaBQt0-HQddE_Ca3H9J
14H9q5_Fg5Y2PwDOqglwW_2OSdSNt_4Lk,tmp,1pV2LZRGSU9UJ5evVufAklazYPLT2z3Ym,2026,0,99_REVIEW,156bSZj5fqG0pi7SFNFLriuX0hhLPmtnl,0%,sem sinal,https://drive.google.com/drive/folders/14H9q5_Fg5Y2PwDOqglwW_2OSdSNt_4Lk
1fDS9jhLfbkdXKHr-Fm7ihaSGwY2flfBW,0BE751A3-53BC-45C3-BABA-259AF3C92B0F,1LbU0I3iBjIC45YWMqntv-_fBvd5THiEU,2026,0,99_REVIEW,156bSZj5fqG0pi7SFNFLriuX0hhLPmtnl,0%,sem sinal,https://drive.google.com/drive/folders/1fDS9jhLfbkdXKHr-Fm7ihaSGwY2flfBW
1XD67QKLrAk1G5gUQMNw8w_sCo7sQF0gd,67E854B1-C459-4DA1-95E1-38B92F7C1D04,1LbU0I3iBjIC45YWMqntv-_fBvd5THiEU,2026,0,99_REVIEW,156bSZj5fqG0pi7SFNFLriuX0hhLPmtnl,0%,sem sinal,https://drive.google.com/drive/folders/1XD67QKLrAk1G5gUQMNw8w_sCo7sQF0gd
1kUeEFhgZa2qOcJeOmj9sl9dic2dGuLDa,681C7E75-6A15-43A2-90FA-4FB183B573AF,1LbU0I3iBjIC45YWMqntv-_fBvd5THiEU,2026,0,99_REVIEW,156bSZj5fqG0pi7SFNFLriuX0hhLPmtnl,0%,sem sinal,https://drive.google.com/drive/folders/1kUeEFhgZa2qOcJeOmj9sl9dic2dGuLDa
1WH4P_rkmBiaoWSzzNSQR2mn5v28JLWVo,2B9DCB81-1917-466A-B7CD-E018A1ED63B4,1LbU0I3iBjIC45YWMqntv-_fBvd5THiEU,2026,0,99_REVIEW,156bSZj5fqG0pi7SFNFLriuX0hhLPmtnl,0%,sem sinal,https://drive.google.com/drive/folders/1WH4P_rkmBiaoWSzzNSQR2mn5v28JLWVo
1gAVKyfl3KiRw1zf9jC0fVdHjzGRy05WE,13810F1F-BA86-41B0-B1E2-2C53EEF03C50,1LbU0I3iBjIC45YWMqntv-_fBvd5THiEU,2026,0,99_REVIEW,156bSZj5fqG0pi7SFNFLriuX0hhLPmtnl,0%,sem sinal,https://drive.google.com/drive/folders/1gAVKyfl3KiRw1zf9jC0fVdHjzGRy05WE
1rRiLp5J5_pcDKQCcuUhjG14EOmaf_LOt,derivatives,1krId4ERYn183VW28kRNl6CUda2vEMnUA,2026,0,99_REVIEW,156bSZj5fqG0pi7SFNFLriuX0hhLPmtnl,0%,sem sinal,https://drive.google.com/drive/folders/1rRiLp5J5_pcDKQCcuUhjG14EOmaf_LOt
1xVoGY_1pWLIV4ctuvO9qe6ryqxbn9AHD,partialvideo,1YaBATNhdkBF9kVEbLbl9BVQ5h_2jhnwk,2026,0,99_REVIEW,156bSZj5fqG0pi7SFNFLriuX0hhLPmtnl,0%,sem sinal,https://drive.google.com/drive/folders/1xVoGY_1pWLIV4ctuvO9qe6ryqxbn9AHD
1_R7mfZO_skrl54GxkzFZ5nxpsmiXLW_2,FILMES ,0ADCGhLBiAQxcUk9PVA,2026,0,99_REVIEW,156bSZj5fqG0pi7SFNFLriuX0hhLPmtnl,0%,sem sinal,https://drive.google.com/drive/folders/1_R7mfZO_skrl54GxkzFZ5nxpsmiXLW_2
1jdbQym6oKOU4XXvGjdOa-S-dyb_rr9CW,5B847404-9617-49BB-82EE-BC30841D9DBB,1LbU0I3iBjIC45YWMqntv-_fBvd5THiEU,2026,0,99_REVIEW,156bSZj5fqG0pi7SFNFLriuX0hhLPmtnl,0%,sem sinal,https://drive.google.com/drive/folders/1jdbQym6oKOU4XXvGjdOa-S-dyb_rr9CW
1ZfsJ3BDCQYLKSrzCci08izXgzLNhaMyY,filecache,1pV2LZRGSU9UJ5evVufAklazYPLT2z3Ym,2026,0,99_REVIEW,156bSZj5fqG0pi7SFNFLriuX0hhLPmtnl,0%,sem sinal,https://drive.google.com/drive/folders/1ZfsJ3BDCQYLKSrzCci08izXgzLNhaMyY
17HtLKPvIZadkjU8buzAmkysrvGxZQNGw,4AF6A128-884D-47D1-B7AC-2C757D0ED1E8,1LbU0I3iBjIC45YWMqntv-_fBvd5THiEU,2026,0,99_REVIEW,156bSZj5fqG0pi7SFNFLriuX0hhLPmtnl,0%,sem sinal,https://drive.google.com/drive/folders/17HtLKPvIZadkjU8buzAmkysrvGxZQNGw
1fZGUxu0L9KrOvwl0p9i9D8bOOI6OjSNU,E224CFD3-3C5B-4FB2-8064-84584D246B01,1LbU0I3iBjIC45YWMqntv-_fBvd5THiEU,2026,0,99_REVIEW,156bSZj5fqG0pi7SFNFLriuX0hhLPmtnl,0%,sem sinal,https://drive.google.com/drive/folders/1fZGUxu0L9KrOvwl0p9i9D8bOOI6OjSNU
17gwIJgAYPLA4ye2sF_pbRJbbt4W7mXcV,AF486BE5-8270-4A3A-86C4-D9242920D208,1LbU0I3iBjIC45YWMqntv-_fBvd5THiEU,2026,1,60_MEDIA/Fotos,1XnU-r5_jas_YWvbQnH_-RdcUtXyMT7B0,100%,score=3.0 conf=100%,https://drive.google.com/drive/folders/17gwIJgAYPLA4ye2sF_pbRJbbt4W7mXcV
1HfXqEljTcnsqKO4uAEPbsvCD4Vhr0oPU,543495E3-0C45-4B12-90C3-FF021DDC7567,1LbU0I3iBjIC45YWMqntv-_fBvd5THiEU,2026,0,99_REVIEW,156bSZj5fqG0pi7SFNFLriuX0hhLPmtnl,0%,sem sinal,https://drive.google.com/drive/folders/1HfXqEljTcnsqKO4uAEPbsvCD4Vhr0oPU
1fYUgyJttq1kuLkZ8P_z6b4wCUWuK-9e2,D692B6D5-773B-4193-80AE-2680ED0C5CDE,1LbU0I3iBjIC45YWMqntv-_fBvd5THiEU,2026,0,99_REVIEW,156bSZj5fqG0pi7SFNFLriuX0hhLPmtnl,0%,sem sinal,https://drive.google.com/drive/folders/1fYUgyJttq1kuLkZ8P_z6b4wCUWuK-9e2
1Wb2tyMoPzWJuIR1uvgy_bOdJ2IglGelF,62661ED5-87A4-41FD-9F30-B1BF063EAB41,1LbU0I3iBjIC45YWMqntv-_fBvd5THiEU,2026,0,99_REVIEW,156bSZj5fqG0pi7SFNFLriuX0hhLPmtnl,0%,sem sinal,https://drive.google.com/drive/folders/1Wb2tyMoPzWJuIR1uvgy_bOdJ2IglGelF
1IV7-tJp4PoLxBBezs2kurT4oqIf5424L,82B39C32-DD70-4EC3-A14E-2711EFF31780,1LbU0I3iBjIC45YWMqntv-_fBvd5THiEU,2026,0,99_REVIEW,156bSZj5fqG0pi7SFNFLriuX0hhLPmtnl,0%,sem sinal,https://drive.google.com/drive/folders/1IV7-tJp4PoLxBBezs2kurT4oqIf5424L
1eHB3U4bW4vc91QLngMa89GlTg1OA17bO,E0ECB557-FC41-45A0-B260-612947C63884,1LbU0I3iBjIC45YWMqntv-_fBvd5THiEU,2026,0,99_REVIEW,156bSZj5fqG0pi7SFNFLriuX0hhLPmtnl,0%,sem sinal,https://drive.google.com/drive/folders/1eHB3U4bW4vc91QLngMa89GlTg1OA17bO
1-hNB8pPHf9PyhmNwC4jccPzuil9iIiQa,AABE9322-B99D-471F-AB9F-D0370D28816E,1LbU0I3iBjIC45YWMqntv-_fBvd5THiEU,2026,0,99_REVIEW,156bSZj5fqG0pi7SFNFLriuX0hhLPmtnl,0%,sem sinal,https://drive.google.com/drive/folders/1-hNB8pPHf9PyhmNwC4jccPzuil9iIiQa
1BTqY-8C5EVUpD7t4VhKnJSPUGv7MyHKO,846ED473-E712-4892-9621-28FCD9D04692,1LbU0I3iBjIC45YWMqntv-_fBvd5THiEU,2026,0,99_REVIEW,156bSZj5fqG0pi7SFNFLriuX0hhLPmtnl,0%,sem sinal,https://drive.google.com/drive/folders/1BTqY-8C5EVUpD7t4VhKnJSPUGv7MyHKO
1tn4cRC4r1l7gJGau1sp26p-hYdt2ggqI,filecache,1hUrCMmkuiav1jYZjE1oQHihkVaudSdf9,2026,0,99_REVIEW,156bSZj5fqG0pi7SFNFLriuX0hhLPmtnl,0%,sem sinal,https://drive.google.com/drive/folders/1tn4cRC4r1l7gJGau1sp26p-hYdt2ggqI
18FYjKN6uz7lXorJ2vkgWeYSmG5winIsU,Cache,1xwxoadb5cRRm5B8Et6-k5sB4VYCOdJ5a,2026,0,99_REVIEW,156bSZj5fqG0pi7SFNFLriuX0hhLPmtnl,0%,sem sinal,https://drive.google.com/drive/folders/18FYjKN6uz7lXorJ2vkgWeYSmG5winIsU
1j3Vq-qDaIvee-QXTMJhRLMra3geQO-lJ,🎥 VIDEOS ,0ADCGhLBiAQxcUk9PVA,2026,6,60_MEDIA/Videos,1me7AYaMvDth_2oaOUsKAokzQk5kZHDUK,100%,score=14.0 conf=100%,https://drive.google.com/drive/folders/1j3Vq-qDaIvee-QXTMJhRLMra3geQO-lJ
1pd3xQrZ22M5ReP5oFuc4ypkPrVkOBtTT,Álbum desconhecido (22-02-2016 19-18-39),1t_R-XB8O-7LZ4J2SJYnNT0fLz__KLdQA,2020,0,90_ARCHIVE,1b2pFAIL6Cgc6e_t-B-GrZFTkTEwB9QFe,0%,pré-2021 sem sinal,https://drive.google.com/drive/folders/1pd3xQrZ22M5ReP5oFuc4ypkPrVkOBtTT
1t_R-XB8O-7LZ4J2SJYnNT0fLz__KLdQA,INTRODUÇAO DA HISTORIA DO PASSADO  ( Ramtha ),10NOOTKxeFXJAHAq7v5890VS-gYgu2xcP,2020,0,90_ARCHIVE,1b2pFAIL6Cgc6e_t-B-GrZFTkTEwB9QFe,0%,pré-2021 sem sinal,https://drive.google.com/drive/folders/1t_R-XB8O-7LZ4J2SJYnNT0fLz__KLdQA
1Hvk1Uy2vdKB8awiFqBv7m98WHG-3uXuN,RAMTHA ORACAO,10NOOTKxeFXJAHAq7v5890VS-gYgu2xcP,2020,0,90_ARCHIVE,1b2pFAIL6Cgc6e_t-B-GrZFTkTEwB9QFe,0%,pré-2021 sem sinal,https://drive.google.com/drive/folders/1Hvk1Uy2vdKB8awiFqBv7m98WHG-3uXuN
10NOOTKxeFXJAHAq7v5890VS-gYgu2xcP,RAMTHA ,1KUr0JPVF0TWexxp9K0vkpkg3XGKJZ-1I,2019,0,90_ARCHIVE,1b2pFAIL6Cgc6e_t-B-GrZFTkTEwB9QFe,0%,pré-2021 sem sinal,https://drive.google.com/drive/folders/10NOOTKxeFXJAHAq7v5890VS-gYgu2xcP
1L4lU1sobTohRq50pHTmTypjddSeaGOW0,Downloads,1i66J4ZDkDH4hmXAjTwr3tiopxqu9hO6y,2026,38,30_AREAS/Mente,1pggTB9hPdF7f50-Zzt7f74GWW1I4fqp0,67%,score=8.0 conf=67%,https://drive.google.com/drive/folders/1L4lU1sobTohRq50pHTmTypjddSeaGOW0
1i66J4ZDkDH4hmXAjTwr3tiopxqu9hO6y,Meu MacBook Air,,2026,0,00_SYSTEM,1B6aUQRoESqp8o2tarlse5zCgd12Arc5Q,100%,override: '\bmeu\s+(imac|macbook|modelo)\b',https://drive.google.com/drive/folders/1i66J4ZDkDH4hmXAjTwr3tiopxqu9hO6y
1j-Ew7jMRD-oxAfxmwliUicmz-sv3swy3,Corria 21 k descalço ,12cYtqv93RikSCOKCwvU6O88WrXDyE2vC,2026,0,50_CREATION,15N8xPKHgfnOww38XZXdmhLYv6VKMiuYY,60%,score=3.0 conf=60%,https://drive.google.com/drive/folders/1j-Ew7jMRD-oxAfxmwliUicmz-sv3swy3
1-07aN5WgdbLXzQWp7MQp5QAQuazW1ENA,Logo,1j-Ew7jMRD-oxAfxmwliUicmz-sv3swy3,2026,0,50_CREATION,15N8xPKHgfnOww38XZXdmhLYv6VKMiuYY,100%,score=15.0 conf=100%,https://drive.google.com/drive/folders/1-07aN5WgdbLXzQWp7MQp5QAQuazW1ENA
11-sS6Wzm306NHm9YrLvoEuESUNCzhMfc,42K IHP,0ADCGhLBiAQxcUk9PVA,2026,0,30_AREAS/Corpo,1sKg_cI7ZnP8Ql6YafIOFyfSs7XEwzqM8,100%,score=20.0 conf=100%,https://drive.google.com/drive/folders/11-sS6Wzm306NHm9YrLvoEuESUNCzhMfc
15z7Z-WIEa11WQP109pSWZ_VIwTMeyd7b,Bino Lopes,1Z4O5364t9lIlXGdmyjOFp-nRPHErkIbn,2026,0,99_REVIEW,156bSZj5fqG0pi7SFNFLriuX0hhLPmtnl,0%,sem sinal,https://drive.google.com/drive/folders/15z7Z-WIEa11WQP109pSWZ_VIwTMeyd7b
1Z4O5364t9lIlXGdmyjOFp-nRPHErkIbn,Atletas,13EqIRYPufBEhJbp831YWYYX8topMV8RG,2026,0,99_REVIEW,156bSZj5fqG0pi7SFNFLriuX0hhLPmtnl,0%,sem sinal,https://drive.google.com/drive/folders/1Z4O5364t9lIlXGdmyjOFp-nRPHErkIbn
1dHAwLvXIoibw1JR1iZNwtCH6y-whqsSo,MEUS DOC,0ADCGhLBiAQxcUk9PVA,2026,0,60_MEDIA/Videos,1me7AYaMvDth_2oaOUsKAokzQk5kZHDUK,76%,score=3.5 conf=76%,https://drive.google.com/drive/folders/1dHAwLvXIoibw1JR1iZNwtCH6y-whqsSo
1EQSfEgjThCWrKznWDGmU1L1tWQAT38yy, PROJETO O LIVRO MT RUN,0ADCGhLBiAQxcUk9PVA,2026,5,40_KNOWLEDGE/Livros,1Cqzk_kuLbncNAVwfs97jSfDSgv2mgIoS,60%,score=30.0 conf=60%,https://drive.google.com/drive/folders/1EQSfEgjThCWrKznWDGmU1L1tWQAT38yy
12wzWIBMxug5LMfDbYjzzmzAPGkIRyHZA,Videos-Exercicios-Comprimidos-5MB,0ADCGhLBiAQxcUk9PVA,2026,0,60_MEDIA/Videos,1me7AYaMvDth_2oaOUsKAokzQk5kZHDUK,100%,score=10.0 conf=100%,https://drive.google.com/drive/folders/12wzWIBMxug5LMfDbYjzzmzAPGkIRyHZA
1G3PXEVrxbzJ8q8REHoQnF9FRKA3Y4pba,KETLEBEL ,1utHj1nb93sErke5mdHOt8wTQKajaaOat,2026,0,99_REVIEW,156bSZj5fqG0pi7SFNFLriuX0hhLPmtnl,0%,sem sinal,https://drive.google.com/drive/folders/1G3PXEVrxbzJ8q8REHoQnF9FRKA3Y4pba
1AG-jO0cnAGfscBaq97CW4V0RstYB66qc,🌠 Captura de Tela ,0ADCGhLBiAQxcUk9PVA,2026,0,60_MEDIA,1Sg3jseMMEDuMo9Fc_Ffr7hDqHlXzIE-A,100%,score=5.0 conf=100%,https://drive.google.com/drive/folders/1AG-jO0cnAGfscBaq97CW4V0RstYB66qc
15vfpNOfJxqDa40FUHs8gCFCYqIeO7Glz,Arquivos_para_deletar,0ADCGhLBiAQxcUk9PVA,2026,0,99_REVIEW,156bSZj5fqG0pi7SFNFLriuX0hhLPmtnl,0%,sem sinal,https://drive.google.com/drive/folders/15vfpNOfJxqDa40FUHs8gCFCYqIeO7Glz
1utHj1nb93sErke5mdHOt8wTQKajaaOat,LIVROS,0ADCGhLBiAQxcUk9PVA,2026,130,40_KNOWLEDGE/Livros,1Cqzk_kuLbncNAVwfs97jSfDSgv2mgIoS,60%,score=6.0 conf=60%,https://drive.google.com/drive/folders/1utHj1nb93sErke5mdHOt8wTQKajaaOat
1SNkiRzhZKOgsLA-E-0H__uxC-AfvZAZR,MTSO_Ponto_Zero_Portal,1PAoBY0_q02BAKMIjxnMHfCEkWy69zoI5,2026,0,99_REVIEW,156bSZj5fqG0pi7SFNFLriuX0hhLPmtnl,0%,sem sinal,https://drive.google.com/drive/folders/1SNkiRzhZKOgsLA-E-0H__uxC-AfvZAZR
1PAoBY0_q02BAKMIjxnMHfCEkWy69zoI5,SITE MT-S0,0ADCGhLBiAQxcUk9PVA,2026,0,99_REVIEW,156bSZj5fqG0pi7SFNFLriuX0hhLPmtnl,0%,sem sinal,https://drive.google.com/drive/folders/1PAoBY0_q02BAKMIjxnMHfCEkWy69zoI5
1vpRyYCWqD1Zvi6uDcikd70LULVmyM19T, PROJETO FILME ,0ADCGhLBiAQxcUk9PVA,2026,3,60_MEDIA/Videos,1me7AYaMvDth_2oaOUsKAokzQk5kZHDUK,64%,score=3.5 conf=64%,https://drive.google.com/drive/folders/1vpRyYCWqD1Zvi6uDcikd70LULVmyM19T
15qFEwx5aMnmG45pgXx-ROA93MovJmVhV,O NEGOCIO,1EQSfEgjThCWrKznWDGmU1L1tWQAT38yy,2026,0,30_AREAS/Mente,1pggTB9hPdF7f50-Zzt7f74GWW1I4fqp0,100%,score=24.0 conf=100%,https://drive.google.com/drive/folders/15qFEwx5aMnmG45pgXx-ROA93MovJmVhV
1aejPSU6-PRwXrK7bOrWqJEUsblUUZflf,IA MT-SO,13EqIRYPufBEhJbp831YWYYX8topMV8RG,2026,0,30_AREAS/Mente,1pggTB9hPdF7f50-Zzt7f74GWW1I4fqp0,100%,score=20.0 conf=100%,https://drive.google.com/drive/folders/1aejPSU6-PRwXrK7bOrWqJEUsblUUZflf
14G3IHK2Y71dORGKwyHMNUCu3XXrjY1zm,Reginea,1Z4O5364t9lIlXGdmyjOFp-nRPHErkIbn,2026,0,99_REVIEW,156bSZj5fqG0pi7SFNFLriuX0hhLPmtnl,0%,sem sinal,https://drive.google.com/drive/folders/14G3IHK2Y71dORGKwyHMNUCu3XXrjY1zm
1B_9lOzvgMEgleHXC0eKRPct8naMXmHvQ,Videos,1j-Ew7jMRD-oxAfxmwliUicmz-sv3swy3,2024,0,60_MEDIA/Videos,1me7AYaMvDth_2oaOUsKAokzQk5kZHDUK,100%,score=10.0 conf=100%,https://drive.google.com/drive/folders/1B_9lOzvgMEgleHXC0eKRPct8naMXmHvQ
1-8baYe75BLSbmZ349lS-QIMMQ-S21OrG,ROTEIRO ,1EQSfEgjThCWrKznWDGmU1L1tWQAT38yy,2023,1,40_KNOWLEDGE,1e5BK2bCjDsqzkl08j6DqFHiXo-y02WJX,67%,score=8.0 conf=67%,https://drive.google.com/drive/folders/1-8baYe75BLSbmZ349lS-QIMMQ-S21OrG
1UmTK5_tVDQCpuLiyMIzsYgU10jOHiIlP,OS MUNDOS ,1-8baYe75BLSbmZ349lS-QIMMQ-S21OrG,2023,0,40_KNOWLEDGE,1e5BK2bCjDsqzkl08j6DqFHiXo-y02WJX,100%,score=2.0 conf=100%,https://drive.google.com/drive/folders/1UmTK5_tVDQCpuLiyMIzsYgU10jOHiIlP
1k7hjZ_3-PP0al7yZLLrZ390GuEoOX-DZ,DUALIDADE,1UmTK5_tVDQCpuLiyMIzsYgU10jOHiIlP,2023,0,99_REVIEW,156bSZj5fqG0pi7SFNFLriuX0hhLPmtnl,0%,sem sinal,https://drive.google.com/drive/folders/1k7hjZ_3-PP0al7yZLLrZ390GuEoOX-DZ
1_uN4C1pZIOCoZaBV_I2V4bFlgrt6KHag,PESQUISA ,1-8baYe75BLSbmZ349lS-QIMMQ-S21OrG,2023,0,40_KNOWLEDGE,1e5BK2bCjDsqzkl08j6DqFHiXo-y02WJX,100%,score=10.0 conf=100%,https://drive.google.com/drive/folders/1_uN4C1pZIOCoZaBV_I2V4bFlgrt6KHag
1pRy52gxgD78FWNXxDc2Qq9L_-ONf8jfI,ESTRATEGIAS ,15qFEwx5aMnmG45pgXx-ROA93MovJmVhV,2023,0,99_REVIEW,156bSZj5fqG0pi7SFNFLriuX0hhLPmtnl,0%,sem sinal,https://drive.google.com/drive/folders/1pRy52gxgD78FWNXxDc2Qq9L_-ONf8jfI
1Me6fQNFxsOX9riYx2JqOQSjAhJ8OUAAp,DINHEIRO,15qFEwx5aMnmG45pgXx-ROA93MovJmVhV,2023,0,99_REVIEW,156bSZj5fqG0pi7SFNFLriuX0hhLPmtnl,0%,sem sinal,https://drive.google.com/drive/folders/1Me6fQNFxsOX9riYx2JqOQSjAhJ8OUAAp
1SudIqFFpppgMYXXNdof-G8xfgjSezPBC,O LIVRO,1EQSfEgjThCWrKznWDGmU1L1tWQAT38yy,2023,0,40_KNOWLEDGE/Livros,1Cqzk_kuLbncNAVwfs97jSfDSgv2mgIoS,100%,score=15.0 conf=100%,https://drive.google.com/drive/folders/1SudIqFFpppgMYXXNdof-G8xfgjSezPBC
1kREepDWm_VgCZc6VkbORcT2w3lSdDvK3,A MATRIX ,1EQSfEgjThCWrKznWDGmU1L1tWQAT38yy,2023,0,60_MEDIA/Fotos,1XnU-r5_jas_YWvbQnH_-RdcUtXyMT7B0,100%,score=2.0 conf=100%,https://drive.google.com/drive/folders/1kREepDWm_VgCZc6VkbORcT2w3lSdDvK3
1OVl6YP6LN59FjAp0It3imtq8v8keNW2H,VIDEIOS ,1kREepDWm_VgCZc6VkbORcT2w3lSdDvK3,2023,0,99_REVIEW,156bSZj5fqG0pi7SFNFLriuX0hhLPmtnl,0%,sem sinal,https://drive.google.com/drive/folders/1OVl6YP6LN59FjAp0It3imtq8v8keNW2H
1INTGVjotBw-nba6L-GnwSPYYitd5c4YJ,POR TRAS DA MATRIX,1kREepDWm_VgCZc6VkbORcT2w3lSdDvK3,2023,0,99_REVIEW,156bSZj5fqG0pi7SFNFLriuX0hhLPmtnl,0%,sem sinal,https://drive.google.com/drive/folders/1INTGVjotBw-nba6L-GnwSPYYitd5c4YJ
1uNzxVprMiZD_82f6G3OieogsT5phTkXN,AUDIOS ,1kREepDWm_VgCZc6VkbORcT2w3lSdDvK3,2023,0,99_REVIEW,156bSZj5fqG0pi7SFNFLriuX0hhLPmtnl,0%,sem sinal,https://drive.google.com/drive/folders/1uNzxVprMiZD_82f6G3OieogsT5phTkXN
1uzQOn3umYOaXf0QETCSG_-npsumhayNX,O EGO ,1kREepDWm_VgCZc6VkbORcT2w3lSdDvK3,2023,0,99_REVIEW,156bSZj5fqG0pi7SFNFLriuX0hhLPmtnl,0%,sem sinal,https://drive.google.com/drive/folders/1uzQOn3umYOaXf0QETCSG_-npsumhayNX
1UGV1QPtNUdnsn4HlNeVX8uDR4i0nFx5_,GUIA ,1EQSfEgjThCWrKznWDGmU1L1tWQAT38yy,2023,5,40_KNOWLEDGE/Livros,1Cqzk_kuLbncNAVwfs97jSfDSgv2mgIoS,77%,score=3.0 conf=77%,https://drive.google.com/drive/folders/1UGV1QPtNUdnsn4HlNeVX8uDR4i0nFx5_
1ELcnAB8Yx3e1flg7ypfMFN_3p79K_g-O,META HUMANO,1EQSfEgjThCWrKznWDGmU1L1tWQAT38yy,2023,13,30_AREAS/Observador,1JS6C8Y9czSd2Zyn2poafQ964C3c94VL2,56%,score=5.0 conf=56%,https://drive.google.com/drive/folders/1ELcnAB8Yx3e1flg7ypfMFN_3p79K_g-O
15jZUaPQt6_ftASHYI7ehf43t90q1wscl,Ramtha,1ELcnAB8Yx3e1flg7ypfMFN_3p79K_g-O,2023,0,99_REVIEW,156bSZj5fqG0pi7SFNFLriuX0hhLPmtnl,0%,sem sinal,https://drive.google.com/drive/folders/15jZUaPQt6_ftASHYI7ehf43t90q1wscl
1GOod2pvIdUwZyKUC5K1lk35gSgb4_oHn,PESQUISA,1ELcnAB8Yx3e1flg7ypfMFN_3p79K_g-O,2023,0,40_KNOWLEDGE,1e5BK2bCjDsqzkl08j6DqFHiXo-y02WJX,100%,score=10.0 conf=100%,https://drive.google.com/drive/folders/1GOod2pvIdUwZyKUC5K1lk35gSgb4_oHn
19Ge1e67Tq-iy0Ok-3WyePaj2wA5rup1q,ESPIRITUALIDADE NA CORRIDA,1ELcnAB8Yx3e1flg7ypfMFN_3p79K_g-O,2023,0,30_AREAS/Observador,1JS6C8Y9czSd2Zyn2poafQ964C3c94VL2,100%,override: '(?<![a-z0-9])espiritualidade.*corrida|(?',https://drive.google.com/drive/folders/19Ge1e67Tq-iy0Ok-3WyePaj2wA5rup1q
1hkS4FxJS-Quk6-CoBwxe14XxTawHk2rf,AS HANILIDADES ,1ELcnAB8Yx3e1flg7ypfMFN_3p79K_g-O,2023,0,99_REVIEW,156bSZj5fqG0pi7SFNFLriuX0hhLPmtnl,0%,sem sinal,https://drive.google.com/drive/folders/1hkS4FxJS-Quk6-CoBwxe14XxTawHk2rf
1v_4g7E8oyE3iA81CbzBGSoBK_dnJjkPH,AUDIO IMPORTANTES  ,1dHAwLvXIoibw1JR1iZNwtCH6y-whqsSo,2023,3,60_MEDIA,1Sg3jseMMEDuMo9Fc_Ffr7hDqHlXzIE-A,100%,score=3.0 conf=100%,https://drive.google.com/drive/folders/1v_4g7E8oyE3iA81CbzBGSoBK_dnJjkPH
1NpzgbmKoMaYxNGre3nxz_nRAr84Js_kE,CONTRATO ALUNOS,1htv9ScimFMAMwvhp8kXY-daRmgIsQMB0,2017,0,70_BUSINESS,1g6VsRP42__bKHOj2tqHPPeg-fg2EsGkT,100%,score=18.0 conf=100%,https://drive.google.com/drive/folders/1NpzgbmKoMaYxNGre3nxz_nRAr84Js_kE
1vOPWD2SOScQKlbj3f8aAeQ5q5cYpQVhF,Odair Garcia,1NpzgbmKoMaYxNGre3nxz_nRAr84Js_kE,2017,0,90_ARCHIVE,1b2pFAIL6Cgc6e_t-B-GrZFTkTEwB9QFe,0%,pré-2021 sem sinal,https://drive.google.com/drive/folders/1vOPWD2SOScQKlbj3f8aAeQ5q5cYpQVhF
1rD1bmRSy8h764htwOA71CKXIN_8jPBTo,Deborah,1NpzgbmKoMaYxNGre3nxz_nRAr84Js_kE,2017,0,90_ARCHIVE,1b2pFAIL6Cgc6e_t-B-GrZFTkTEwB9QFe,0%,pré-2021 sem sinal,https://drive.google.com/drive/folders/1rD1bmRSy8h764htwOA71CKXIN_8jPBTo
16gxPV5_VJT3YkTtuRp82Kuj7u9i21Yj_,RICARDO K,1NpzgbmKoMaYxNGre3nxz_nRAr84Js_kE,2017,0,90_ARCHIVE,1b2pFAIL6Cgc6e_t-B-GrZFTkTEwB9QFe,0%,pré-2021 sem sinal,https://drive.google.com/drive/folders/16gxPV5_VJT3YkTtuRp82Kuj7u9i21Yj_
1Z_vKj-HK298rF_0yLeZSoE6Us5Mqep7R,cama elastica ,118u8Kz4x2VDRZT_oJLREAg5j-ed8QndT,2017,0,90_ARCHIVE,1b2pFAIL6Cgc6e_t-B-GrZFTkTEwB9QFe,0%,pré-2021 sem sinal,https://drive.google.com/drive/folders/1Z_vKj-HK298rF_0yLeZSoE6Us5Mqep7R
11qKWyEFRAERQ_jag8iQbzQ9hRUNtCZ6r,CRM,1YFDVhArJOUUhfL2oRYVi_ejqrvCwyNxo,2017,0,90_ARCHIVE,1b2pFAIL6Cgc6e_t-B-GrZFTkTEwB9QFe,100%,pré-2021 + score baixo (3.0),https://drive.google.com/drive/folders/11qKWyEFRAERQ_jag8iQbzQ9hRUNtCZ6r
1qaoyGlHNjkI0Arr2FLkcjISElXBDV6Xv,Contrato dos professores,11qKWyEFRAERQ_jag8iQbzQ9hRUNtCZ6r,2017,0,70_BUSINESS,1g6VsRP42__bKHOj2tqHPPeg-fg2EsGkT,100%,score=15.0 conf=100%,https://drive.google.com/drive/folders/1qaoyGlHNjkI0Arr2FLkcjISElXBDV6Xv
1YziQ68ztXJAd-xiYuox2K8dsG4-4CmSc,Metodo,1YFDVhArJOUUhfL2oRYVi_ejqrvCwyNxo,2017,0,90_ARCHIVE,1b2pFAIL6Cgc6e_t-B-GrZFTkTEwB9QFe,0%,pré-2021 sem sinal,https://drive.google.com/drive/folders/1YziQ68ztXJAd-xiYuox2K8dsG4-4CmSc
1yHSlEs_-MLwEC2s-ptl8ojRBA8fo-SpG,output.layerStack,14oa7UAXpnJLwTqBuITd5DiZYYaQqfsUd,2026,0,00_SYSTEM,1B6aUQRoESqp8o2tarlse5zCgd12Arc5Q,100%,override: '\b(asset\.resource|output\.layerstack|in',https://drive.google.com/drive/folders/1yHSlEs_-MLwEC2s-ptl8ojRBA8fo-SpG
1PVxruB3qQMSrmf0WjbNoD24cnV2nI3cv,asset.resource,1uxTHwFsshv6mBxGdQ-supxA3ueFVG2RH,2026,0,00_SYSTEM,1B6aUQRoESqp8o2tarlse5zCgd12Arc5Q,100%,override: '\b(asset\.resource|output\.layerstack|in',https://drive.google.com/drive/folders/1PVxruB3qQMSrmf0WjbNoD24cnV2nI3cv
1uxTHwFsshv6mBxGdQ-supxA3ueFVG2RH,input.segmentation,14oa7UAXpnJLwTqBuITd5DiZYYaQqfsUd,2026,0,00_SYSTEM,1B6aUQRoESqp8o2tarlse5zCgd12Arc5Q,100%,override: '\b(asset\.resource|output\.layerstack|in',https://drive.google.com/drive/folders/1uxTHwFsshv6mBxGdQ-supxA3ueFVG2RH
14oa7UAXpnJLwTqBuITd5DiZYYaQqfsUd,9A7FE514-3861-4101-83F3-8193A8C74B8D,1eews5r4DW_SnfnROnDOfnVPVRDDH1jcj,2026,0,00_SYSTEM,1B6aUQRoESqp8o2tarlse5zCgd12Arc5Q,67%,score=6.0 conf=67%,https://drive.google.com/drive/folders/14oa7UAXpnJLwTqBuITd5DiZYYaQqfsUd
1eews5r4DW_SnfnROnDOfnVPVRDDH1jcj,FeaturedPhoto|B39758C9-F52F-4CB0-8E02-EF45172D7C56,1y1ifXo_sLkkbXG1CiRp9GnVwfWHLZzPd,2026,0,60_MEDIA/Fotos,1XnU-r5_jas_YWvbQnH_-RdcUtXyMT7B0,62%,score=10.0 conf=62%,https://drive.google.com/drive/folders/1eews5r4DW_SnfnROnDOfnVPVRDDH1jcj
1SwxuxAEaXFdZ4Wycwvhkc0vu0_Q0XU5f,C372CC25-1773-47D4-8965-7325231D2AAA,1TOzBRU-HE_1fn8LuxfqiUc3l9Cs8bPYr,2026,0,99_REVIEW,156bSZj5fqG0pi7SFNFLriuX0hhLPmtnl,0%,sem sinal,https://drive.google.com/drive/folders/1SwxuxAEaXFdZ4Wycwvhkc0vu0_Q0XU5f
17UAcDNISCGYDishn7itCZ8cqgRO2VY9-,5C96C630-9CC1-456E-AEBC-50850D795113,1rVmgCj_xfT506Z4ydbflm4253JIM1D70,2026,0,99_REVIEW,156bSZj5fqG0pi7SFNFLriuX0hhLPmtnl,0%,sem sinal,https://drive.google.com/drive/folders/17UAcDNISCGYDishn7itCZ8cqgRO2VY9-
1LkHMmcKXGt81UMU8_pany5JFOqW1RgOS,B3731FAC-B7C3-483A-98F9-4871E22B0ECA,11ocrZ9Hk7c_XKybmA7I2mKzx3O45D-BB,2026,0,99_REVIEW,156bSZj5fqG0pi7SFNFLriuX0hhLPmtnl,0%,sem sinal,https://drive.google.com/drive/folders/1LkHMmcKXGt81UMU8_pany5JFOqW1RgOS
1TvNPbwT784fIxBjl0flLUuZGcqLfY6Db,706D065C-DBEA-42F9-8AB9-41D91C4CEE7A,1m5CYF-lFxZ8c5HGoNUkTI9gMnOtJ0e2V,2026,0,99_REVIEW,156bSZj5fqG0pi7SFNFLriuX0hhLPmtnl,0%,sem sinal,https://drive.google.com/drive/folders/1TvNPbwT784fIxBjl0flLUuZGcqLfY6Db
1OraIMzRvmxWOclJ1kvgh7ppPNnhkkLIr,47D46F28-2BBE-4094-9C9D-59631993B567,10Y5O0m8Rh2OubE0Nch9Iwgu4ptdGFjPu,2026,0,99_REVIEW,156bSZj5fqG0pi7SFNFLriuX0hhLPmtnl,0%,sem sinal,https://drive.google.com/drive/folders/1OraIMzRvmxWOclJ1kvgh7ppPNnhkkLIr
1k6eVSPYL8qmpY39RX-z7DEg08IHWFXNp,18F81CB4-343B-4076-9C3F-1EA522BE0489,1DZv_AiXUYng8wRntza4vxPsoRrz3UTDm,2026,0,99_REVIEW,156bSZj5fqG0pi7SFNFLriuX0hhLPmtnl,0%,sem sinal,https://drive.google.com/drive/folders/1k6eVSPYL8qmpY39RX-z7DEg08IHWFXNp
10WLAxvIvtgfoo7-xULCC73F_bHJq4xhC,BCFAAC3F-5AE9-42F2-BAC7-2E86136C50BC,11ocrZ9Hk7c_XKybmA7I2mKzx3O45D-BB,2026,0,99_REVIEW,156bSZj5fqG0pi7SFNFLriuX0hhLPmtnl,0%,sem sinal,https://drive.google.com/drive/folders/10WLAxvIvtgfoo7-xULCC73F_bHJq4xhC
1JNFygmWEujsmdQUjFYrsk75O_uXowYU7,64A5F4CC-11F6-4BFB-ACD3-74CE5770A3CC,1M1A9xrHBbdh7AYkBXAdibMAt3dflyZ1o,2026,0,99_REVIEW,156bSZj5fqG0pi7SFNFLriuX0hhLPmtnl,0%,sem sinal,https://drive.google.com/drive/folders/1JNFygmWEujsmdQUjFYrsk75O_uXowYU7
1f6qhFLuDg_EhsdNadU6joE3Hlytvde2y,AC85D167-D893-43A2-9F5C-0DEEE6E108AB,1cEzfwzdpm45bKMpH9KwWfXt7KN9vQrH9,2026,0,99_REVIEW,156bSZj5fqG0pi7SFNFLriuX0hhLPmtnl,0%,sem sinal,https://drive.google.com/drive/folders/1f6qhFLuDg_EhsdNadU6joE3Hlytvde2y
1cEzfwzdpm45bKMpH9KwWfXt7KN9vQrH9,A,10cnasjctKWIIIneIY2IDCnkgRuE_mQmI,2026,0,60_MEDIA/Fotos,1XnU-r5_jas_YWvbQnH_-RdcUtXyMT7B0,100%,score=3.0 conf=100%,https://drive.google.com/drive/folders/1cEzfwzdpm45bKMpH9KwWfXt7KN9vQrH9
13jH7ccKDzJBGnNmESwm0D-RQOp3mdoNd,7DE46738-6BCB-4A4A-8BC1-553519782264,1m5CYF-lFxZ8c5HGoNUkTI9gMnOtJ0e2V,2026,0,99_REVIEW,156bSZj5fqG0pi7SFNFLriuX0hhLPmtnl,0%,sem sinal,https://drive.google.com/drive/folders/13jH7ccKDzJBGnNmESwm0D-RQOp3mdoNd
1m5CYF-lFxZ8c5HGoNUkTI9gMnOtJ0e2V,7,10cnasjctKWIIIneIY2IDCnkgRuE_mQmI,2026,0,60_MEDIA/Fotos,1XnU-r5_jas_YWvbQnH_-RdcUtXyMT7B0,100%,score=3.0 conf=100%,https://drive.google.com/drive/folders/1m5CYF-lFxZ8c5HGoNUkTI9gMnOtJ0e2V
1k2zVlHY3AOvv6UE1ONRWhI_pl-5caj5Z,BDBAF1FA-CD61-4987-9397-41B3496A3B87,11ocrZ9Hk7c_XKybmA7I2mKzx3O45D-BB,2026,0,99_REVIEW,156bSZj5fqG0pi7SFNFLriuX0hhLPmtnl,0%,sem sinal,https://drive.google.com/drive/folders/1k2zVlHY3AOvv6UE1ONRWhI_pl-5caj5Z
11ocrZ9Hk7c_XKybmA7I2mKzx3O45D-BB,B,10cnasjctKWIIIneIY2IDCnkgRuE_mQmI,2026,0,60_MEDIA/Fotos,1XnU-r5_jas_YWvbQnH_-RdcUtXyMT7B0,100%,score=3.0 conf=100%,https://drive.google.com/drive/folders/11ocrZ9Hk7c_XKybmA7I2mKzx3O45D-BB
1wpprnddDwSxnfOIB6xeJAiDcyneP4hSV,958D2727-F988-4EE0-A214-A9B65C1F824A,1_ohyDibvcE2VzYscfSVAD40Ypl1u2nIU,2026,0,99_REVIEW,156bSZj5fqG0pi7SFNFLriuX0hhLPmtnl,0%,sem sinal,https://drive.google.com/drive/folders/1wpprnddDwSxnfOIB6xeJAiDcyneP4hSV
1_ohyDibvcE2VzYscfSVAD40Ypl1u2nIU,9,10cnasjctKWIIIneIY2IDCnkgRuE_mQmI,2026,0,60_MEDIA/Fotos,1XnU-r5_jas_YWvbQnH_-RdcUtXyMT7B0,100%,score=3.0 conf=100%,https://drive.google.com/drive/folders/1_ohyDibvcE2VzYscfSVAD40Ypl1u2nIU
1gSDRAf6II-n42Sn9z2qg7csx0NDekE8u,8A5B2A49-B887-40E9-B86B-D60CEF2BAC74,1EV45DGblDgDKVuZ7Xaj3YuBBrE1QSeXB,2026,0,99_REVIEW,156bSZj5fqG0pi7SFNFLriuX0hhLPmtnl,0%,sem sinal,https://drive.google.com/drive/folders/1gSDRAf6II-n42Sn9z2qg7csx0NDekE8u
1IqU5FKKHFQCFlwLdCOdjFOfAB9QosEpV,B64D75AF-E8B5-46EF-B912-CD0B412C1259,11ocrZ9Hk7c_XKybmA7I2mKzx3O45D-BB,2026,0,99_REVIEW,156bSZj5fqG0pi7SFNFLriuX0hhLPmtnl,0%,sem sinal,https://drive.google.com/drive/folders/1IqU5FKKHFQCFlwLdCOdjFOfAB9QosEpV
1EV45DGblDgDKVuZ7Xaj3YuBBrE1QSeXB,8,10cnasjctKWIIIneIY2IDCnkgRuE_mQmI,2026,0,60_MEDIA/Fotos,1XnU-r5_jas_YWvbQnH_-RdcUtXyMT7B0,100%,score=3.0 conf=100%,https://drive.google.com/drive/folders/1EV45DGblDgDKVuZ7Xaj3YuBBrE1QSeXB
14aNPywqUpLrSEEA-u83wWIvfPkgxbGKB,DE8AA305-7EE5-4B9E-9F72-C4492764FA4B,1cNHEd-05Kgfk1IPB9rWNCMGLOw1EC2Dp,2026,0,99_REVIEW,156bSZj5fqG0pi7SFNFLriuX0hhLPmtnl,0%,sem sinal,https://drive.google.com/drive/folders/14aNPywqUpLrSEEA-u83wWIvfPkgxbGKB
1cNHEd-05Kgfk1IPB9rWNCMGLOw1EC2Dp,D,10cnasjctKWIIIneIY2IDCnkgRuE_mQmI,2026,0,60_MEDIA/Fotos,1XnU-r5_jas_YWvbQnH_-RdcUtXyMT7B0,100%,score=3.0 conf=100%,https://drive.google.com/drive/folders/1cNHEd-05Kgfk1IPB9rWNCMGLOw1EC2Dp
19jelI6r5kpqhGMGl1HJlp3Q_WbG0gn58,9A128C60-A0EF-414F-A5C5-9DB534FC0168,1_ohyDibvcE2VzYscfSVAD40Ypl1u2nIU,2026,0,99_REVIEW,156bSZj5fqG0pi7SFNFLriuX0hhLPmtnl,0%,sem sinal,https://drive.google.com/drive/folders/19jelI6r5kpqhGMGl1HJlp3Q_WbG0gn58
1lcvJbKpu3z2rC6c_Q3DGlWbQBk3JF_sW,96D6820A-E187-4D10-AC4A-AE429D991B91,1_ohyDibvcE2VzYscfSVAD40Ypl1u2nIU,2026,0,99_REVIEW,156bSZj5fqG0pi7SFNFLriuX0hhLPmtnl,0%,sem sinal,https://drive.google.com/drive/folders/1lcvJbKpu3z2rC6c_Q3DGlWbQBk3JF_sW
1nnPpqJkGTdJrXgerq70ml4N9_NLm40bO,D5CA5407-10F2-42B4-904E-EDF2875BEDFC,1cNHEd-05Kgfk1IPB9rWNCMGLOw1EC2Dp,2026,0,99_REVIEW,156bSZj5fqG0pi7SFNFLriuX0hhLPmtnl,0%,sem sinal,https://drive.google.com/drive/folders/1nnPpqJkGTdJrXgerq70ml4N9_NLm40bO
1Erda2g3wGB-xYziMSwSFGgXQ6XF6af-i,CF564BA4-EEF4-4DAD-937D-5559CBF98BC4,1TOzBRU-HE_1fn8LuxfqiUc3l9Cs8bPYr,2026,0,99_REVIEW,156bSZj5fqG0pi7SFNFLriuX0hhLPmtnl,0%,sem sinal,https://drive.google.com/drive/folders/1Erda2g3wGB-xYziMSwSFGgXQ6XF6af-i
1TOzBRU-HE_1fn8LuxfqiUc3l9Cs8bPYr,C,10cnasjctKWIIIneIY2IDCnkgRuE_mQmI,2026,0,60_MEDIA/Fotos,1XnU-r5_jas_YWvbQnH_-RdcUtXyMT7B0,100%,score=3.0 conf=100%,https://drive.google.com/drive/folders/1TOzBRU-HE_1fn8LuxfqiUc3l9Cs8bPYr
1zwJkIjORsTWdcWpcoh___0zsvSGVpBDB,B930FCE5-034E-47E1-8A8D-395D64A1B890,11ocrZ9Hk7c_XKybmA7I2mKzx3O45D-BB,2026,0,99_REVIEW,156bSZj5fqG0pi7SFNFLriuX0hhLPmtnl,0%,sem sinal,https://drive.google.com/drive/folders/1zwJkIjORsTWdcWpcoh___0zsvSGVpBDB
1PqTFuunuKhEVt2ILRFn48QzsdHB8XPEI,CD6C62C4-0FFF-47C3-A7CA-F6525DD3F571,1TOzBRU-HE_1fn8LuxfqiUc3l9Cs8bPYr,2026,0,99_REVIEW,156bSZj5fqG0pi7SFNFLriuX0hhLPmtnl,0%,sem sinal,https://drive.google.com/drive/folders/1PqTFuunuKhEVt2ILRFn48QzsdHB8XPEI
1h9P4isZDaitXdIRRcC65MW02U7m4sKWu,709BEA24-188D-4924-947C-1EF61161A101,1m5CYF-lFxZ8c5HGoNUkTI9gMnOtJ0e2V,2026,0,99_REVIEW,156bSZj5fqG0pi7SFNFLriuX0hhLPmtnl,0%,sem sinal,https://drive.google.com/drive/folders/1h9P4isZDaitXdIRRcC65MW02U7m4sKWu
1BPLPezBdX9zETPur9iH56_X-TRGas9Gh,D4CBC2E7-CAF2-4EAF-9847-12F33A504E39,1cNHEd-05Kgfk1IPB9rWNCMGLOw1EC2Dp,2026,0,99_REVIEW,156bSZj5fqG0pi7SFNFLriuX0hhLPmtnl,0%,sem sinal,https://drive.google.com/drive/folders/1BPLPezBdX9zETPur9iH56_X-TRGas9Gh
1MxyTFKLoNf9S_h82fPSlgah1bZICvgKD,E41F059A-50A7-4157-AE73-A41ED3594AAA,1PRzJLo5oZxZZwsvXZCyIFW-aeOiJmE4J,2026,0,99_REVIEW,156bSZj5fqG0pi7SFNFLriuX0hhLPmtnl,0%,sem sinal,https://drive.google.com/drive/folders/1MxyTFKLoNf9S_h82fPSlgah1bZICvgKD
1PRzJLo5oZxZZwsvXZCyIFW-aeOiJmE4J,E,10cnasjctKWIIIneIY2IDCnkgRuE_mQmI,2026,0,60_MEDIA/Fotos,1XnU-r5_jas_YWvbQnH_-RdcUtXyMT7B0,100%,score=3.0 conf=100%,https://drive.google.com/drive/folders/1PRzJLo5oZxZZwsvXZCyIFW-aeOiJmE4J
1CbDyqYizAw_HFDOxnlRBR5ZKcYPplCnA,EB0ECD3D-20B5-44FB-96F9-9964C01E3E6E,1PRzJLo5oZxZZwsvXZCyIFW-aeOiJmE4J,2026,0,99_REVIEW,156bSZj5fqG0pi7SFNFLriuX0hhLPmtnl,0%,sem sinal,https://drive.google.com/drive/folders/1CbDyqYizAw_HFDOxnlRBR5ZKcYPplCnA
19lz6hJWQwGkzsQSZFQrykhuS-ZYj66Ml,CBBB7085-76AF-4A6E-A277-7EE561FAA460,1TOzBRU-HE_1fn8LuxfqiUc3l9Cs8bPYr,2026,0,99_REVIEW,156bSZj5fqG0pi7SFNFLriuX0hhLPmtnl,0%,sem sinal,https://drive.google.com/drive/folders/19lz6hJWQwGkzsQSZFQrykhuS-ZYj66Ml
1H9HeC-Ozy7ZqQgOzFrskmkvxRkH3uZ7A,B6DDBF5C-B068-4A8C-A039-EDE55D7165E3,11ocrZ9Hk7c_XKybmA7I2mKzx3O45D-BB,2026,0,99_REVIEW,156bSZj5fqG0pi7SFNFLriuX0hhLPmtnl,0%,sem sinal,https://drive.google.com/drive/folders/1H9HeC-Ozy7ZqQgOzFrskmkvxRkH3uZ7A
10cnasjctKWIIIneIY2IDCnkgRuE_mQmI,cvt,1-vVpPeN-0v--cI812QLi-G5BLEExOPsK,2026,0,60_MEDIA/Fotos,1XnU-r5_jas_YWvbQnH_-RdcUtXyMT7B0,100%,score=3.0 conf=100%,https://drive.google.com/drive/folders/10cnasjctKWIIIneIY2IDCnkgRuE_mQmI
1NQB3z2iR93BnjN9nGyG-CbdOn-AZsS84,3B0B26FC-22BD-4434-8B1B-E00CDABE1D80,1dy3LsLgNd9wr5CwF0LttRqVbzCSCuvFw,2026,0,99_REVIEW,156bSZj5fqG0pi7SFNFLriuX0hhLPmtnl,0%,sem sinal,https://drive.google.com/drive/folders/1NQB3z2iR93BnjN9nGyG-CbdOn-AZsS84
1dy3LsLgNd9wr5CwF0LttRqVbzCSCuvFw,3,10cnasjctKWIIIneIY2IDCnkgRuE_mQmI,2026,0,60_MEDIA/Fotos,1XnU-r5_jas_YWvbQnH_-RdcUtXyMT7B0,100%,score=3.0 conf=100%,https://drive.google.com/drive/folders/1dy3LsLgNd9wr5CwF0LttRqVbzCSCuvFw
19OHHRmXSe8XdCft-EcHiToga0yI0bVCT,DB6EE3CC-E9D0-4F19-A775-73DE24013122,1cNHEd-05Kgfk1IPB9rWNCMGLOw1EC2Dp,2026,0,99_REVIEW,156bSZj5fqG0pi7SFNFLriuX0hhLPmtnl,0%,sem sinal,https://drive.google.com/drive/folders/19OHHRmXSe8XdCft-EcHiToga0yI0bVCT
15lnFclopTSmMstFIHOr-HdftAt-kIrcf,24B60195-6FAF-42D7-80BB-765337132B97,1Pdc1TA_hziB5iMkO1YqMk17iyolMEghm,2026,0,99_REVIEW,156bSZj5fqG0pi7SFNFLriuX0hhLPmtnl,0%,sem sinal,https://drive.google.com/drive/folders/15lnFclopTSmMstFIHOr-HdftAt-kIrcf
1Pdc1TA_hziB5iMkO1YqMk17iyolMEghm,2,10cnasjctKWIIIneIY2IDCnkgRuE_mQmI,2026,0,60_MEDIA/Fotos,1XnU-r5_jas_YWvbQnH_-RdcUtXyMT7B0,100%,score=3.0 conf=100%,https://drive.google.com/drive/folders/1Pdc1TA_hziB5iMkO1YqMk17iyolMEghm
1cPyAR8y5TTux7rypog_vscDU1C3Zh7hQ,028ABDE6-4B33-46B4-80E9-B51D736D1A2F,15hfl_qRUPwv4_HWt_6ZCmAYzRUxOZDLY,2026,0,99_REVIEW,156bSZj5fqG0pi7SFNFLriuX0hhLPmtnl,0%,sem sinal,https://drive.google.com/drive/folders/1cPyAR8y5TTux7rypog_vscDU1C3Zh7hQ
15hfl_qRUPwv4_HWt_6ZCmAYzRUxOZDLY,0,10cnasjctKWIIIneIY2IDCnkgRuE_mQmI,2026,0,60_MEDIA/Fotos,1XnU-r5_jas_YWvbQnH_-RdcUtXyMT7B0,100%,score=3.0 conf=100%,https://drive.google.com/drive/folders/15hfl_qRUPwv4_HWt_6ZCmAYzRUxOZDLY
1HhHNFbmN17dm5nke5onBL5fFIrmpqRUv,D73D64DD-CFC6-452F-BE90-567AB613A020,1cNHEd-05Kgfk1IPB9rWNCMGLOw1EC2Dp,2026,0,99_REVIEW,156bSZj5fqG0pi7SFNFLriuX0hhLPmtnl,0%,sem sinal,https://drive.google.com/drive/folders/1HhHNFbmN17dm5nke5onBL5fFIrmpqRUv
1xDvrmofLpL-CVqxCsJaHxEROcyItdHTd,1E40995A-788D-4D24-8AB5-35186FE1D950,1DZv_AiXUYng8wRntza4vxPsoRrz3UTDm,2026,0,99_REVIEW,156bSZj5fqG0pi7SFNFLriuX0hhLPmtnl,0%,sem sinal,https://drive.google.com/drive/folders/1xDvrmofLpL-CVqxCsJaHxEROcyItdHTd
1DZv_AiXUYng8wRntza4vxPsoRrz3UTDm,1,10cnasjctKWIIIneIY2IDCnkgRuE_mQmI,2026,0,60_MEDIA/Fotos,1XnU-r5_jas_YWvbQnH_-RdcUtXyMT7B0,100%,score=3.0 conf=100%,https://drive.google.com/drive/folders/1DZv_AiXUYng8wRntza4vxPsoRrz3UTDm
1Bo_wDAUSl1Mu1PUNAViVI9JwXCcPIvKP,15FD1860-4BD7-4014-813E-C6C42EFCB2FB,1DZv_AiXUYng8wRntza4vxPsoRrz3UTDm,2026,0,99_REVIEW,156bSZj5fqG0pi7SFNFLriuX0hhLPmtnl,0%,sem sinal,https://drive.google.com/drive/folders/1Bo_wDAUSl1Mu1PUNAViVI9JwXCcPIvKP
1boEl475TdUD2QWrxH2V7MugEC0Gq3oE-,446911BF-FF8D-460E-93DD-D5ACD91D95F0,10Y5O0m8Rh2OubE0Nch9Iwgu4ptdGFjPu,2026,0,99_REVIEW,156bSZj5fqG0pi7SFNFLriuX0hhLPmtnl,0%,sem sinal,https://drive.google.com/drive/folders/1boEl475TdUD2QWrxH2V7MugEC0Gq3oE-
10Y5O0m8Rh2OubE0Nch9Iwgu4ptdGFjPu,4,10cnasjctKWIIIneIY2IDCnkgRuE_mQmI,2026,0,99_REVIEW,156bSZj5fqG0pi7SFNFLriuX0hhLPmtnl,0%,sem sinal,https://drive.google.com/drive/folders/10Y5O0m8Rh2OubE0Nch9Iwgu4ptdGFjPu
1yZ8x8--hWQVLxV1_5pUCOF2kTiHSNCSb,E0CEB182-EBAE-4ABF-89E0-CED70B713281,1PRzJLo5oZxZZwsvXZCyIFW-aeOiJmE4J,2026,0,99_REVIEW,156bSZj5fqG0pi7SFNFLriuX0hhLPmtnl,0%,sem sinal,https://drive.google.com/drive/folders/1yZ8x8--hWQVLxV1_5pUCOF2kTiHSNCSb
1Nyee2zycDOBrSFtqHKirEYj1dVY9oE0E,222A10F3-B20E-4791-B1D9-9BD310746384,1Pdc1TA_hziB5iMkO1YqMk17iyolMEghm,2026,0,99_REVIEW,156bSZj5fqG0pi7SFNFLriuX0hhLPmtnl,0%,sem sinal,https://drive.google.com/drive/folders/1Nyee2zycDOBrSFtqHKirEYj1dVY9oE0E
1Nyee2zycDOBrSFtqHKirEYj1dVY9oE0E,222A10F3-B20E-4791-B1D9-9BD310746384,1Pdc1TA_hziB5iMkO1YqMk17iyolMEghm,2026,0,99_REVIEW,156bSZj5fqG0pi7SFNFLriuX0hhLPmtnl,0%,sem sinal,https://drive.google.com/drive/folders/1Nyee2zycDOBrSFtqHKirEYj1dVY9oE0E
1_-CZ68ONzBQ7NwK5NCrigDcE6hsxpw7J,644F2717-1DFF-4DE9-A5C0-141E6A7F669F,1M1A9xrHBbdh7AYkBXAdibMAt3dflyZ1o,2026,0,99_REVIEW,156bSZj5fqG0pi7SFNFLriuX0hhLPmtnl,0%,sem sinal,https://drive.google.com/drive/folders/1_-CZ68ONzBQ7NwK5NCrigDcE6hsxpw7J
1M1A9xrHBbdh7AYkBXAdibMAt3dflyZ1o,6,10cnasjctKWIIIneIY2IDCnkgRuE_mQmI,2026,0,60_MEDIA/Fotos,1XnU-r5_jas_YWvbQnH_-RdcUtXyMT7B0,100%,score=3.0 conf=100%,https://drive.google.com/drive/folders/1M1A9xrHBbdh7AYkBXAdibMAt3dflyZ1o
1xVbCZPELVrlkrnXczQMzzRI3BNXqBg3M,1CCED70F-A6D8-4EBA-87ED-FB6BB9A47DAB,1DZv_AiXUYng8wRntza4vxPsoRrz3UTDm,2026,0,99_REVIEW,156bSZj5fqG0pi7SFNFLriuX0hhLPmtnl,0%,sem sinal,https://drive.google.com/drive/folders/1xVbCZPELVrlkrnXczQMzzRI3BNXqBg3M
1N-BRW9LyAOK1JSoFMixr27rlniS3Yd4w,56407B0A-47E4-4B84-9D46-F80B4038DE5D,1rVmgCj_xfT506Z4ydbflm4253JIM1D70,2026,0,99_REVIEW,156bSZj5fqG0pi7SFNFLriuX0hhLPmtnl,0%,sem sinal,https://drive.google.com/drive/folders/1N-BRW9LyAOK1JSoFMixr27rlniS3Yd4w
1rVmgCj_xfT506Z4ydbflm4253JIM1D70,5,10cnasjctKWIIIneIY2IDCnkgRuE_mQmI,2026,0,60_MEDIA/Fotos,1XnU-r5_jas_YWvbQnH_-RdcUtXyMT7B0,100%,score=3.0 conf=100%,https://drive.google.com/drive/folders/1rVmgCj_xfT506Z4ydbflm4253JIM1D70
1tpQ3ItAShdcQy6B7BStDmT1tbYnWlmyN,0713C1E6-58FB-41A8-BC9F-57AD8E8053C6,15hfl_qRUPwv4_HWt_6ZCmAYzRUxOZDLY,2026,0,99_REVIEW,156bSZj5fqG0pi7SFNFLriuX0hhLPmtnl,0%,sem sinal,https://drive.google.com/drive/folders/1tpQ3ItAShdcQy6B7BStDmT1tbYnWlmyN
1F_mAUnCXh6dXHvHpwUC_NZ2OVgMj_zAv,8031868C-7865-43B0-8C30-2DE736EB92B0,1EV45DGblDgDKVuZ7Xaj3YuBBrE1QSeXB,2026,0,99_REVIEW,156bSZj5fqG0pi7SFNFLriuX0hhLPmtnl,0%,sem sinal,https://drive.google.com/drive/folders/1F_mAUnCXh6dXHvHpwUC_NZ2OVgMj_zAv
1keEckgMWPo6tv_cFr6fGJ_6b9K9o55n7,65DE0495-6BE1-4C79-A11C-141CD5DF51D1,1M1A9xrHBbdh7AYkBXAdibMAt3dflyZ1o,2026,0,99_REVIEW,156bSZj5fqG0pi7SFNFLriuX0hhLPmtnl,0%,sem sinal,https://drive.google.com/drive/folders/1keEckgMWPo6tv_cFr6fGJ_6b9K9o55n7
14heZUHCFGE0a0mg3F7bm81tN4hV1BBKn,A1C0EBDF-2265-4E58-898F-2CC9FD852E67,1cEzfwzdpm45bKMpH9KwWfXt7KN9vQrH9,2026,0,99_REVIEW,156bSZj5fqG0pi7SFNFLriuX0hhLPmtnl,0%,sem sinal,https://drive.google.com/drive/folders/14heZUHCFGE0a0mg3F7bm81tN4hV1BBKn
12a3QFjdXXGz2cn6p8a7PWTTmPMePcAEU,3B2FB9F6-E05D-46A5-B9B6-F08556EEDA47,1dy3LsLgNd9wr5CwF0LttRqVbzCSCuvFw,2026,0,99_REVIEW,156bSZj5fqG0pi7SFNFLriuX0hhLPmtnl,0%,sem sinal,https://drive.google.com/drive/folders/12a3QFjdXXGz2cn6p8a7PWTTmPMePcAEU
1xLxPdq8yXb_EKEn9hYlz8wGcX8o_Sa9i,1AE760CB-6D7F-41FD-93DA-9321ED2F874E,1DZv_AiXUYng8wRntza4vxPsoRrz3UTDm,2026,0,99_REVIEW,156bSZj5fqG0pi7SFNFLriuX0hhLPmtnl,0%,sem sinal,https://drive.google.com/drive/folders/1xLxPdq8yXb_EKEn9hYlz8wGcX8o_Sa9i
12nYxXtmMvyVFKcKqgTq-PYsn952xaWcW,60FAA78A-30A4-4950-811F-9A4F01715301,1M1A9xrHBbdh7AYkBXAdibMAt3dflyZ1o,2026,0,99_REVIEW,156bSZj5fqG0pi7SFNFLriuX0hhLPmtnl,0%,sem sinal,https://drive.google.com/drive/folders/12nYxXtmMvyVFKcKqgTq-PYsn952xaWcW
1EGyfa2-t0YV1l-lkgf-kKcW7K-L1bTTZ,7F65109B-6FFD-42F0-923E-33663F4BF52E,1m5CYF-lFxZ8c5HGoNUkTI9gMnOtJ0e2V,2026,0,99_REVIEW,156bSZj5fqG0pi7SFNFLriuX0hhLPmtnl,0%,sem sinal,https://drive.google.com/drive/folders/1EGyfa2-t0YV1l-lkgf-kKcW7K-L1bTTZ
1FkfUlpVN5jBBH2d3B47hNHJJegVoRFkB,7F2B2F3E-F9A4-491D-9B31-3072B9D52194,1m5CYF-lFxZ8c5HGoNUkTI9gMnOtJ0e2V,2026,0,99_REVIEW,156bSZj5fqG0pi7SFNFLriuX0hhLPmtnl,0%,sem sinal,https://drive.google.com/drive/folders/1FkfUlpVN5jBBH2d3B47hNHJJegVoRFkB
1TxgOKYmjZKFwW1XAUwvsYotkhknIiN9W,9B7DBAD6-DEC6-479A-A6A2-F11C26DCC005,1_ohyDibvcE2VzYscfSVAD40Ypl1u2nIU,2026,0,99_REVIEW,156bSZj5fqG0pi7SFNFLriuX0hhLPmtnl,0%,sem sinal,https://drive.google.com/drive/folders/1TxgOKYmjZKFwW1XAUwvsYotkhknIiN9W
1E7zdSvhoSu-C9V0dH_L8VVR3I1MPgpZR,E1E0F4D3-C791-45B7-8A4C-4F88F5CAFEE0,1PRzJLo5oZxZZwsvXZCyIFW-aeOiJmE4J,2026,0,99_REVIEW,156bSZj5fqG0pi7SFNFLriuX0hhLPmtnl,0%,sem sinal,https://drive.google.com/drive/folders/1E7zdSvhoSu-C9V0dH_L8VVR3I1MPgpZR
1KsnMkYmGoh-CoT651b8rMS18t6YPfYZo,com.apple.icloudwebd,1D9uRrCp28BDGePdNGM5fi8TQfx2N4J3b,2026,0,00_SYSTEM,1B6aUQRoESqp8o2tarlse5zCgd12Arc5Q,100%,override: '\b(asset\.resource|output\.layerstack|in',https://drive.google.com/drive/folders/1KsnMkYmGoh-CoT651b8rMS18t6YPfYZo
1pji8ErhbJRKVynmg85oXV-pEF8oP5vRX,com.apple.icloudwebd,1175A3c5Cqj2zAUaLdAgNfH0v3zZjX5Rs,2026,0,00_SYSTEM,1B6aUQRoESqp8o2tarlse5zCgd12Arc5Q,100%,override: '\b(asset\.resource|output\.layerstack|in',https://drive.google.com/drive/folders/1pji8ErhbJRKVynmg85oXV-pEF8oP5vRX
1CfXgSrDCZt4p7zbX1DufqndId0lnGqB9,🎥 PESQUISA DE FILMES  ,1vpRyYCWqD1Zvi6uDcikd70LULVmyM19T,2026,1,40_KNOWLEDGE,1e5BK2bCjDsqzkl08j6DqFHiXo-y02WJX,100%,score=10.0 conf=100%,https://drive.google.com/drive/folders/1CfXgSrDCZt4p7zbX1DufqndId0lnGqB9
1lN92qOqWV9Lt_8WvY37FzE3N55EdNyC3,com.apple.MobileSMS,1D9uRrCp28BDGePdNGM5fi8TQfx2N4J3b,2026,0,00_SYSTEM,1B6aUQRoESqp8o2tarlse5zCgd12Arc5Q,100%,override: '\b(asset\.resource|output\.layerstack|in',https://drive.google.com/drive/folders/1lN92qOqWV9Lt_8WvY37FzE3N55EdNyC3
1X2s4wbzHPRSCl4vbwc9KBSClozblQeLD,com.apple.MobileSMS,1175A3c5Cqj2zAUaLdAgNfH0v3zZjX5Rs,2026,0,00_SYSTEM,1B6aUQRoESqp8o2tarlse5zCgd12Arc5Q,100%,override: '\b(asset\.resource|output\.layerstack|in',https://drive.google.com/drive/folders/1X2s4wbzHPRSCl4vbwc9KBSClozblQeLD
1dOeTtLdmGw_4cWQBhyg_MKDmt4rvgYwJ,com.apple.Spotlight,1D9uRrCp28BDGePdNGM5fi8TQfx2N4J3b,2026,0,00_SYSTEM,1B6aUQRoESqp8o2tarlse5zCgd12Arc5Q,100%,override: '\b(asset\.resource|output\.layerstack|in',https://drive.google.com/drive/folders/1dOeTtLdmGw_4cWQBhyg_MKDmt4rvgYwJ
15HPcg12U86jWwW6gLN-jNSyyiQnJSCeT,com.apple.Spotlight,1175A3c5Cqj2zAUaLdAgNfH0v3zZjX5Rs,2026,0,00_SYSTEM,1B6aUQRoESqp8o2tarlse5zCgd12Arc5Q,100%,override: '\b(asset\.resource|output\.layerstack|in',https://drive.google.com/drive/folders/15HPcg12U86jWwW6gLN-jNSyyiQnJSCeT
1ykPwT5VCWHhJMZciRr-PyHGV8-vK8d-Q,asset.resource,1nKOCvEfS4at7zBY6PYDapq8_eqaauOBZ,2026,0,00_SYSTEM,1B6aUQRoESqp8o2tarlse5zCgd12Arc5Q,100%,override: '\b(asset\.resource|output\.layerstack|in',https://drive.google.com/drive/folders/1ykPwT5VCWHhJMZciRr-PyHGV8-vK8d-Q
1nKOCvEfS4at7zBY6PYDapq8_eqaauOBZ,input.segmentation,1FiaESQVWZvvGFKsuIaRBfLL3ISja0HUs,2026,0,00_SYSTEM,1B6aUQRoESqp8o2tarlse5zCgd12Arc5Q,100%,override: '\b(asset\.resource|output\.layerstack|in',https://drive.google.com/drive/folders/1nKOCvEfS4at7zBY6PYDapq8_eqaauOBZ
1aOf-ascZLJ2Fcw3nbW7Ba8AMyZ047iEY,output.layerStack,1FiaESQVWZvvGFKsuIaRBfLL3ISja0HUs,2026,0,00_SYSTEM,1B6aUQRoESqp8o2tarlse5zCgd12Arc5Q,100%,override: '\b(asset\.resource|output\.layerstack|in',https://drive.google.com/drive/folders/1aOf-ascZLJ2Fcw3nbW7Ba8AMyZ047iEY
1tlVluNbZHMyjs20OK6k3Ekb2vNGjzAsC,asset.resource,15EH1K_5Gpme4If7vuzppcWVUvW0rsAzE,2026,0,00_SYSTEM,1B6aUQRoESqp8o2tarlse5zCgd12Arc5Q,100%,override: '\b(asset\.resource|output\.layerstack|in',https://drive.google.com/drive/folders/1tlVluNbZHMyjs20OK6k3Ekb2vNGjzAsC
15EH1K_5Gpme4If7vuzppcWVUvW0rsAzE,input.segmentation,1GXTYH69ExuLZWGgQzLP5atwLnkNlZhK7,2026,0,00_SYSTEM,1B6aUQRoESqp8o2tarlse5zCgd12Arc5Q,100%,override: '\b(asset\.resource|output\.layerstack|in',https://drive.google.com/drive/folders/15EH1K_5Gpme4If7vuzppcWVUvW0rsAzE
1T_B5WLfgfa3NZcXDCCGRgWGHOdORAnWE,output.layerStack,1GXTYH69ExuLZWGgQzLP5atwLnkNlZhK7,2026,0,00_SYSTEM,1B6aUQRoESqp8o2tarlse5zCgd12Arc5Q,100%,override: '\b(asset\.resource|output\.layerstack|in',https://drive.google.com/drive/folders/1T_B5WLfgfa3NZcXDCCGRgWGHOdORAnWE
1vR26R6fH_JRcdC1QlZ4VSHUQb8PaBcf-,asset.resource,1UTV58Rr3zLh49sdlGu7EEF7fZVJagYa0,2026,0,00_SYSTEM,1B6aUQRoESqp8o2tarlse5zCgd12Arc5Q,100%,override: '\b(asset\.resource|output\.layerstack|in',https://drive.google.com/drive/folders/1vR26R6fH_JRcdC1QlZ4VSHUQb8PaBcf-
1UTV58Rr3zLh49sdlGu7EEF7fZVJagYa0,input.segmentation,1dP8NeMoEFyLB-d7s7QNIDNRu7BrqnQi3,2026,0,00_SYSTEM,1B6aUQRoESqp8o2tarlse5zCgd12Arc5Q,100%,override: '\b(asset\.resource|output\.layerstack|in',https://drive.google.com/drive/folders/1UTV58Rr3zLh49sdlGu7EEF7fZVJagYa0
14u34iUmJHnQK3Eo5R-9ELAJcAeSQBEAB,output.layerStack,1dP8NeMoEFyLB-d7s7QNIDNRu7BrqnQi3,2026,0,00_SYSTEM,1B6aUQRoESqp8o2tarlse5zCgd12Arc5Q,100%,override: '\b(asset\.resource|output\.layerstack|in',https://drive.google.com/drive/folders/14u34iUmJHnQK3Eo5R-9ELAJcAeSQBEAB
1jir0eHmz6w4NVd67YbAE2ecekrb08UpP,asset.resource,1hXIiTQljwqCYgupLXi7GYoItixpSbmtN,2026,0,00_SYSTEM,1B6aUQRoESqp8o2tarlse5zCgd12Arc5Q,100%,override: '\b(asset\.resource|output\.layerstack|in',https://drive.google.com/drive/folders/1jir0eHmz6w4NVd67YbAE2ecekrb08UpP
1hXIiTQljwqCYgupLXi7GYoItixpSbmtN,input.segmentation,1O-oio7cnUkpTPpsYF8SJE_PVkTrhLu-8,2026,0,00_SYSTEM,1B6aUQRoESqp8o2tarlse5zCgd12Arc5Q,100%,override: '\b(asset\.resource|output\.layerstack|in',https://drive.google.com/drive/folders/1hXIiTQljwqCYgupLXi7GYoItixpSbmtN
19ZIqIPtWJR0GBisByLX8geni4LBy4LmW,output.layerStack,1O-oio7cnUkpTPpsYF8SJE_PVkTrhLu-8,2026,0,00_SYSTEM,1B6aUQRoESqp8o2tarlse5zCgd12Arc5Q,100%,override: '\b(asset\.resource|output\.layerstack|in',https://drive.google.com/drive/folders/19ZIqIPtWJR0GBisByLX8geni4LBy4LmW
14JpUKquw26gUtc55ptW1MKNBIgeC-psz,output.layerStack,17HWEKpgrZu6NlCIe_bi0KCTztVxghYy3,2026,0,00_SYSTEM,1B6aUQRoESqp8o2tarlse5zCgd12Arc5Q,100%,override: '\b(asset\.resource|output\.layerstack|in',https://drive.google.com/drive/folders/14JpUKquw26gUtc55ptW1MKNBIgeC-psz
1Ggs7XiUd-OX67TdjYeAir3ztI2gZ7UYu,asset.resource,1LVFZ8GFyrhDbYAbfC__PMnLVwiewQ6YT,2026,0,00_SYSTEM,1B6aUQRoESqp8o2tarlse5zCgd12Arc5Q,100%,override: '\b(asset\.resource|output\.layerstack|in',https://drive.google.com/drive/folders/1Ggs7XiUd-OX67TdjYeAir3ztI2gZ7UYu
1LVFZ8GFyrhDbYAbfC__PMnLVwiewQ6YT,input.segmentation,17HWEKpgrZu6NlCIe_bi0KCTztVxghYy3,2026,0,00_SYSTEM,1B6aUQRoESqp8o2tarlse5zCgd12Arc5Q,100%,override: '\b(asset\.resource|output\.layerstack|in',https://drive.google.com/drive/folders/1LVFZ8GFyrhDbYAbfC__PMnLVwiewQ6YT
16Nhx-iJsdK_9maulZ2BbUW15ivKu4MSY,asset.resource,1NBVhALHO5h1maizAmGguu-5LE9V1V9wz,2026,0,00_SYSTEM,1B6aUQRoESqp8o2tarlse5zCgd12Arc5Q,100%,override: '\b(asset\.resource|output\.layerstack|in',https://drive.google.com/drive/folders/16Nhx-iJsdK_9maulZ2BbUW15ivKu4MSY
1NBVhALHO5h1maizAmGguu-5LE9V1V9wz,input.segmentation,1RGvAVYtwIRe0zjSK2Qhzf_eAoqQYELM8,2026,0,00_SYSTEM,1B6aUQRoESqp8o2tarlse5zCgd12Arc5Q,100%,override: '\b(asset\.resource|output\.layerstack|in',https://drive.google.com/drive/folders/1NBVhALHO5h1maizAmGguu-5LE9V1V9wz
1QK5zRNuwBGaP0p76sjKdc1jruZwCsYQ1,output.layerStack,1RGvAVYtwIRe0zjSK2Qhzf_eAoqQYELM8,2026,0,00_SYSTEM,1B6aUQRoESqp8o2tarlse5zCgd12Arc5Q,100%,override: '\b(asset\.resource|output\.layerstack|in',https://drive.google.com/drive/folders/1QK5zRNuwBGaP0p76sjKdc1jruZwCsYQ1
1yJua7GuZuRW26-16SNKBoZhhvTkb7JC-,output.layerStack,1p10Ke3vmw987OCSOLRuN2AjT8QnjoXoG,2026,0,00_SYSTEM,1B6aUQRoESqp8o2tarlse5zCgd12Arc5Q,100%,override: '\b(asset\.resource|output\.layerstack|in',https://drive.google.com/drive/folders/1yJua7GuZuRW26-16SNKBoZhhvTkb7JC-
1u79wfsQjDageMDd3xzEQjV4-lnul6VPE,output.layerStack,1CJjEX4gPrUno1dFFcr82rjQIQJ3TyRpJ,2026,0,00_SYSTEM,1B6aUQRoESqp8o2tarlse5zCgd12Arc5Q,100%,override: '\b(asset\.resource|output\.layerstack|in',https://drive.google.com/drive/folders/1u79wfsQjDageMDd3xzEQjV4-lnul6VPE
1t-q1iXfnveTM9Nay8dkh4NKUYrdg91J2,asset.resource,1fXIcF5zmTfku8rx-TX5VIwrRnow8kiBV,2026,0,00_SYSTEM,1B6aUQRoESqp8o2tarlse5zCgd12Arc5Q,100%,override: '\b(asset\.resource|output\.layerstack|in',https://drive.google.com/drive/folders/1t-q1iXfnveTM9Nay8dkh4NKUYrdg91J2
1JI0DT6TH_aN1o46Bs4zvw0RvrSsC13L0,asset.resource,1YMNKWWr9mP1_dvJz__aT_tzIR_PgnSvX,2026,0,00_SYSTEM,1B6aUQRoESqp8o2tarlse5zCgd12Arc5Q,100%,override: '\b(asset\.resource|output\.layerstack|in',https://drive.google.com/drive/folders/1JI0DT6TH_aN1o46Bs4zvw0RvrSsC13L0
1YMNKWWr9mP1_dvJz__aT_tzIR_PgnSvX,input.segmentation,1p10Ke3vmw987OCSOLRuN2AjT8QnjoXoG,2026,0,00_SYSTEM,1B6aUQRoESqp8o2tarlse5zCgd12Arc5Q,100%,override: '\b(asset\.resource|output\.layerstack|in',https://drive.google.com/drive/folders/1YMNKWWr9mP1_dvJz__aT_tzIR_PgnSvX
1fXIcF5zmTfku8rx-TX5VIwrRnow8kiBV,input.segmentation,1Gixpo1Yp44FbeaEdzPoSEfzJuauxeS6T,2026,0,00_SYSTEM,1B6aUQRoESqp8o2tarlse5zCgd12Arc5Q,100%,override: '\b(asset\.resource|output\.layerstack|in',https://drive.google.com/drive/folders/1fXIcF5zmTfku8rx-TX5VIwrRnow8kiBV
1421Ey2lpP_yEXvxxlPVwBWKvYrVCZ7yF,asset.resource,1Wbqhe7-UvUHSu0WJCANTCpsMJjAByiYh,2026,0,00_SYSTEM,1B6aUQRoESqp8o2tarlse5zCgd12Arc5Q,100%,override: '\b(asset\.resource|output\.layerstack|in',https://drive.google.com/drive/folders/1421Ey2lpP_yEXvxxlPVwBWKvYrVCZ7yF
1pJPd_OIxSfRl5VU4OhZPa5aaSmYLmEh7,output.layerStack,1Gixpo1Yp44FbeaEdzPoSEfzJuauxeS6T,2026,0,00_SYSTEM,1B6aUQRoESqp8o2tarlse5zCgd12Arc5Q,100%,override: '\b(asset\.resource|output\.layerstack|in',https://drive.google.com/drive/folders/1pJPd_OIxSfRl5VU4OhZPa5aaSmYLmEh7
1Wbqhe7-UvUHSu0WJCANTCpsMJjAByiYh,input.segmentation,1CJjEX4gPrUno1dFFcr82rjQIQJ3TyRpJ,2026,0,00_SYSTEM,1B6aUQRoESqp8o2tarlse5zCgd12Arc5Q,100%,override: '\b(asset\.resource|output\.layerstack|in',https://drive.google.com/drive/folders/1Wbqhe7-UvUHSu0WJCANTCpsMJjAByiYh
1anfY1lKoS-TNyxJkgsrSmb_pvh_j7yhA,output.layerStack,1p6WnikEwSCX5zdQr4zounQ1MuAhDQvb_,2026,0,00_SYSTEM,1B6aUQRoESqp8o2tarlse5zCgd12Arc5Q,100%,override: '\b(asset\.resource|output\.layerstack|in',https://drive.google.com/drive/folders/1anfY1lKoS-TNyxJkgsrSmb_pvh_j7yhA
1qlVTiJ2LLr_QNw1RAzTEcIjtNHPCwmOc,asset.resource,1QPnyElOww93wAz_TuglWcg4IPry33W4a,2026,0,00_SYSTEM,1B6aUQRoESqp8o2tarlse5zCgd12Arc5Q,100%,override: '\b(asset\.resource|output\.layerstack|in',https://drive.google.com/drive/folders/1qlVTiJ2LLr_QNw1RAzTEcIjtNHPCwmOc
1QPnyElOww93wAz_TuglWcg4IPry33W4a,input.segmentation,1p6WnikEwSCX5zdQr4zounQ1MuAhDQvb_,2026,0,00_SYSTEM,1B6aUQRoESqp8o2tarlse5zCgd12Arc5Q,100%,override: '\b(asset\.resource|output\.layerstack|in',https://drive.google.com/drive/folders/1QPnyElOww93wAz_TuglWcg4IPry33W4a
1QvdeDPhuD5lav6CY4yxngBY6TkiNhh50,asset.resource,1s8PegZITz-glPcGpNbqvum9PjL3aGCFl,2026,0,00_SYSTEM,1B6aUQRoESqp8o2tarlse5zCgd12Arc5Q,100%,override: '\b(asset\.resource|output\.layerstack|in',https://drive.google.com/drive/folders/1QvdeDPhuD5lav6CY4yxngBY6TkiNhh50
1s8PegZITz-glPcGpNbqvum9PjL3aGCFl,input.segmentation,1ohU0W6fgzTkUVbo5nGNtgP_myVRog75F,2026,0,00_SYSTEM,1B6aUQRoESqp8o2tarlse5zCgd12Arc5Q,100%,override: '\b(asset\.resource|output\.layerstack|in',https://drive.google.com/drive/folders/1s8PegZITz-glPcGpNbqvum9PjL3aGCFl
1yrG9aCL4Yz62dzaMnK1oxwsgXPqJzQGo,output.layerStack,1ohU0W6fgzTkUVbo5nGNtgP_myVRog75F,2026,0,00_SYSTEM,1B6aUQRoESqp8o2tarlse5zCgd12Arc5Q,100%,override: '\b(asset\.resource|output\.layerstack|in',https://drive.google.com/drive/folders/1yrG9aCL4Yz62dzaMnK1oxwsgXPqJzQGo
1aP4lcM0WdelHyK2uU4EwWwhEj4xOcjJH,output.layerStack,1e-T-i-6Oe8C1WNdv1-Z65z6z6_3TRRkK,2026,0,00_SYSTEM,1B6aUQRoESqp8o2tarlse5zCgd12Arc5Q,100%,override: '\b(asset\.resource|output\.layerstack|in',https://drive.google.com/drive/folders/1aP4lcM0WdelHyK2uU4EwWwhEj4xOcjJH
1EwZMze7gED3ZB-82rhrqgcJe3mfFD_k1,output.layerStack,1pP-C2s9S7Mom4SHKJzqmqV_HMsv9zo7Z,2026,0,00_SYSTEM,1B6aUQRoESqp8o2tarlse5zCgd12Arc5Q,100%,override: '\b(asset\.resource|output\.layerstack|in',https://drive.google.com/drive/folders/1EwZMze7gED3ZB-82rhrqgcJe3mfFD_k1
14-yuEeAWrhXwAGjsI1UB6nnBqw48QLYb,output.layerStack,1AP9f-4r7YqWc3FfCEh4bWxj_p1WC6DZz,2026,0,00_SYSTEM,1B6aUQRoESqp8o2tarlse5zCgd12Arc5Q,100%,override: '\b(asset\.resource|output\.layerstack|in',https://drive.google.com/drive/folders/14-yuEeAWrhXwAGjsI1UB6nnBqw48QLYb
1z68T0XTKI3HiJF70FWHWLXnLnKxBtZaE,asset.resource,1Y0cayTac7c_LJoJvq8gU8P7M78HcOpo8,2026,0,00_SYSTEM,1B6aUQRoESqp8o2tarlse5zCgd12Arc5Q,100%,override: '\b(asset\.resource|output\.layerstack|in',https://drive.google.com/drive/folders/1z68T0XTKI3HiJF70FWHWLXnLnKxBtZaE
1Y0cayTac7c_LJoJvq8gU8P7M78HcOpo8,input.segmentation,1AP9f-4r7YqWc3FfCEh4bWxj_p1WC6DZz,2026,0,00_SYSTEM,1B6aUQRoESqp8o2tarlse5zCgd12Arc5Q,100%,override: '\b(asset\.resource|output\.layerstack|in',https://drive.google.com/drive/folders/1Y0cayTac7c_LJoJvq8gU8P7M78HcOpo8
14Mz1gJdKghorj-_6YlB9hY6EA7jNliw7,asset.resource,1o8dp6RfiYFX0ly8YMZM-SBtJxDxEjRsz,2026,0,00_SYSTEM,1B6aUQRoESqp8o2tarlse5zCgd12Arc5Q,100%,override: '\b(asset\.resource|output\.layerstack|in',https://drive.google.com/drive/folders/14Mz1gJdKghorj-_6YlB9hY6EA7jNliw7
1o8dp6RfiYFX0ly8YMZM-SBtJxDxEjRsz,input.segmentation,1pP-C2s9S7Mom4SHKJzqmqV_HMsv9zo7Z,2026,0,00_SYSTEM,1B6aUQRoESqp8o2tarlse5zCgd12Arc5Q,100%,override: '\b(asset\.resource|output\.layerstack|in',https://drive.google.com/drive/folders/1o8dp6RfiYFX0ly8YMZM-SBtJxDxEjRsz
1TFda3lzA5mTXHiah2YyPQLyynk5lJrCw,asset.resource,1A3KX8154iHXKUKCzMsS-cjsZclDCFXd4,2026,0,00_SYSTEM,1B6aUQRoESqp8o2tarlse5zCgd12Arc5Q,100%,override: '\b(asset\.resource|output\.layerstack|in',https://drive.google.com/drive/folders/1TFda3lzA5mTXHiah2YyPQLyynk5lJrCw
1A3KX8154iHXKUKCzMsS-cjsZclDCFXd4,input.segmentation,1e-T-i-6Oe8C1WNdv1-Z65z6z6_3TRRkK,2026,0,00_SYSTEM,1B6aUQRoESqp8o2tarlse5zCgd12Arc5Q,100%,override: '\b(asset\.resource|output\.layerstack|in',https://drive.google.com/drive/folders/1A3KX8154iHXKUKCzMsS-cjsZclDCFXd4
13Y5CvtUAndBty1jtqym7FOIvmjbc4XNZ,output.layerStack,1G6dCUAD_hsxJCZTjZVWrF6pmDAaCoXQk,2026,0,00_SYSTEM,1B6aUQRoESqp8o2tarlse5zCgd12Arc5Q,100%,override: '\b(asset\.resource|output\.layerstack|in',https://drive.google.com/drive/folders/13Y5CvtUAndBty1jtqym7FOIvmjbc4XNZ
1e95Ba_V6AxTVJC8xQR12wFuG3ExuaeAB,asset.resource,1qhx3_9GHZ61vrqPVNTXmh1wsYs3Zyps7,2026,0,00_SYSTEM,1B6aUQRoESqp8o2tarlse5zCgd12Arc5Q,100%,override: '\b(asset\.resource|output\.layerstack|in',https://drive.google.com/drive/folders/1e95Ba_V6AxTVJC8xQR12wFuG3ExuaeAB
1qhx3_9GHZ61vrqPVNTXmh1wsYs3Zyps7,input.segmentation,1G6dCUAD_hsxJCZTjZVWrF6pmDAaCoXQk,2026,0,00_SYSTEM,1B6aUQRoESqp8o2tarlse5zCgd12Arc5Q,100%,override: '\b(asset\.resource|output\.layerstack|in',https://drive.google.com/drive/folders/1qhx3_9GHZ61vrqPVNTXmh1wsYs3Zyps7
17-7P_kPFCLEXNy5dRlyZYaLYddoaTed8,asset.resource,1qaaHtmtt7LDNLrDDmHfz5qs6fBVukSda,2026,0,00_SYSTEM,1B6aUQRoESqp8o2tarlse5zCgd12Arc5Q,100%,override: '\b(asset\.resource|output\.layerstack|in',https://drive.google.com/drive/folders/17-7P_kPFCLEXNy5dRlyZYaLYddoaTed8
1qaaHtmtt7LDNLrDDmHfz5qs6fBVukSda,input.segmentation,11BG1ueN7IlFaUiCZWtgAtTYipF1nNtuA,2026,0,00_SYSTEM,1B6aUQRoESqp8o2tarlse5zCgd12Arc5Q,100%,override: '\b(asset\.resource|output\.layerstack|in',https://drive.google.com/drive/folders/1qaaHtmtt7LDNLrDDmHfz5qs6fBVukSda
1ARnZMR9Px6nrCv1j4f9YrL9fH_CM6MLg,output.layerStack,11BG1ueN7IlFaUiCZWtgAtTYipF1nNtuA,2026,0,00_SYSTEM,1B6aUQRoESqp8o2tarlse5zCgd12Arc5Q,100%,override: '\b(asset\.resource|output\.layerstack|in',https://drive.google.com/drive/folders/1ARnZMR9Px6nrCv1j4f9YrL9fH_CM6MLg
1_ftp6hmqgC48pdNsSMcOFUaCYKOhG3uR,asset.resource,1HpjH7pSJCZ6gerzjQPIJH0Opq7ihjVrU,2026,0,00_SYSTEM,1B6aUQRoESqp8o2tarlse5zCgd12Arc5Q,100%,override: '\b(asset\.resource|output\.layerstack|in',https://drive.google.com/drive/folders/1_ftp6hmqgC48pdNsSMcOFUaCYKOhG3uR
1HpjH7pSJCZ6gerzjQPIJH0Opq7ihjVrU,input.segmentation,1W6rezPTHNIS37pRqZizIgJ787l1sUMm3,2026,0,00_SYSTEM,1B6aUQRoESqp8o2tarlse5zCgd12Arc5Q,100%,override: '\b(asset\.resource|output\.layerstack|in',https://drive.google.com/drive/folders/1HpjH7pSJCZ6gerzjQPIJH0Opq7ihjVrU
1ci2OVy8b6KiQ-eyg851zIq4jyiF4hka8,output.layerStack,1W6rezPTHNIS37pRqZizIgJ787l1sUMm3,2026,0,00_SYSTEM,1B6aUQRoESqp8o2tarlse5zCgd12Arc5Q,100%,override: '\b(asset\.resource|output\.layerstack|in',https://drive.google.com/drive/folders/1ci2OVy8b6KiQ-eyg851zIq4jyiF4hka8
1MvukR575xYEgApzjca7JxdVWFbJcvrw5,output.layerStack,18XWUrsO9Jtt3uvto92XSPrfZx-mL5D0P,2026,0,00_SYSTEM,1B6aUQRoESqp8o2tarlse5zCgd12Arc5Q,100%,override: '\b(asset\.resource|output\.layerstack|in',https://drive.google.com/drive/folders/1MvukR575xYEgApzjca7JxdVWFbJcvrw5
1_ehU6QqhRbPD0zp_3TIeOA4KmVDB3QNr,asset.resource,18T_tHeUIGxZ7sDyPNdg8-55fJdRDrJPG,2026,0,00_SYSTEM,1B6aUQRoESqp8o2tarlse5zCgd12Arc5Q,100%,override: '\b(asset\.resource|output\.layerstack|in',https://drive.google.com/drive/folders/1_ehU6QqhRbPD0zp_3TIeOA4KmVDB3QNr
18T_tHeUIGxZ7sDyPNdg8-55fJdRDrJPG,input.segmentation,18XWUrsO9Jtt3uvto92XSPrfZx-mL5D0P,2026,0,00_SYSTEM,1B6aUQRoESqp8o2tarlse5zCgd12Arc5Q,100%,override: '\b(asset\.resource|output\.layerstack|in',https://drive.google.com/drive/folders/18T_tHeUIGxZ7sDyPNdg8-55fJdRDrJPG
1uTYDj_22MfGm_FxnRVIm5gBPb2wEesB4,output.layerStack,1LwY-NPGgM_SKjM75Hw2Osfjnr-o6hOnz,2026,0,00_SYSTEM,1B6aUQRoESqp8o2tarlse5zCgd12Arc5Q,100%,override: '\b(asset\.resource|output\.layerstack|in',https://drive.google.com/drive/folders/1uTYDj_22MfGm_FxnRVIm5gBPb2wEesB4
1DCHJaPQrffl2TiXs4_f6TR2xyaqFIbg0,asset.resource,13wLPicHiFA7X6kRsX1xOqVgAlZYdc1hD,2026,0,00_SYSTEM,1B6aUQRoESqp8o2tarlse5zCgd12Arc5Q,100%,override: '\b(asset\.resource|output\.layerstack|in',https://drive.google.com/drive/folders/1DCHJaPQrffl2TiXs4_f6TR2xyaqFIbg0
13wLPicHiFA7X6kRsX1xOqVgAlZYdc1hD,input.segmentation,1LwY-NPGgM_SKjM75Hw2Osfjnr-o6hOnz,2026,0,00_SYSTEM,1B6aUQRoESqp8o2tarlse5zCgd12Arc5Q,100%,override: '\b(asset\.resource|output\.layerstack|in',https://drive.google.com/drive/folders/13wLPicHiFA7X6kRsX1xOqVgAlZYdc1hD
1bPYfBIPHHh_Hcz7MXksrt0f7SAeXCDTP,output.layerStack,1Wbv6R3MK0wnML_-e6J0itx6REsaSKjAc,2026,0,00_SYSTEM,1B6aUQRoESqp8o2tarlse5zCgd12Arc5Q,100%,override: '\b(asset\.resource|output\.layerstack|in',https://drive.google.com/drive/folders/1bPYfBIPHHh_Hcz7MXksrt0f7SAeXCDTP
1pl0PwZY-qJgKQU4bTu3NDeIHo1ugmafH,asset.resource,18lrRyUL_sDKmQauU9A4thNnCvwm4Fzz2,2026,0,00_SYSTEM,1B6aUQRoESqp8o2tarlse5zCgd12Arc5Q,100%,override: '\b(asset\.resource|output\.layerstack|in',https://drive.google.com/drive/folders/1pl0PwZY-qJgKQU4bTu3NDeIHo1ugmafH
18lrRyUL_sDKmQauU9A4thNnCvwm4Fzz2,input.segmentation,1Wbv6R3MK0wnML_-e6J0itx6REsaSKjAc,2026,0,00_SYSTEM,1B6aUQRoESqp8o2tarlse5zCgd12Arc5Q,100%,override: '\b(asset\.resource|output\.layerstack|in',https://drive.google.com/drive/folders/18lrRyUL_sDKmQauU9A4thNnCvwm4Fzz2
1Dys5tAwn5nqcPVHapTfV4BJ9aQa3RrqT,asset.resource,1U0WYnXPNH_R1fLj2aDJxZ5GpwMG-b5KJ,2026,0,00_SYSTEM,1B6aUQRoESqp8o2tarlse5zCgd12Arc5Q,100%,override: '\b(asset\.resource|output\.layerstack|in',https://drive.google.com/drive/folders/1Dys5tAwn5nqcPVHapTfV4BJ9aQa3RrqT
1U0WYnXPNH_R1fLj2aDJxZ5GpwMG-b5KJ,input.segmentation,14EW8JrBHh8vJRzkIy73aATTzYRl_5g3C,2026,0,00_SYSTEM,1B6aUQRoESqp8o2tarlse5zCgd12Arc5Q,100%,override: '\b(asset\.resource|output\.layerstack|in',https://drive.google.com/drive/folders/1U0WYnXPNH_R1fLj2aDJxZ5GpwMG-b5KJ
1Rrrj9ql-BNa3AVS6Gk9UbvgZ_MM3PWIj,output.layerStack,14EW8JrBHh8vJRzkIy73aATTzYRl_5g3C,2026,0,00_SYSTEM,1B6aUQRoESqp8o2tarlse5zCgd12Arc5Q,100%,override: '\b(asset\.resource|output\.layerstack|in',https://drive.google.com/drive/folders/1Rrrj9ql-BNa3AVS6Gk9UbvgZ_MM3PWIj
1teGwVbpSCjk_lq9I80I4tzvYm90E0bvK,output.layerStack,1weDA7IyYi1OQ2DGCkYmDV3-DEsyNGim4,2026,0,00_SYSTEM,1B6aUQRoESqp8o2tarlse5zCgd12Arc5Q,100%,override: '\b(asset\.resource|output\.layerstack|in',https://drive.google.com/drive/folders/1teGwVbpSCjk_lq9I80I4tzvYm90E0bvK
1F_-rXeriTs7fRP0uls45j1OEJGubxIOk,asset.resource,1X302P_nuGuSmMq1A8TRNzFSG6jq4WPTS,2026,0,00_SYSTEM,1B6aUQRoESqp8o2tarlse5zCgd12Arc5Q,100%,override: '\b(asset\.resource|output\.layerstack|in',https://drive.google.com/drive/folders/1F_-rXeriTs7fRP0uls45j1OEJGubxIOk
1X302P_nuGuSmMq1A8TRNzFSG6jq4WPTS,input.segmentation,1weDA7IyYi1OQ2DGCkYmDV3-DEsyNGim4,2026,0,00_SYSTEM,1B6aUQRoESqp8o2tarlse5zCgd12Arc5Q,100%,override: '\b(asset\.resource|output\.layerstack|in',https://drive.google.com/drive/folders/1X302P_nuGuSmMq1A8TRNzFSG6jq4WPTS
1Y6N_MNoNbgLsPcYsgJwBfmYJr_H2TD0a,asset.resource,1Tj8mvt-TTOyAGp0eyxkD1-_6eOqj0Sx5,2026,0,00_SYSTEM,1B6aUQRoESqp8o2tarlse5zCgd12Arc5Q,100%,override: '\b(asset\.resource|output\.layerstack|in',https://drive.google.com/drive/folders/1Y6N_MNoNbgLsPcYsgJwBfmYJr_H2TD0a
1Tj8mvt-TTOyAGp0eyxkD1-_6eOqj0Sx5,input.segmentation,1F-PmKRaJRaUU2geDLCvNpo4dsFarhgXm,2026,0,00_SYSTEM,1B6aUQRoESqp8o2tarlse5zCgd12Arc5Q,100%,override: '\b(asset\.resource|output\.layerstack|in',https://drive.google.com/drive/folders/1Tj8mvt-TTOyAGp0eyxkD1-_6eOqj0Sx5
1X4V1DUeHFmFvEv-oqzojYT0mzYf9SAoU,output.layerStack,1F-PmKRaJRaUU2geDLCvNpo4dsFarhgXm,2026,0,00_SYSTEM,1B6aUQRoESqp8o2tarlse5zCgd12Arc5Q,100%,override: '\b(asset\.resource|output\.layerstack|in',https://drive.google.com/drive/folders/1X4V1DUeHFmFvEv-oqzojYT0mzYf9SAoU
1R_sDi-3ySU7ssmOuIn_zAfdiYMkNspLc,asset.resource,12324RPpttZgTNRqzdCFfxffa52-Pmfv1,2026,0,00_SYSTEM,1B6aUQRoESqp8o2tarlse5zCgd12Arc5Q,100%,override: '\b(asset\.resource|output\.layerstack|in',https://drive.google.com/drive/folders/1R_sDi-3ySU7ssmOuIn_zAfdiYMkNspLc
12324RPpttZgTNRqzdCFfxffa52-Pmfv1,input.segmentation,1u4LRB6REMnWixROGotRwLKyrIna0tq3-,2026,0,00_SYSTEM,1B6aUQRoESqp8o2tarlse5zCgd12Arc5Q,100%,override: '\b(asset\.resource|output\.layerstack|in',https://drive.google.com/drive/folders/12324RPpttZgTNRqzdCFfxffa52-Pmfv1
17lkrMKZ6x_cnVe9m6rex4lLoXOQjyt9g,output.layerStack,1u4LRB6REMnWixROGotRwLKyrIna0tq3-,2026,0,00_SYSTEM,1B6aUQRoESqp8o2tarlse5zCgd12Arc5Q,100%,override: '\b(asset\.resource|output\.layerstack|in',https://drive.google.com/drive/folders/17lkrMKZ6x_cnVe9m6rex4lLoXOQjyt9g
162g7rJn56gwDzHC8FAOn8KUHk70dn_WM,output.layerStack,1HIEb46jjYoR6r7DZc505Pv8rho6aR4oi,2026,0,00_SYSTEM,1B6aUQRoESqp8o2tarlse5zCgd12Arc5Q,100%,override: '\b(asset\.resource|output\.layerstack|in',https://drive.google.com/drive/folders/162g7rJn56gwDzHC8FAOn8KUHk70dn_WM
194-luu-j2YX1Pn4EaYcz7Y70yWlfb74Y,asset.resource,1wj_wN63yGxQVg3YHTFHnFx-3kOxobImL,2026,0,00_SYSTEM,1B6aUQRoESqp8o2tarlse5zCgd12Arc5Q,100%,override: '\b(asset\.resource|output\.layerstack|in',https://drive.google.com/drive/folders/194-luu-j2YX1Pn4EaYcz7Y70yWlfb74Y
1wj_wN63yGxQVg3YHTFHnFx-3kOxobImL,input.segmentation,1HIEb46jjYoR6r7DZc505Pv8rho6aR4oi,2026,0,00_SYSTEM,1B6aUQRoESqp8o2tarlse5zCgd12Arc5Q,100%,override: '\b(asset\.resource|output\.layerstack|in',https://drive.google.com/drive/folders/1wj_wN63yGxQVg3YHTFHnFx-3kOxobImL
1Fm8bUvtCL51109k1IoBMIlFp-e_vImbi,output.layerStack,1N55B1kHb_Yb7YKV-2kRj787ngBu2kp0S,2026,0,00_SYSTEM,1B6aUQRoESqp8o2tarlse5zCgd12Arc5Q,100%,override: '\b(asset\.resource|output\.layerstack|in',https://drive.google.com/drive/folders/1Fm8bUvtCL51109k1IoBMIlFp-e_vImbi
1Cp19CidZbEFbvWsdi5hM3K5AelGrQtyE,output.layerStack,1yt3ud6MolYq0eDnbMKy7gxJQnDKkJctC,2026,0,00_SYSTEM,1B6aUQRoESqp8o2tarlse5zCgd12Arc5Q,100%,override: '\b(asset\.resource|output\.layerstack|in',https://drive.google.com/drive/folders/1Cp19CidZbEFbvWsdi5hM3K5AelGrQtyE
1BJmN8dd96NiYV2hDsPHpui3JxvgNCTsu,asset.resource,1ydKpbhOMvLRJWVpwPR2PSIeL1HS7t2KU,2026,0,00_SYSTEM,1B6aUQRoESqp8o2tarlse5zCgd12Arc5Q,100%,override: '\b(asset\.resource|output\.layerstack|in',https://drive.google.com/drive/folders/1BJmN8dd96NiYV2hDsPHpui3JxvgNCTsu
1ydKpbhOMvLRJWVpwPR2PSIeL1HS7t2KU,input.segmentation,1yt3ud6MolYq0eDnbMKy7gxJQnDKkJctC,2026,0,00_SYSTEM,1B6aUQRoESqp8o2tarlse5zCgd12Arc5Q,100%,override: '\b(asset\.resource|output\.layerstack|in',https://drive.google.com/drive/folders/1ydKpbhOMvLRJWVpwPR2PSIeL1HS7t2KU
1q7a8v99KMN6oxUipvpbqyDrXSCu2_pur,asset.resource,1jIZPFVVK4QeXgqcjmjOR0JUjs-7239b_,2026,0,00_SYSTEM,1B6aUQRoESqp8o2tarlse5zCgd12Arc5Q,100%,override: '\b(asset\.resource|output\.layerstack|in',https://drive.google.com/drive/folders/1q7a8v99KMN6oxUipvpbqyDrXSCu2_pur
1jIZPFVVK4QeXgqcjmjOR0JUjs-7239b_,input.segmentation,1N55B1kHb_Yb7YKV-2kRj787ngBu2kp0S,2026,0,00_SYSTEM,1B6aUQRoESqp8o2tarlse5zCgd12Arc5Q,100%,override: '\b(asset\.resource|output\.layerstack|in',https://drive.google.com/drive/folders/1jIZPFVVK4QeXgqcjmjOR0JUjs-7239b_
1Iqla8oPK4G6q4uwZ7_6OQygvadBLES4E,asset.resource,1uomNXV43eN9cfgTcX5dK2KyAoArRiPQ6,2026,0,00_SYSTEM,1B6aUQRoESqp8o2tarlse5zCgd12Arc5Q,100%,override: '\b(asset\.resource|output\.layerstack|in',https://drive.google.com/drive/folders/1Iqla8oPK4G6q4uwZ7_6OQygvadBLES4E
1uomNXV43eN9cfgTcX5dK2KyAoArRiPQ6,input.segmentation,14CuoRCUqqWxCT7DriWIPf3pJJVy5keTC,2026,0,00_SYSTEM,1B6aUQRoESqp8o2tarlse5zCgd12Arc5Q,100%,override: '\b(asset\.resource|output\.layerstack|in',https://drive.google.com/drive/folders/1uomNXV43eN9cfgTcX5dK2KyAoArRiPQ6
1MKQw7hb-nKClFCfCTvZATdGyrFiA8fdz,output.layerStack,14CuoRCUqqWxCT7DriWIPf3pJJVy5keTC,2026,0,00_SYSTEM,1B6aUQRoESqp8o2tarlse5zCgd12Arc5Q,100%,override: '\b(asset\.resource|output\.layerstack|in',https://drive.google.com/drive/folders/1MKQw7hb-nKClFCfCTvZATdGyrFiA8fdz
1KbVQzyW9mfYaPzu1zs6olNjDu5WIGur1,output.layerStack,130N-zQVQc79a9m_yEkPKoUsjv_iM4-DY,2026,0,00_SYSTEM,1B6aUQRoESqp8o2tarlse5zCgd12Arc5Q,100%,override: '\b(asset\.resource|output\.layerstack|in',https://drive.google.com/drive/folders/1KbVQzyW9mfYaPzu1zs6olNjDu5WIGur1
1iPIcyd1VayzoVozBZI6vE_jTKzSTDBK9,asset.resource,1C2Gazx2TEoBBjCeorqGSF6hoOn-rdZvF,2026,0,00_SYSTEM,1B6aUQRoESqp8o2tarlse5zCgd12Arc5Q,100%,override: '\b(asset\.resource|output\.layerstack|in',https://drive.google.com/drive/folders/1iPIcyd1VayzoVozBZI6vE_jTKzSTDBK9
1C2Gazx2TEoBBjCeorqGSF6hoOn-rdZvF,input.segmentation,130N-zQVQc79a9m_yEkPKoUsjv_iM4-DY,2026,0,00_SYSTEM,1B6aUQRoESqp8o2tarlse5zCgd12Arc5Q,100%,override: '\b(asset\.resource|output\.layerstack|in',https://drive.google.com/drive/folders/1C2Gazx2TEoBBjCeorqGSF6hoOn-rdZvF
1R679iX-QTN9igPZ1khjcgnywZfsYFjOO,asset.resource,1S-j0CWhsngZppSBPaedcCu_KGre_kG4b,2026,0,00_SYSTEM,1B6aUQRoESqp8o2tarlse5zCgd12Arc5Q,100%,override: '\b(asset\.resource|output\.layerstack|in',https://drive.google.com/drive/folders/1R679iX-QTN9igPZ1khjcgnywZfsYFjOO
1S-j0CWhsngZppSBPaedcCu_KGre_kG4b,input.segmentation,1SMrz9vpeAQLWy0GSjUWyxy_wzGX2xRmF,2026,0,00_SYSTEM,1B6aUQRoESqp8o2tarlse5zCgd12Arc5Q,100%,override: '\b(asset\.resource|output\.layerstack|in',https://drive.google.com/drive/folders/1S-j0CWhsngZppSBPaedcCu_KGre_kG4b
1qgmbr50FP-YqHJ7TeMfQd3323zKmv1FH,output.layerStack,1SMrz9vpeAQLWy0GSjUWyxy_wzGX2xRmF,2026,0,00_SYSTEM,1B6aUQRoESqp8o2tarlse5zCgd12Arc5Q,100%,override: '\b(asset\.resource|output\.layerstack|in',https://drive.google.com/drive/folders/1qgmbr50FP-YqHJ7TeMfQd3323zKmv1FH
1g5fCQXWuU1NgxnKlLWZhijQLMkNHA9z-,output.layerStack,1zdBDGzQ4s6K6QnlIzvgIawyBT0DqMHhx,2026,0,00_SYSTEM,1B6aUQRoESqp8o2tarlse5zCgd12Arc5Q,100%,override: '\b(asset\.resource|output\.layerstack|in',https://drive.google.com/drive/folders/1g5fCQXWuU1NgxnKlLWZhijQLMkNHA9z-
1BSHBbHw7imcfn8N7Z4KzboXPBzyAsC6U,asset.resource,1xKE5izHhYjkqnWXFopxlgIu7pIGupSwX,2026,0,00_SYSTEM,1B6aUQRoESqp8o2tarlse5zCgd12Arc5Q,100%,override: '\b(asset\.resource|output\.layerstack|in',https://drive.google.com/drive/folders/1BSHBbHw7imcfn8N7Z4KzboXPBzyAsC6U
1xKE5izHhYjkqnWXFopxlgIu7pIGupSwX,input.segmentation,1zdBDGzQ4s6K6QnlIzvgIawyBT0DqMHhx,2026,0,00_SYSTEM,1B6aUQRoESqp8o2tarlse5zCgd12Arc5Q,100%,override: '\b(asset\.resource|output\.layerstack|in',https://drive.google.com/drive/folders/1xKE5izHhYjkqnWXFopxlgIu7pIGupSwX
1ujUF1PCWgXzxXkMiNo6O-jms5SVFFOox,output.layerStack,1odqhoqYB3VhbMWCZKLBDoNIbumDGHuhx,2026,0,00_SYSTEM,1B6aUQRoESqp8o2tarlse5zCgd12Arc5Q,100%,override: '\b(asset\.resource|output\.layerstack|in',https://drive.google.com/drive/folders/1ujUF1PCWgXzxXkMiNo6O-jms5SVFFOox
1VxjapQYZgOPhPlDjell5ST0H0Uaqc12R,asset.resource,1D7I-DWV3TfseQJQ5kOpJVVG5iDVZM7nl,2026,0,00_SYSTEM,1B6aUQRoESqp8o2tarlse5zCgd12Arc5Q,100%,override: '\b(asset\.resource|output\.layerstack|in',https://drive.google.com/drive/folders/1VxjapQYZgOPhPlDjell5ST0H0Uaqc12R
1D7I-DWV3TfseQJQ5kOpJVVG5iDVZM7nl,input.segmentation,1odqhoqYB3VhbMWCZKLBDoNIbumDGHuhx,2026,0,00_SYSTEM,1B6aUQRoESqp8o2tarlse5zCgd12Arc5Q,100%,override: '\b(asset\.resource|output\.layerstack|in',https://drive.google.com/drive/folders/1D7I-DWV3TfseQJQ5kOpJVVG5iDVZM7nl
1tPvNLmcoO8vI-sj6U1D1PDY2zOKs8RbG,output.layerStack,157cgGIOjQjzKaYuZGOoAI-GLH3CqQCyY,2026,0,00_SYSTEM,1B6aUQRoESqp8o2tarlse5zCgd12Arc5Q,100%,override: '\b(asset\.resource|output\.layerstack|in',https://drive.google.com/drive/folders/1tPvNLmcoO8vI-sj6U1D1PDY2zOKs8RbG
1bId6TUWE-4NF4PKK9l9N0I_vINWjylgc,asset.resource,1u-Pu0uDqF23ytiABRsNEvBaY1s2_71Ec,2026,0,00_SYSTEM,1B6aUQRoESqp8o2tarlse5zCgd12Arc5Q,100%,override: '\b(asset\.resource|output\.layerstack|in',https://drive.google.com/drive/folders/1bId6TUWE-4NF4PKK9l9N0I_vINWjylgc
1u-Pu0uDqF23ytiABRsNEvBaY1s2_71Ec,input.segmentation,157cgGIOjQjzKaYuZGOoAI-GLH3CqQCyY,2026,0,00_SYSTEM,1B6aUQRoESqp8o2tarlse5zCgd12Arc5Q,100%,override: '\b(asset\.resource|output\.layerstack|in',https://drive.google.com/drive/folders/1u-Pu0uDqF23ytiABRsNEvBaY1s2_71Ec
157cgGIOjQjzKaYuZGOoAI-GLH3CqQCyY,12079DE4-5429-4CEC-8D06-F8772C8102DB,1DonAqv8TpyvfLaSeAt88pO6KIccIWDpc,2026,0,00_SYSTEM,1B6aUQRoESqp8o2tarlse5zCgd12Arc5Q,67%,score=6.0 conf=67%,https://drive.google.com/drive/folders/157cgGIOjQjzKaYuZGOoAI-GLH3CqQCyY
1DonAqv8TpyvfLaSeAt88pO6KIccIWDpc,FeaturedPhoto|1EE37263-F611-4B36-AB53-2A30A05EB67E,1y1ifXo_sLkkbXG1CiRp9GnVwfWHLZzPd,2026,0,60_MEDIA/Fotos,1XnU-r5_jas_YWvbQnH_-RdcUtXyMT7B0,62%,score=10.0 conf=62%,https://drive.google.com/drive/folders/1DonAqv8TpyvfLaSeAt88pO6KIccIWDpc
1c1T8vphSMB-0tzcWuBXSBYeF25bj5iR6,asset.resource,1gJJwq_sgJsSXKyYmeSUyGNh9jbiWO-kX,2026,0,00_SYSTEM,1B6aUQRoESqp8o2tarlse5zCgd12Arc5Q,100%,override: '\b(asset\.resource|output\.layerstack|in',https://drive.google.com/drive/folders/1c1T8vphSMB-0tzcWuBXSBYeF25bj5iR6
1gJJwq_sgJsSXKyYmeSUyGNh9jbiWO-kX,input.segmentation,1IXfjvusqcSOc9COfPKKS1wUh1P4rsRXx,2026,0,00_SYSTEM,1B6aUQRoESqp8o2tarlse5zCgd12Arc5Q,100%,override: '\b(asset\.resource|output\.layerstack|in',https://drive.google.com/drive/folders/1gJJwq_sgJsSXKyYmeSUyGNh9jbiWO-kX
1kWsfMiiGpBkFsXQ5idg3SwP4wByDxcUD,output.layerStack,1IXfjvusqcSOc9COfPKKS1wUh1P4rsRXx,2026,0,00_SYSTEM,1B6aUQRoESqp8o2tarlse5zCgd12Arc5Q,100%,override: '\b(asset\.resource|output\.layerstack|in',https://drive.google.com/drive/folders/1kWsfMiiGpBkFsXQ5idg3SwP4wByDxcUD
1GKMSNxJlDb0OoRIylAbCBMyN8SFmMlIZ,asset.resource,13AkKy4k6j0Tm8zDhRoiDixhGFzT3R5UA,2026,0,00_SYSTEM,1B6aUQRoESqp8o2tarlse5zCgd12Arc5Q,100%,override: '\b(asset\.resource|output\.layerstack|in',https://drive.google.com/drive/folders/1GKMSNxJlDb0OoRIylAbCBMyN8SFmMlIZ
13AkKy4k6j0Tm8zDhRoiDixhGFzT3R5UA,input.segmentation,1WmsyAiX2F6UzGm9Lr5miacRRKh72uCvN,2026,0,00_SYSTEM,1B6aUQRoESqp8o2tarlse5zCgd12Arc5Q,100%,override: '\b(asset\.resource|output\.layerstack|in',https://drive.google.com/drive/folders/13AkKy4k6j0Tm8zDhRoiDixhGFzT3R5UA
1bPK_zyPPlsqMfps_xh3amfLfERwjyPuW,output.layerStack,1WmsyAiX2F6UzGm9Lr5miacRRKh72uCvN,2026,0,00_SYSTEM,1B6aUQRoESqp8o2tarlse5zCgd12Arc5Q,100%,override: '\b(asset\.resource|output\.layerstack|in',https://drive.google.com/drive/folders/1bPK_zyPPlsqMfps_xh3amfLfERwjyPuW
1WmsyAiX2F6UzGm9Lr5miacRRKh72uCvN,F18B665E-E155-4676-8C6B-BCFEE9BD7860,17eC2vF2JnubOg8k_viIv2-upUhUMMS-L,2026,0,00_SYSTEM,1B6aUQRoESqp8o2tarlse5zCgd12Arc5Q,67%,score=6.0 conf=67%,https://drive.google.com/drive/folders/1WmsyAiX2F6UzGm9Lr5miacRRKh72uCvN
17eC2vF2JnubOg8k_viIv2-upUhUMMS-L,FeaturedPhoto|F20D8FD8-6EAF-4CEE-999F-1C2A5AFB50A7,1y1ifXo_sLkkbXG1CiRp9GnVwfWHLZzPd,2026,0,60_MEDIA/Fotos,1XnU-r5_jas_YWvbQnH_-RdcUtXyMT7B0,62%,score=10.0 conf=62%,https://drive.google.com/drive/folders/17eC2vF2JnubOg8k_viIv2-upUhUMMS-L
1-V-GBM0KV7ka1awtrowDihqT7JytZGwV,output.layerStack,1Zb1Lt4l8U5uD8g4oY5dbA11YVxjJ1KWR,2026,0,00_SYSTEM,1B6aUQRoESqp8o2tarlse5zCgd12Arc5Q,100%,override: '\b(asset\.resource|output\.layerstack|in',https://drive.google.com/drive/folders/1-V-GBM0KV7ka1awtrowDihqT7JytZGwV
1sYcUky5Cg7pct4i-RH206kQz3x2OGX0g,asset.resource,1e5zrtMSjLBCm8IPhhc99FE9oiCH0U2uO,2026,0,00_SYSTEM,1B6aUQRoESqp8o2tarlse5zCgd12Arc5Q,100%,override: '\b(asset\.resource|output\.layerstack|in',https://drive.google.com/drive/folders/1sYcUky5Cg7pct4i-RH206kQz3x2OGX0g
1e5zrtMSjLBCm8IPhhc99FE9oiCH0U2uO,input.segmentation,1Zb1Lt4l8U5uD8g4oY5dbA11YVxjJ1KWR,2026,0,00_SYSTEM,1B6aUQRoESqp8o2tarlse5zCgd12Arc5Q,100%,override: '\b(asset\.resource|output\.layerstack|in',https://drive.google.com/drive/folders/1e5zrtMSjLBCm8IPhhc99FE9oiCH0U2uO
1Zb1Lt4l8U5uD8g4oY5dbA11YVxjJ1KWR,ACB6590C-A0CF-454D-820C-4BDD8845DF51,1qjPuPUVzLXqLYZJ9-7P1C4oNdF26PjsB,2026,0,00_SYSTEM,1B6aUQRoESqp8o2tarlse5zCgd12Arc5Q,67%,score=6.0 conf=67%,https://drive.google.com/drive/folders/1Zb1Lt4l8U5uD8g4oY5dbA11YVxjJ1KWR
1qjPuPUVzLXqLYZJ9-7P1C4oNdF26PjsB,FeaturedPhoto|34B07D8D-D587-4A70-AFDB-C974B4B1B564,1y1ifXo_sLkkbXG1CiRp9GnVwfWHLZzPd,2026,0,60_MEDIA/Fotos,1XnU-r5_jas_YWvbQnH_-RdcUtXyMT7B0,62%,score=10.0 conf=62%,https://drive.google.com/drive/folders/1qjPuPUVzLXqLYZJ9-7P1C4oNdF26PjsB
1xmH3qe55kvrKXJ_RB4ZOSNQpWWwSz_zQ,asset.resource,10cqsHwB7_TSMRA7gJkO36zIyVNkfciQS,2026,0,00_SYSTEM,1B6aUQRoESqp8o2tarlse5zCgd12Arc5Q,100%,override: '\b(asset\.resource|output\.layerstack|in',https://drive.google.com/drive/folders/1xmH3qe55kvrKXJ_RB4ZOSNQpWWwSz_zQ
10cqsHwB7_TSMRA7gJkO36zIyVNkfciQS,input.segmentation,1X09NI5JJFuWfQfQgN79wiF97c1A4Zbgh,2026,0,00_SYSTEM,1B6aUQRoESqp8o2tarlse5zCgd12Arc5Q,100%,override: '\b(asset\.resource|output\.layerstack|in',https://drive.google.com/drive/folders/10cqsHwB7_TSMRA7gJkO36zIyVNkfciQS
1tJREYw72GZC-G73pN-18vu2ADw04ahj2,output.layerStack,1X09NI5JJFuWfQfQgN79wiF97c1A4Zbgh,2026,0,00_SYSTEM,1B6aUQRoESqp8o2tarlse5zCgd12Arc5Q,100%,override: '\b(asset\.resource|output\.layerstack|in',https://drive.google.com/drive/folders/1tJREYw72GZC-G73pN-18vu2ADw04ahj2
1D7aQGpGOWHJi61qRLBgFNH9pqLSvV7SD,addresources,19JhKoyXCBiVA_IQIK9GvknjbE-M0KohL,2026,0,99_REVIEW,156bSZj5fqG0pi7SFNFLriuX0hhLPmtnl,0%,sem sinal,https://drive.google.com/drive/folders/1D7aQGpGOWHJi61qRLBgFNH9pqLSvV7SD
1O-oio7cnUkpTPpsYF8SJE_PVkTrhLu-8,9D9FA488-1C98-4E30-9E15-97FCFF8DABE6,1g0fj8THUENwx6iReQXeiT8Vc3cBzRCQE,2026,0,00_SYSTEM,1B6aUQRoESqp8o2tarlse5zCgd12Arc5Q,67%,score=6.0 conf=67%,https://drive.google.com/drive/folders/1O-oio7cnUkpTPpsYF8SJE_PVkTrhLu-8
1g0fj8THUENwx6iReQXeiT8Vc3cBzRCQE,FeaturedPhoto|F16E8E0C-6788-4D57-818D-A6B9EDAF7559,1y1ifXo_sLkkbXG1CiRp9GnVwfWHLZzPd,2026,0,60_MEDIA/Fotos,1XnU-r5_jas_YWvbQnH_-RdcUtXyMT7B0,62%,score=10.0 conf=62%,https://drive.google.com/drive/folders/1g0fj8THUENwx6iReQXeiT8Vc3cBzRCQE
1dP8NeMoEFyLB-d7s7QNIDNRu7BrqnQi3,2117C899-6907-4AAA-A681-AD9C9C956F92,1v6IFKBmD6T3tP8BsX5NbIHHHkdn8_IMh,2026,0,00_SYSTEM,1B6aUQRoESqp8o2tarlse5zCgd12Arc5Q,67%,score=6.0 conf=67%,https://drive.google.com/drive/folders/1dP8NeMoEFyLB-d7s7QNIDNRu7BrqnQi3
1v6IFKBmD6T3tP8BsX5NbIHHHkdn8_IMh,FeaturedPhoto|0593A0E4-E8BC-4A66-836F-91CA04A12766,1y1ifXo_sLkkbXG1CiRp9GnVwfWHLZzPd,2026,0,60_MEDIA/Fotos,1XnU-r5_jas_YWvbQnH_-RdcUtXyMT7B0,62%,score=10.0 conf=62%,https://drive.google.com/drive/folders/1v6IFKBmD6T3tP8BsX5NbIHHHkdn8_IMh
1p6WnikEwSCX5zdQr4zounQ1MuAhDQvb_,92E8B0D6-7ABE-4662-8F01-0984854753F2,1ui9CXw-8IjLbJjN7ncTgM5Dr0bwrHJO6,2026,0,00_SYSTEM,1B6aUQRoESqp8o2tarlse5zCgd12Arc5Q,67%,score=6.0 conf=67%,https://drive.google.com/drive/folders/1p6WnikEwSCX5zdQr4zounQ1MuAhDQvb_
18XWUrsO9Jtt3uvto92XSPrfZx-mL5D0P,F24DA258-62A9-401C-B49A-DFF7E87AB3F3,1J0yjrXneptHAU6p-VPA5X0WtUbAR-_vr,2026,0,00_SYSTEM,1B6aUQRoESqp8o2tarlse5zCgd12Arc5Q,67%,score=6.0 conf=67%,https://drive.google.com/drive/folders/18XWUrsO9Jtt3uvto92XSPrfZx-mL5D0P
1J0yjrXneptHAU6p-VPA5X0WtUbAR-_vr,FeaturedPhoto|FE1E602B-C222-4D3F-B4FC-59383990D4B0,1y1ifXo_sLkkbXG1CiRp9GnVwfWHLZzPd,2026,0,60_MEDIA/Fotos,1XnU-r5_jas_YWvbQnH_-RdcUtXyMT7B0,62%,score=10.0 conf=62%,https://drive.google.com/drive/folders/1J0yjrXneptHAU6p-VPA5X0WtUbAR-_vr
1ui9CXw-8IjLbJjN7ncTgM5Dr0bwrHJO6,FeaturedPhoto|128EBD05-C5D1-44B3-9A6F-0E73F752FBFE,1y1ifXo_sLkkbXG1CiRp9GnVwfWHLZzPd,2026,0,60_MEDIA/Fotos,1XnU-r5_jas_YWvbQnH_-RdcUtXyMT7B0,62%,score=10.0 conf=62%,https://drive.google.com/drive/folders/1ui9CXw-8IjLbJjN7ncTgM5Dr0bwrHJO6
1G6dCUAD_hsxJCZTjZVWrF6pmDAaCoXQk,8FF94A78-D4EF-4804-B1FA-47A9EEB1DFE4,1KwMelm9sRfzS4fPEr181Cwti5F9-uocb,2026,0,00_SYSTEM,1B6aUQRoESqp8o2tarlse5zCgd12Arc5Q,67%,score=6.0 conf=67%,https://drive.google.com/drive/folders/1G6dCUAD_hsxJCZTjZVWrF6pmDAaCoXQk
1KwMelm9sRfzS4fPEr181Cwti5F9-uocb,FeaturedPhoto|232D9D38-054D-40CC-B0BA-D1E65F0327B3,1y1ifXo_sLkkbXG1CiRp9GnVwfWHLZzPd,2026,0,60_MEDIA/Fotos,1XnU-r5_jas_YWvbQnH_-RdcUtXyMT7B0,62%,score=10.0 conf=62%,https://drive.google.com/drive/folders/1KwMelm9sRfzS4fPEr181Cwti5F9-uocb
1RGvAVYtwIRe0zjSK2Qhzf_eAoqQYELM8,B4F1CF03-52C0-4F53-AF01-0EE7E002367C,1Md9LdEFf43c_1QgGQvQUwF6vkr1_-RVX,2026,0,00_SYSTEM,1B6aUQRoESqp8o2tarlse5zCgd12Arc5Q,67%,score=6.0 conf=67%,https://drive.google.com/drive/folders/1RGvAVYtwIRe0zjSK2Qhzf_eAoqQYELM8
1CJjEX4gPrUno1dFFcr82rjQIQJ3TyRpJ,2865C988-E28B-45DE-AEFB-71361F3FEA11,16cDQo46wduFhHv3wMSakc9-6ohX8Ui7Z,2026,0,00_SYSTEM,1B6aUQRoESqp8o2tarlse5zCgd12Arc5Q,67%,score=6.0 conf=67%,https://drive.google.com/drive/folders/1CJjEX4gPrUno1dFFcr82rjQIQJ3TyRpJ
1Md9LdEFf43c_1QgGQvQUwF6vkr1_-RVX,FeaturedPhoto|CAF69D0B-B126-4D53-A021-A1647BD4D964,1y1ifXo_sLkkbXG1CiRp9GnVwfWHLZzPd,2026,0,60_MEDIA/Fotos,1XnU-r5_jas_YWvbQnH_-RdcUtXyMT7B0,62%,score=10.0 conf=62%,https://drive.google.com/drive/folders/1Md9LdEFf43c_1QgGQvQUwF6vkr1_-RVX
16cDQo46wduFhHv3wMSakc9-6ohX8Ui7Z,FeaturedPhoto|60D76082-72AA-453B-8A18-012B639E5A7E,1y1ifXo_sLkkbXG1CiRp9GnVwfWHLZzPd,2026,0,60_MEDIA/Fotos,1XnU-r5_jas_YWvbQnH_-RdcUtXyMT7B0,62%,score=10.0 conf=62%,https://drive.google.com/drive/folders/16cDQo46wduFhHv3wMSakc9-6ohX8Ui7Z
14EW8JrBHh8vJRzkIy73aATTzYRl_5g3C,05ED11C2-7B6F-4390-9B10-E2FD35FA0503,1kQ24lMydmZTcy55SsKWrqBLxC2jlV-md,2026,0,00_SYSTEM,1B6aUQRoESqp8o2tarlse5zCgd12Arc5Q,67%,score=6.0 conf=67%,https://drive.google.com/drive/folders/14EW8JrBHh8vJRzkIy73aATTzYRl_5g3C
1kQ24lMydmZTcy55SsKWrqBLxC2jlV-md,FeaturedPhoto|58DFC432-A268-4C7C-BD71-8752B661679D,1y1ifXo_sLkkbXG1CiRp9GnVwfWHLZzPd,2026,0,60_MEDIA/Fotos,1XnU-r5_jas_YWvbQnH_-RdcUtXyMT7B0,62%,score=10.0 conf=62%,https://drive.google.com/drive/folders/1kQ24lMydmZTcy55SsKWrqBLxC2jlV-md
1pP-C2s9S7Mom4SHKJzqmqV_HMsv9zo7Z,120E1EA4-A02D-4B45-8513-A87C727DE9C4,17X9wvRGh5y6XWX5tkmSjTruHHJHLOj82,2026,0,00_SYSTEM,1B6aUQRoESqp8o2tarlse5zCgd12Arc5Q,67%,score=6.0 conf=67%,https://drive.google.com/drive/folders/1pP-C2s9S7Mom4SHKJzqmqV_HMsv9zo7Z
17X9wvRGh5y6XWX5tkmSjTruHHJHLOj82,FeaturedPhoto|33262B73-FE95-47BC-89F4-890E05030D6B,1y1ifXo_sLkkbXG1CiRp9GnVwfWHLZzPd,2026,0,60_MEDIA/Fotos,1XnU-r5_jas_YWvbQnH_-RdcUtXyMT7B0,62%,score=10.0 conf=62%,https://drive.google.com/drive/folders/17X9wvRGh5y6XWX5tkmSjTruHHJHLOj82
1p10Ke3vmw987OCSOLRuN2AjT8QnjoXoG,8FF9580A-D364-4583-B331-FF13C6EA9C73,1fzwA4Gh4p4KSv1XcwpPr8OTg-6EXzBJB,2026,0,00_SYSTEM,1B6aUQRoESqp8o2tarlse5zCgd12Arc5Q,67%,score=6.0 conf=67%,https://drive.google.com/drive/folders/1p10Ke3vmw987OCSOLRuN2AjT8QnjoXoG
1fzwA4Gh4p4KSv1XcwpPr8OTg-6EXzBJB,FeaturedPhoto|7ADB6938-62A8-4C25-9272-DDF0D1934B8C,1y1ifXo_sLkkbXG1CiRp9GnVwfWHLZzPd,2026,0,60_MEDIA/Fotos,1XnU-r5_jas_YWvbQnH_-RdcUtXyMT7B0,62%,score=10.0 conf=62%,https://drive.google.com/drive/folders/1fzwA4Gh4p4KSv1XcwpPr8OTg-6EXzBJB
1HIEb46jjYoR6r7DZc505Pv8rho6aR4oi,917ABBE2-C2D4-456C-90D2-AA68DC82F07A,1Lv_H4Y-0fQ16XsKNbCosqQ0ItgmPAQrM,2026,0,00_SYSTEM,1B6aUQRoESqp8o2tarlse5zCgd12Arc5Q,67%,score=6.0 conf=67%,https://drive.google.com/drive/folders/1HIEb46jjYoR6r7DZc505Pv8rho6aR4oi
1Lv_H4Y-0fQ16XsKNbCosqQ0ItgmPAQrM,FeaturedPhoto|E9A15943-3444-4C6A-B117-11126B09909B,1y1ifXo_sLkkbXG1CiRp9GnVwfWHLZzPd,2026,0,60_MEDIA/Fotos,1XnU-r5_jas_YWvbQnH_-RdcUtXyMT7B0,62%,score=10.0 conf=62%,https://drive.google.com/drive/folders/1Lv_H4Y-0fQ16XsKNbCosqQ0ItgmPAQrM
1AP9f-4r7YqWc3FfCEh4bWxj_p1WC6DZz,40F9C4FC-CB56-4578-9645-7F9CA31C8561,1va8Ovnlr7scTAdBs0BFiHuSd2FcudYd5,2026,0,00_SYSTEM,1B6aUQRoESqp8o2tarlse5zCgd12Arc5Q,67%,score=6.0 conf=67%,https://drive.google.com/drive/folders/1AP9f-4r7YqWc3FfCEh4bWxj_p1WC6DZz
1va8Ovnlr7scTAdBs0BFiHuSd2FcudYd5,FeaturedPhoto|8BB09586-7788-4D8F-95F6-884C580AFA29,1y1ifXo_sLkkbXG1CiRp9GnVwfWHLZzPd,2026,0,60_MEDIA/Fotos,1XnU-r5_jas_YWvbQnH_-RdcUtXyMT7B0,62%,score=10.0 conf=62%,https://drive.google.com/drive/folders/1va8Ovnlr7scTAdBs0BFiHuSd2FcudYd5
1LwY-NPGgM_SKjM75Hw2Osfjnr-o6hOnz,F2994D82-9A47-4F52-A1CA-0B4B8C0742F5,18dOdy2TKhBAQXvkgvuWjKsitUyCNLr5N,2026,0,00_SYSTEM,1B6aUQRoESqp8o2tarlse5zCgd12Arc5Q,67%,score=6.0 conf=67%,https://drive.google.com/drive/folders/1LwY-NPGgM_SKjM75Hw2Osfjnr-o6hOnz
18dOdy2TKhBAQXvkgvuWjKsitUyCNLr5N,FeaturedPhoto|92B6ECB8-544D-4E94-9C91-1462B3838A41,1y1ifXo_sLkkbXG1CiRp9GnVwfWHLZzPd,2026,0,60_MEDIA/Fotos,1XnU-r5_jas_YWvbQnH_-RdcUtXyMT7B0,62%,score=10.0 conf=62%,https://drive.google.com/drive/folders/18dOdy2TKhBAQXvkgvuWjKsitUyCNLr5N
17HWEKpgrZu6NlCIe_bi0KCTztVxghYy3,DDEE3975-9BF2-4C82-A96E-44B520ED66F2,1Zg0GL2DSX9zYpcjQuZexH2cTxo9BIB_O,2026,0,00_SYSTEM,1B6aUQRoESqp8o2tarlse5zCgd12Arc5Q,67%,score=6.0 conf=67%,https://drive.google.com/drive/folders/17HWEKpgrZu6NlCIe_bi0KCTztVxghYy3
1Zg0GL2DSX9zYpcjQuZexH2cTxo9BIB_O,FeaturedPhoto|419AF5D5-778C-402D-B27F-10D39B422C16,1y1ifXo_sLkkbXG1CiRp9GnVwfWHLZzPd,2026,0,60_MEDIA/Fotos,1XnU-r5_jas_YWvbQnH_-RdcUtXyMT7B0,62%,score=10.0 conf=62%,https://drive.google.com/drive/folders/1Zg0GL2DSX9zYpcjQuZexH2cTxo9BIB_O
1IXfjvusqcSOc9COfPKKS1wUh1P4rsRXx,741C75A5-0C15-4CB4-BA35-C76D67F19C62,1Igv11m7un0X24hlucpscIlFjD4nJ0YSt,2026,0,00_SYSTEM,1B6aUQRoESqp8o2tarlse5zCgd12Arc5Q,67%,score=6.0 conf=67%,https://drive.google.com/drive/folders/1IXfjvusqcSOc9COfPKKS1wUh1P4rsRXx
1e-T-i-6Oe8C1WNdv1-Z65z6z6_3TRRkK,6B011A4E-0A75-4C36-AF0B-BEBECEE7723C,1D-RWXVxvsh06RVP-gHOX6p0OS_mz6k1i,2026,0,00_SYSTEM,1B6aUQRoESqp8o2tarlse5zCgd12Arc5Q,67%,score=6.0 conf=67%,https://drive.google.com/drive/folders/1e-T-i-6Oe8C1WNdv1-Z65z6z6_3TRRkK
1D-RWXVxvsh06RVP-gHOX6p0OS_mz6k1i,FeaturedPhoto|600026B3-90C3-4D7E-8370-A687A7640571,1y1ifXo_sLkkbXG1CiRp9GnVwfWHLZzPd,2026,0,60_MEDIA/Fotos,1XnU-r5_jas_YWvbQnH_-RdcUtXyMT7B0,62%,score=10.0 conf=62%,https://drive.google.com/drive/folders/1D-RWXVxvsh06RVP-gHOX6p0OS_mz6k1i
1Igv11m7un0X24hlucpscIlFjD4nJ0YSt,FeaturedPhoto|2C9FBDE7-402C-42AE-B673-2C05BF6F0D39,1y1ifXo_sLkkbXG1CiRp9GnVwfWHLZzPd,2026,0,60_MEDIA/Fotos,1XnU-r5_jas_YWvbQnH_-RdcUtXyMT7B0,62%,score=10.0 conf=62%,https://drive.google.com/drive/folders/1Igv11m7un0X24hlucpscIlFjD4nJ0YSt
1FiaESQVWZvvGFKsuIaRBfLL3ISja0HUs,4FD49F34-83F1-4132-86BC-43E90170C15B,1D_SfZypQl8ONblM13-PJ9FuwUZFTkQy7,2026,0,00_SYSTEM,1B6aUQRoESqp8o2tarlse5zCgd12Arc5Q,67%,score=6.0 conf=67%,https://drive.google.com/drive/folders/1FiaESQVWZvvGFKsuIaRBfLL3ISja0HUs
1D_SfZypQl8ONblM13-PJ9FuwUZFTkQy7,FeaturedPhoto|A10A2935-B9D4-45C2-8B37-EAFA2B015CBB,1y1ifXo_sLkkbXG1CiRp9GnVwfWHLZzPd,2026,0,60_MEDIA/Fotos,1XnU-r5_jas_YWvbQnH_-RdcUtXyMT7B0,62%,score=10.0 conf=62%,https://drive.google.com/drive/folders/1D_SfZypQl8ONblM13-PJ9FuwUZFTkQy7
1Gixpo1Yp44FbeaEdzPoSEfzJuauxeS6T,B300EDBE-4316-4540-A3DD-34AEE8544A25,1geI4tykqIC4TI3fFaRQ-_Eu6Hb9MIfhY,2026,0,00_SYSTEM,1B6aUQRoESqp8o2tarlse5zCgd12Arc5Q,67%,score=6.0 conf=67%,https://drive.google.com/drive/folders/1Gixpo1Yp44FbeaEdzPoSEfzJuauxeS6T
1geI4tykqIC4TI3fFaRQ-_Eu6Hb9MIfhY,FeaturedPhoto|F88628DE-1DEB-4F32-917D-95CF91B429BE,1y1ifXo_sLkkbXG1CiRp9GnVwfWHLZzPd,2026,0,60_MEDIA/Fotos,1XnU-r5_jas_YWvbQnH_-RdcUtXyMT7B0,62%,score=10.0 conf=62%,https://drive.google.com/drive/folders/1geI4tykqIC4TI3fFaRQ-_Eu6Hb9MIfhY
1W6rezPTHNIS37pRqZizIgJ787l1sUMm3,E382A111-26BD-4525-BEA4-6A52F532DF93,17flXUhd2tcwJRsafS-xj5iD9D_oPd0wL,2026,0,00_SYSTEM,1B6aUQRoESqp8o2tarlse5zCgd12Arc5Q,67%,score=6.0 conf=67%,https://drive.google.com/drive/folders/1W6rezPTHNIS37pRqZizIgJ787l1sUMm3
1GXTYH69ExuLZWGgQzLP5atwLnkNlZhK7,D844979A-2026-4519-9F57-77A90C6DF045,18CsXAqwUAHtolPw0VpMniVx8km4AtPCe,2026,0,00_SYSTEM,1B6aUQRoESqp8o2tarlse5zCgd12Arc5Q,67%,score=6.0 conf=67%,https://drive.google.com/drive/folders/1GXTYH69ExuLZWGgQzLP5atwLnkNlZhK7
18CsXAqwUAHtolPw0VpMniVx8km4AtPCe,FeaturedPhoto|83627D19-C1D9-4AC4-AB06-853C33C5A7CA,1y1ifXo_sLkkbXG1CiRp9GnVwfWHLZzPd,2026,0,60_MEDIA/Fotos,1XnU-r5_jas_YWvbQnH_-RdcUtXyMT7B0,62%,score=10.0 conf=62%,https://drive.google.com/drive/folders/18CsXAqwUAHtolPw0VpMniVx8km4AtPCe
17flXUhd2tcwJRsafS-xj5iD9D_oPd0wL,FeaturedPhoto|94EBAD20-6372-4C80-AAE0-0C8915CD82E8,1y1ifXo_sLkkbXG1CiRp9GnVwfWHLZzPd,2026,0,60_MEDIA/Fotos,1XnU-r5_jas_YWvbQnH_-RdcUtXyMT7B0,62%,score=10.0 conf=62%,https://drive.google.com/drive/folders/17flXUhd2tcwJRsafS-xj5iD9D_oPd0wL
130N-zQVQc79a9m_yEkPKoUsjv_iM4-DY,29195537-573B-4334-8C45-2CA06C84432A,14j4nxYvqaydQPuAIbMS0Yx2qJ4K_t8Ih,2026,0,00_SYSTEM,1B6aUQRoESqp8o2tarlse5zCgd12Arc5Q,67%,score=6.0 conf=67%,https://drive.google.com/drive/folders/130N-zQVQc79a9m_yEkPKoUsjv_iM4-DY
14j4nxYvqaydQPuAIbMS0Yx2qJ4K_t8Ih,FeaturedPhoto|D83C95B5-0C28-4693-9AD4-F803DC519B1D,1y1ifXo_sLkkbXG1CiRp9GnVwfWHLZzPd,2026,0,60_MEDIA/Fotos,1XnU-r5_jas_YWvbQnH_-RdcUtXyMT7B0,62%,score=10.0 conf=62%,https://drive.google.com/drive/folders/14j4nxYvqaydQPuAIbMS0Yx2qJ4K_t8Ih
1Wbv6R3MK0wnML_-e6J0itx6REsaSKjAc,EF9CC86C-0863-41BA-825E-DD56CF811125,1H5CbwReEzb93VXR5I0Fe6FXxib4gt0fX,2026,0,00_SYSTEM,1B6aUQRoESqp8o2tarlse5zCgd12Arc5Q,67%,score=6.0 conf=67%,https://drive.google.com/drive/folders/1Wbv6R3MK0wnML_-e6J0itx6REsaSKjAc
1H5CbwReEzb93VXR5I0Fe6FXxib4gt0fX,FeaturedPhoto|4B1AD7D6-7C1C-47E8-BE23-768036482761,1y1ifXo_sLkkbXG1CiRp9GnVwfWHLZzPd,2026,0,60_MEDIA/Fotos,1XnU-r5_jas_YWvbQnH_-RdcUtXyMT7B0,62%,score=10.0 conf=62%,https://drive.google.com/drive/folders/1H5CbwReEzb93VXR5I0Fe6FXxib4gt0fX
1F-PmKRaJRaUU2geDLCvNpo4dsFarhgXm,FB209268-6EA7-4F6F-8B41-6C15C6DA3EAB,1uipZegu6Knp0bPj2d0W_raLBk2QRVJIm,2026,0,00_SYSTEM,1B6aUQRoESqp8o2tarlse5zCgd12Arc5Q,67%,score=6.0 conf=67%,https://drive.google.com/drive/folders/1F-PmKRaJRaUU2geDLCvNpo4dsFarhgXm
1uipZegu6Knp0bPj2d0W_raLBk2QRVJIm,FeaturedPhoto|21B3A0BD-04C2-4224-ADCF-EF510FF1AADB,1y1ifXo_sLkkbXG1CiRp9GnVwfWHLZzPd,2026,0,60_MEDIA/Fotos,1XnU-r5_jas_YWvbQnH_-RdcUtXyMT7B0,62%,score=10.0 conf=62%,https://drive.google.com/drive/folders/1uipZegu6Knp0bPj2d0W_raLBk2QRVJIm
1CIQjtgtNJoKr-GCeVppcyNjrKgb6HDrZ,asset.resource,1AgDKdLpPFS7u-KJGUbdFyxFdnk1b_gJV,2026,0,00_SYSTEM,1B6aUQRoESqp8o2tarlse5zCgd12Arc5Q,100%,override: '\b(asset\.resource|output\.layerstack|in',https://drive.google.com/drive/folders/1CIQjtgtNJoKr-GCeVppcyNjrKgb6HDrZ
14CuoRCUqqWxCT7DriWIPf3pJJVy5keTC,254DE142-B09E-4BAE-B033-74A8F0D59DF9,1Phb__ULIHY_j03nG3hjCKFhU9Gxv1Yn3,2026,0,00_SYSTEM,1B6aUQRoESqp8o2tarlse5zCgd12Arc5Q,67%,score=6.0 conf=67%,https://drive.google.com/drive/folders/14CuoRCUqqWxCT7DriWIPf3pJJVy5keTC
1AgDKdLpPFS7u-KJGUbdFyxFdnk1b_gJV,input.segmentation,1qSsyYxihm6PrMWoClJIVFgWlAdiFpvU-,2026,0,00_SYSTEM,1B6aUQRoESqp8o2tarlse5zCgd12Arc5Q,100%,override: '\b(asset\.resource|output\.layerstack|in',https://drive.google.com/drive/folders/1AgDKdLpPFS7u-KJGUbdFyxFdnk1b_gJV
1Phb__ULIHY_j03nG3hjCKFhU9Gxv1Yn3,FeaturedPhoto|A12C332F-43B7-4593-960A-B161D7062E87,1y1ifXo_sLkkbXG1CiRp9GnVwfWHLZzPd,2026,0,60_MEDIA/Fotos,1XnU-r5_jas_YWvbQnH_-RdcUtXyMT7B0,62%,score=10.0 conf=62%,https://drive.google.com/drive/folders/1Phb__ULIHY_j03nG3hjCKFhU9Gxv1Yn3
1yt3ud6MolYq0eDnbMKy7gxJQnDKkJctC,7027850D-41C5-4D99-814B-59158DDB5BFF,1DhS08L5P3DezLP4-fLcrKiEu5hVIoyYB,2026,0,00_SYSTEM,1B6aUQRoESqp8o2tarlse5zCgd12Arc5Q,67%,score=6.0 conf=67%,https://drive.google.com/drive/folders/1yt3ud6MolYq0eDnbMKy7gxJQnDKkJctC
1DhS08L5P3DezLP4-fLcrKiEu5hVIoyYB,FeaturedPhoto|64E14771-BC08-4521-8CCE-70CC5F71550E,1y1ifXo_sLkkbXG1CiRp9GnVwfWHLZzPd,2026,0,60_MEDIA/Fotos,1XnU-r5_jas_YWvbQnH_-RdcUtXyMT7B0,62%,score=10.0 conf=62%,https://drive.google.com/drive/folders/1DhS08L5P3DezLP4-fLcrKiEu5hVIoyYB
1odqhoqYB3VhbMWCZKLBDoNIbumDGHuhx,13CFFB30-77B2-4FA0-866D-6D80C36EAD01,18uszOGr9DFRE1wLteqxK8fAQTd0yrxTX,2026,0,00_SYSTEM,1B6aUQRoESqp8o2tarlse5zCgd12Arc5Q,67%,score=6.0 conf=67%,https://drive.google.com/drive/folders/1odqhoqYB3VhbMWCZKLBDoNIbumDGHuhx
18uszOGr9DFRE1wLteqxK8fAQTd0yrxTX,FeaturedPhoto|4FDCFC0D-7DED-47F9-9058-B9474A6165A4,1y1ifXo_sLkkbXG1CiRp9GnVwfWHLZzPd,2026,0,60_MEDIA/Fotos,1XnU-r5_jas_YWvbQnH_-RdcUtXyMT7B0,62%,score=10.0 conf=62%,https://drive.google.com/drive/folders/18uszOGr9DFRE1wLteqxK8fAQTd0yrxTX
1weDA7IyYi1OQ2DGCkYmDV3-DEsyNGim4,C8A1B958-9CA9-4C3A-9F92-6786658913BB,1fc2oYZjSwrbjz4rnSVpnojShYIyX5XEm,2026,0,00_SYSTEM,1B6aUQRoESqp8o2tarlse5zCgd12Arc5Q,67%,score=6.0 conf=67%,https://drive.google.com/drive/folders/1weDA7IyYi1OQ2DGCkYmDV3-DEsyNGim4
1fc2oYZjSwrbjz4rnSVpnojShYIyX5XEm,FeaturedPhoto|9849CE96-13BE-421D-B798-79C5FDB465DF,1y1ifXo_sLkkbXG1CiRp9GnVwfWHLZzPd,2026,0,60_MEDIA/Fotos,1XnU-r5_jas_YWvbQnH_-RdcUtXyMT7B0,62%,score=10.0 conf=62%,https://drive.google.com/drive/folders/1fc2oYZjSwrbjz4rnSVpnojShYIyX5XEm
1sDtyS2hfC1rvreCCNBK8AfCj9y-ZXlKq,output.layerStack,1qSsyYxihm6PrMWoClJIVFgWlAdiFpvU-,2026,0,00_SYSTEM,1B6aUQRoESqp8o2tarlse5zCgd12Arc5Q,100%,override: '\b(asset\.resource|output\.layerstack|in',https://drive.google.com/drive/folders/1sDtyS2hfC1rvreCCNBK8AfCj9y-ZXlKq
1qSsyYxihm6PrMWoClJIVFgWlAdiFpvU-,44104121-73E2-4E75-B64B-E244832F9B52,1ZrkXwlVT7J3OYroU_3byovbbz7RkXa3M,2026,0,00_SYSTEM,1B6aUQRoESqp8o2tarlse5zCgd12Arc5Q,67%,score=6.0 conf=67%,https://drive.google.com/drive/folders/1qSsyYxihm6PrMWoClJIVFgWlAdiFpvU-
1ZrkXwlVT7J3OYroU_3byovbbz7RkXa3M,FeaturedPhoto|F3CCA3F2-2916-4A02-ACB4-70E2C21D2B8A,1y1ifXo_sLkkbXG1CiRp9GnVwfWHLZzPd,2026,0,60_MEDIA/Fotos,1XnU-r5_jas_YWvbQnH_-RdcUtXyMT7B0,62%,score=10.0 conf=62%,https://drive.google.com/drive/folders/1ZrkXwlVT7J3OYroU_3byovbbz7RkXa3M
1X09NI5JJFuWfQfQgN79wiF97c1A4Zbgh,6432D133-8DC5-472F-B269-4AB4EF82405E,1yWtXMTIFPSQ_nGdBlQDPMmyGxe_aYFPE,2026,0,00_SYSTEM,1B6aUQRoESqp8o2tarlse5zCgd12Arc5Q,67%,score=6.0 conf=67%,https://drive.google.com/drive/folders/1X09NI5JJFuWfQfQgN79wiF97c1A4Zbgh
1yWtXMTIFPSQ_nGdBlQDPMmyGxe_aYFPE,FeaturedPhoto|3B9E385B-52CC-4BAA-ADFC-B0204A774A78,1y1ifXo_sLkkbXG1CiRp9GnVwfWHLZzPd,2026,0,60_MEDIA/Fotos,1XnU-r5_jas_YWvbQnH_-RdcUtXyMT7B0,62%,score=10.0 conf=62%,https://drive.google.com/drive/folders/1yWtXMTIFPSQ_nGdBlQDPMmyGxe_aYFPE
1ohU0W6fgzTkUVbo5nGNtgP_myVRog75F,10C38E2D-0202-4CBB-AFB6-52EEA4E31150,1LehKZY_P_hlLs0lRm-9XGffvLVSMAz3T,2026,0,00_SYSTEM,1B6aUQRoESqp8o2tarlse5zCgd12Arc5Q,67%,score=6.0 conf=67%,https://drive.google.com/drive/folders/1ohU0W6fgzTkUVbo5nGNtgP_myVRog75F
1LehKZY_P_hlLs0lRm-9XGffvLVSMAz3T,FeaturedPhoto|824B69B1-DD3C-450F-B9D5-31537E4469E3,1y1ifXo_sLkkbXG1CiRp9GnVwfWHLZzPd,2026,0,60_MEDIA/Fotos,1XnU-r5_jas_YWvbQnH_-RdcUtXyMT7B0,62%,score=10.0 conf=62%,https://drive.google.com/drive/folders/1LehKZY_P_hlLs0lRm-9XGffvLVSMAz3T
1mkpE3F1r4XaFFJZGgt9D-SNkDwOJW-yl,output.layerStack,11ZebnBK7y0zncHM2ilqewNynntLilmkj,2026,0,00_SYSTEM,1B6aUQRoESqp8o2tarlse5zCgd12Arc5Q,100%,override: '\b(asset\.resource|output\.layerstack|in',https://drive.google.com/drive/folders/1mkpE3F1r4XaFFJZGgt9D-SNkDwOJW-yl
19inZfNL1Di9QK6Vo49sEGHAEy8mUJ8c_,output.layerStack,1KZbTD1iXw0dAOkF9NHXtMkJ2rO6BG6gV,2026,0,00_SYSTEM,1B6aUQRoESqp8o2tarlse5zCgd12Arc5Q,100%,override: '\b(asset\.resource|output\.layerstack|in',https://drive.google.com/drive/folders/19inZfNL1Di9QK6Vo49sEGHAEy8mUJ8c_
1S0nXw7P89Kjk5zvyuOcl1eN7nTMbU4bS,asset.resource,14NW-B4s9l5h12Erx1JuKXD7I9m0gFckk,2026,0,00_SYSTEM,1B6aUQRoESqp8o2tarlse5zCgd12Arc5Q,100%,override: '\b(asset\.resource|output\.layerstack|in',https://drive.google.com/drive/folders/1S0nXw7P89Kjk5zvyuOcl1eN7nTMbU4bS
14NW-B4s9l5h12Erx1JuKXD7I9m0gFckk,input.segmentation,1KZbTD1iXw0dAOkF9NHXtMkJ2rO6BG6gV,2026,0,00_SYSTEM,1B6aUQRoESqp8o2tarlse5zCgd12Arc5Q,100%,override: '\b(asset\.resource|output\.layerstack|in',https://drive.google.com/drive/folders/14NW-B4s9l5h12Erx1JuKXD7I9m0gFckk
1KZbTD1iXw0dAOkF9NHXtMkJ2rO6BG6gV,B900F1DD-F880-4855-8C47-49D7FFA102EC,1qV1PBeZ3Pm2WifN8lH094GJ16AtUKXFS,2026,0,00_SYSTEM,1B6aUQRoESqp8o2tarlse5zCgd12Arc5Q,67%,score=6.0 conf=67%,https://drive.google.com/drive/folders/1KZbTD1iXw0dAOkF9NHXtMkJ2rO6BG6gV
1qV1PBeZ3Pm2WifN8lH094GJ16AtUKXFS,FeaturedPhoto|4FD1CC32-93CA-443F-8BE1-5DCA313C39D1,1y1ifXo_sLkkbXG1CiRp9GnVwfWHLZzPd,2026,0,60_MEDIA/Fotos,1XnU-r5_jas_YWvbQnH_-RdcUtXyMT7B0,62%,score=10.0 conf=62%,https://drive.google.com/drive/folders/1qV1PBeZ3Pm2WifN8lH094GJ16AtUKXFS
1N55B1kHb_Yb7YKV-2kRj787ngBu2kp0S,4418BC5D-492E-49EB-805B-3396A15A85BA,106NSlQXeH0lO_CH0bNqQdEx0s6dh3hYC,2026,0,00_SYSTEM,1B6aUQRoESqp8o2tarlse5zCgd12Arc5Q,67%,score=6.0 conf=67%,https://drive.google.com/drive/folders/1N55B1kHb_Yb7YKV-2kRj787ngBu2kp0S
106NSlQXeH0lO_CH0bNqQdEx0s6dh3hYC,FeaturedPhoto|D87C8C19-CE65-487C-828C-408ECE026966,1y1ifXo_sLkkbXG1CiRp9GnVwfWHLZzPd,2026,0,60_MEDIA/Fotos,1XnU-r5_jas_YWvbQnH_-RdcUtXyMT7B0,62%,score=10.0 conf=62%,https://drive.google.com/drive/folders/106NSlQXeH0lO_CH0bNqQdEx0s6dh3hYC
1zdBDGzQ4s6K6QnlIzvgIawyBT0DqMHhx,DBE32529-C82E-45FB-811C-4F84E95AE573,1WOev3fUkk40PrddzwYaKmgTvrQbwegl8,2026,0,00_SYSTEM,1B6aUQRoESqp8o2tarlse5zCgd12Arc5Q,67%,score=6.0 conf=67%,https://drive.google.com/drive/folders/1zdBDGzQ4s6K6QnlIzvgIawyBT0DqMHhx
1WOev3fUkk40PrddzwYaKmgTvrQbwegl8,FeaturedPhoto|8CC0315B-D029-46E8-AD39-7EEB10FCF4C7,1y1ifXo_sLkkbXG1CiRp9GnVwfWHLZzPd,2026,0,60_MEDIA/Fotos,1XnU-r5_jas_YWvbQnH_-RdcUtXyMT7B0,62%,score=10.0 conf=62%,https://drive.google.com/drive/folders/1WOev3fUkk40PrddzwYaKmgTvrQbwegl8
16JFBWHYLbbOT-JDE5BiO1XpBT7bCnCnd,output.layerStack,19g1U5cbaG_sfJ2Yje6BM1OUWrN_RA5RU,2026,0,00_SYSTEM,1B6aUQRoESqp8o2tarlse5zCgd12Arc5Q,100%,override: '\b(asset\.resource|output\.layerstack|in',https://drive.google.com/drive/folders/16JFBWHYLbbOT-JDE5BiO1XpBT7bCnCnd
1pgHvRpwSPfa2PxUODXWSDOXIJqSjuWSs,asset.resource,1wOxfXhWSw3UHFEWaSJtxHic4llg7O7Vr,2026,0,00_SYSTEM,1B6aUQRoESqp8o2tarlse5zCgd12Arc5Q,100%,override: '\b(asset\.resource|output\.layerstack|in',https://drive.google.com/drive/folders/1pgHvRpwSPfa2PxUODXWSDOXIJqSjuWSs
1wOxfXhWSw3UHFEWaSJtxHic4llg7O7Vr,input.segmentation,19g1U5cbaG_sfJ2Yje6BM1OUWrN_RA5RU,2026,0,00_SYSTEM,1B6aUQRoESqp8o2tarlse5zCgd12Arc5Q,100%,override: '\b(asset\.resource|output\.layerstack|in',https://drive.google.com/drive/folders/1wOxfXhWSw3UHFEWaSJtxHic4llg7O7Vr
19g1U5cbaG_sfJ2Yje6BM1OUWrN_RA5RU,AE66F204-3766-4F55-A76D-A7024D188B74,1cRfz6J4Rzoe2vDEYHyF4YVYRRnl-WWFM,2026,0,00_SYSTEM,1B6aUQRoESqp8o2tarlse5zCgd12Arc5Q,67%,score=6.0 conf=67%,https://drive.google.com/drive/folders/19g1U5cbaG_sfJ2Yje6BM1OUWrN_RA5RU
1cRfz6J4Rzoe2vDEYHyF4YVYRRnl-WWFM,FeaturedPhoto|74BF69E4-05D1-457E-974B-956A7C434EA6,1y1ifXo_sLkkbXG1CiRp9GnVwfWHLZzPd,2026,0,60_MEDIA/Fotos,1XnU-r5_jas_YWvbQnH_-RdcUtXyMT7B0,62%,score=10.0 conf=62%,https://drive.google.com/drive/folders/1cRfz6J4Rzoe2vDEYHyF4YVYRRnl-WWFM
1YRJkSZBMex-Vst7NcznmumfCfxFXnHPd,asset.resource,1G-lNNcRS6qKRDic7LjcNoL7wcmuGN89B,2026,0,00_SYSTEM,1B6aUQRoESqp8o2tarlse5zCgd12Arc5Q,100%,override: '\b(asset\.resource|output\.layerstack|in',https://drive.google.com/drive/folders/1YRJkSZBMex-Vst7NcznmumfCfxFXnHPd
1G-lNNcRS6qKRDic7LjcNoL7wcmuGN89B,input.segmentation,11ZebnBK7y0zncHM2ilqewNynntLilmkj,2026,0,00_SYSTEM,1B6aUQRoESqp8o2tarlse5zCgd12Arc5Q,100%,override: '\b(asset\.resource|output\.layerstack|in',https://drive.google.com/drive/folders/1G-lNNcRS6qKRDic7LjcNoL7wcmuGN89B
11ZebnBK7y0zncHM2ilqewNynntLilmkj,3E1C4A8A-CA52-4FA8-AE94-1EBED37B5DB7,1BXRBqhL5uHgc0yq8DMGI1fcmdpibscnx,2026,0,00_SYSTEM,1B6aUQRoESqp8o2tarlse5zCgd12Arc5Q,67%,score=6.0 conf=67%,https://drive.google.com/drive/folders/11ZebnBK7y0zncHM2ilqewNynntLilmkj
1BXRBqhL5uHgc0yq8DMGI1fcmdpibscnx,FeaturedPhoto|184B3D57-22F6-4B15-B4CD-93EA957A2CC5,1y1ifXo_sLkkbXG1CiRp9GnVwfWHLZzPd,2026,0,60_MEDIA/Fotos,1XnU-r5_jas_YWvbQnH_-RdcUtXyMT7B0,62%,score=10.0 conf=62%,https://drive.google.com/drive/folders/1BXRBqhL5uHgc0yq8DMGI1fcmdpibscnx
11BG1ueN7IlFaUiCZWtgAtTYipF1nNtuA,13A576CB-D6AE-4F14-BDA4-E9A47CE0E8BB,1w-4sSmD6gCcrz4qEVreLvMPyVQM0BvAU,2026,0,00_SYSTEM,1B6aUQRoESqp8o2tarlse5zCgd12Arc5Q,67%,score=6.0 conf=67%,https://drive.google.com/drive/folders/11BG1ueN7IlFaUiCZWtgAtTYipF1nNtuA
1w-4sSmD6gCcrz4qEVreLvMPyVQM0BvAU,FeaturedPhoto|4FD39A4F-5A28-4643-A733-239A1B519005,1y1ifXo_sLkkbXG1CiRp9GnVwfWHLZzPd,2026,0,60_MEDIA/Fotos,1XnU-r5_jas_YWvbQnH_-RdcUtXyMT7B0,62%,score=10.0 conf=62%,https://drive.google.com/drive/folders/1w-4sSmD6gCcrz4qEVreLvMPyVQM0BvAU
1SMrz9vpeAQLWy0GSjUWyxy_wzGX2xRmF,A4A527EA-BEA0-4280-AC55-C3F3E2784A51,17s84M4Iv_SSaOmFvq7TUiFPSAudweJf6,2026,0,00_SYSTEM,1B6aUQRoESqp8o2tarlse5zCgd12Arc5Q,67%,score=6.0 conf=67%,https://drive.google.com/drive/folders/1SMrz9vpeAQLWy0GSjUWyxy_wzGX2xRmF
1u4LRB6REMnWixROGotRwLKyrIna0tq3-,911A4FDF-90FA-4211-8F48-0200E9AE6AFE,18pqXCTkaomhkpPFWz2Kl77_DumAHYWd1,2026,0,00_SYSTEM,1B6aUQRoESqp8o2tarlse5zCgd12Arc5Q,67%,score=6.0 conf=67%,https://drive.google.com/drive/folders/1u4LRB6REMnWixROGotRwLKyrIna0tq3-
17s84M4Iv_SSaOmFvq7TUiFPSAudweJf6,FeaturedPhoto|0CE67831-45DB-4228-AE00-062D2BEE7E58,1y1ifXo_sLkkbXG1CiRp9GnVwfWHLZzPd,2026,0,60_MEDIA/Fotos,1XnU-r5_jas_YWvbQnH_-RdcUtXyMT7B0,62%,score=10.0 conf=62%,https://drive.google.com/drive/folders/17s84M4Iv_SSaOmFvq7TUiFPSAudweJf6
18pqXCTkaomhkpPFWz2Kl77_DumAHYWd1,FeaturedPhoto|499B1071-FA85-407B-B431-4528BC47254D,1y1ifXo_sLkkbXG1CiRp9GnVwfWHLZzPd,2026,0,60_MEDIA/Fotos,1XnU-r5_jas_YWvbQnH_-RdcUtXyMT7B0,62%,score=10.0 conf=62%,https://drive.google.com/drive/folders/18pqXCTkaomhkpPFWz2Kl77_DumAHYWd1
0BzCGhLBiAQxcMDljMzllZGMtODMxMC00MjU3LWFjZmItNjlkOWNjNmRmNWQz,DOCUMENTOS,0ADCGhLBiAQxcUk9PVA,2026,2,60_MEDIA/Fotos,1XnU-r5_jas_YWvbQnH_-RdcUtXyMT7B0,100%,score=3.5 conf=100%,https://drive.google.com/drive/folders/0BzCGhLBiAQxcMDljMzllZGMtODMxMC00MjU3LWFjZmItNjlkOWNjNmRmNWQz
1vQYs_5yZh91NdqiFu3bVWFqROlLG1l3s,GoogleDrive-miketrainner@gmail.com (25-02-2026 09:17),1CfXgSrDCZt4p7zbX1DufqndId0lnGqB9,2026,0,99_REVIEW,156bSZj5fqG0pi7SFNFLriuX0hhLPmtnl,0%,sem sinal,https://drive.google.com/drive/folders/1vQYs_5yZh91NdqiFu3bVWFqROlLG1l3s
1RUv48NIidX3-qv17TtYROkextN6zX6RS,Fotos,0ADCGhLBiAQxcUk9PVA,2026,1,60_MEDIA/Fotos,1XnU-r5_jas_YWvbQnH_-RdcUtXyMT7B0,100%,score=10.0 conf=100%,https://drive.google.com/drive/folders/1RUv48NIidX3-qv17TtYROkextN6zX6RS
11i0EC6J82jM0EL3C-tvAGDvWXe1zuAlv,Planilha PONTO Z,0ADCGhLBiAQxcUk9PVA,2026,0,99_REVIEW,156bSZj5fqG0pi7SFNFLriuX0hhLPmtnl,0%,sem sinal,https://drive.google.com/drive/folders/11i0EC6J82jM0EL3C-tvAGDvWXe1zuAlv
1mYkLvfku_5_JA2JNd9zhoi_yuRxLJVEC,KLEBER ( SAMUEL ) ,0BzCGhLBiAQxcMDljMzllZGMtODMxMC00MjU3LWFjZmItNjlkOWNjNmRmNWQz,2026,0,99_REVIEW,156bSZj5fqG0pi7SFNFLriuX0hhLPmtnl,0%,sem sinal,https://drive.google.com/drive/folders/1mYkLvfku_5_JA2JNd9zhoi_yuRxLJVEC
1XMdf6qth0Phz4ZkZAEBcoG99MwHThtBz,files,11i0EC6J82jM0EL3C-tvAGDvWXe1zuAlv,2026,0,99_REVIEW,156bSZj5fqG0pi7SFNFLriuX0hhLPmtnl,0%,sem sinal,https://drive.google.com/drive/folders/1XMdf6qth0Phz4ZkZAEBcoG99MwHThtBz
1ydg7mA7ITHkteQto2T8ZvL9rrDoELug0,Como se tornar sobrenatural,1NQcf-9GlOwDk950AeraxnjiUBox14ITd,2026,0,99_REVIEW,156bSZj5fqG0pi7SFNFLriuX0hhLPmtnl,0%,sem sinal,https://drive.google.com/drive/folders/1ydg7mA7ITHkteQto2T8ZvL9rrDoELug0
1NQcf-9GlOwDk950AeraxnjiUBox14ITd,metodod,1PAoBY0_q02BAKMIjxnMHfCEkWy69zoI5,2026,0,99_REVIEW,156bSZj5fqG0pi7SFNFLriuX0hhLPmtnl,0%,sem sinal,https://drive.google.com/drive/folders/1NQcf-9GlOwDk950AeraxnjiUBox14ITd
1n0Lo8o21uHsxTFmwbt7Q3JXbrciEYgU2,MKT,0ADCGhLBiAQxcUk9PVA,2026,0,99_REVIEW,156bSZj5fqG0pi7SFNFLriuX0hhLPmtnl,0%,sem sinal,https://drive.google.com/drive/folders/1n0Lo8o21uHsxTFmwbt7Q3JXbrciEYgU2
1_5TBsafI0_VtLw3cRZR3y5HqN600RPxQ,PLANOS DE TREINO,0ADCGhLBiAQxcUk9PVA,2026,0,30_AREAS/Corpo,1sKg_cI7ZnP8Ql6YafIOFyfSs7XEwzqM8,100%,score=20.0 conf=100%,https://drive.google.com/drive/folders/1_5TBsafI0_VtLw3cRZR3y5HqN600RPxQ
1rDH5LRFuIbbTMAT2Nqgj90rU_aB49EhC,JSX,1PAoBY0_q02BAKMIjxnMHfCEkWy69zoI5,2026,0,99_REVIEW,156bSZj5fqG0pi7SFNFLriuX0hhLPmtnl,0%,sem sinal,https://drive.google.com/drive/folders/1rDH5LRFuIbbTMAT2Nqgj90rU_aB49EhC
1b5uOkUnfjmdz7LhoPeA5ACQ3Iuiiu133,HTML,1PAoBY0_q02BAKMIjxnMHfCEkWy69zoI5,2026,0,99_REVIEW,156bSZj5fqG0pi7SFNFLriuX0hhLPmtnl,0%,sem sinal,https://drive.google.com/drive/folders/1b5uOkUnfjmdz7LhoPeA5ACQ3Iuiiu133
1z8pNd-DcYLYr8rJOx2YlPOOqEg9d3_o3,Particular e Compartilhado 3,1SKqPzH7R0J49LYiG6kTGi0Fb-c8Hvvhn,2026,0,99_REVIEW,156bSZj5fqG0pi7SFNFLriuX0hhLPmtnl,0%,sem sinal,https://drive.google.com/drive/folders/1z8pNd-DcYLYr8rJOx2YlPOOqEg9d3_o3
1EVwUhLhJ77WU84WWoKiGuIlf9Y0SAVII,CARLOS,1SKqPzH7R0J49LYiG6kTGi0Fb-c8Hvvhn,2026,0,30_AREAS/Corpo,1sKg_cI7ZnP8Ql6YafIOFyfSs7XEwzqM8,100%,score=8.0 conf=100%,https://drive.google.com/drive/folders/1EVwUhLhJ77WU84WWoKiGuIlf9Y0SAVII
1SKqPzH7R0J49LYiG6kTGi0Fb-c8Hvvhn,Mesa - MacBook Air de Michael,0ADCGhLBiAQxcUk9PVA,2026,0,30_AREAS/Corpo,1sKg_cI7ZnP8Ql6YafIOFyfSs7XEwzqM8,75%,score=12.0 conf=75%,https://drive.google.com/drive/folders/1SKqPzH7R0J49LYiG6kTGi0Fb-c8Hvvhn
1WV7sd-1KRNFt7SILSuq6ZFtuEA1kyfgk,E,1gj1IrDKux26crM9G3-oxvVyJN8SkvaSi,2026,4,00_SYSTEM,1B6aUQRoESqp8o2tarlse5zCgd12Arc5Q,100%,score=3.0 conf=100%,https://drive.google.com/drive/folders/1WV7sd-1KRNFt7SILSuq6ZFtuEA1kyfgk
1yNUxUgygW_Utd-XieNXFRHlVJtPA0fjh,A,1gj1IrDKux26crM9G3-oxvVyJN8SkvaSi,2026,4,00_SYSTEM,1B6aUQRoESqp8o2tarlse5zCgd12Arc5Q,100%,score=3.0 conf=100%,https://drive.google.com/drive/folders/1yNUxUgygW_Utd-XieNXFRHlVJtPA0fjh
1y9SYDBqhavVLN21ID3HSQdlEohOh1bpi,com.apple.Wallpaper-Settings.extension,1D9uRrCp28BDGePdNGM5fi8TQfx2N4J3b,2026,0,00_SYSTEM,1B6aUQRoESqp8o2tarlse5zCgd12Arc5Q,100%,override: '\b(asset\.resource|output\.layerstack|in',https://drive.google.com/drive/folders/1y9SYDBqhavVLN21ID3HSQdlEohOh1bpi
1Wx9xcdMpkeDuppad8irQxEY9Y7gmaorD,com.apple.Wallpaper-Settings.extension,1175A3c5Cqj2zAUaLdAgNfH0v3zZjX5Rs,2026,0,00_SYSTEM,1B6aUQRoESqp8o2tarlse5zCgd12Arc5Q,100%,override: '\b(asset\.resource|output\.layerstack|in',https://drive.google.com/drive/folders/1Wx9xcdMpkeDuppad8irQxEY9Y7gmaorD
1FH47LzbzMQUgGSp5j46kFNcqDEENSnbz,Documents,1uoa439w6N2RWnvIXVXiuPzyqUxTdVT5f,2026,0,30_AREAS/Mente,1pggTB9hPdF7f50-Zzt7f74GWW1I4fqp0,70%,score=28.0 conf=70%,https://drive.google.com/drive/folders/1FH47LzbzMQUgGSp5j46kFNcqDEENSnbz
1uoa439w6N2RWnvIXVXiuPzyqUxTdVT5f,Meu modelo iMac,,2026,0,00_SYSTEM,1B6aUQRoESqp8o2tarlse5zCgd12Arc5Q,100%,override: '\bmeu\s+(imac|macbook|modelo)\b',https://drive.google.com/drive/folders/1uoa439w6N2RWnvIXVXiuPzyqUxTdVT5f
1n0nBW9BWLnkshmh3mhQfa0nQcqSDoM06,PROJETO ASSESSORIA 4WELLNESS,1uaw9EnpzYNM-aiLbu21B8HICqCvfTbPh,2026,0,30_AREAS/Mente,1pggTB9hPdF7f50-Zzt7f74GWW1I4fqp0,73%,score=16.0 conf=73%,https://drive.google.com/drive/folders/1n0nBW9BWLnkshmh3mhQfa0nQcqSDoM06
1uaw9EnpzYNM-aiLbu21B8HICqCvfTbPh,4WELLNESS,1FH47LzbzMQUgGSp5j46kFNcqDEENSnbz,2026,0,30_AREAS/Mente,1pggTB9hPdF7f50-Zzt7f74GWW1I4fqp0,73%,score=16.0 conf=73%,https://drive.google.com/drive/folders/1uaw9EnpzYNM-aiLbu21B8HICqCvfTbPh
1O6yjUn5qW4yPCaVwyO4iBxtb9ZbYXK8O,com.macpaw.CleanMyMac-mas,1175A3c5Cqj2zAUaLdAgNfH0v3zZjX5Rs,2026,0,99_REVIEW,156bSZj5fqG0pi7SFNFLriuX0hhLPmtnl,0%,sem sinal,https://drive.google.com/drive/folders/1O6yjUn5qW4yPCaVwyO4iBxtb9ZbYXK8O
1DW3VWDhfGSVhAVLIJ0n6wIEfGdQtAZdB,com.macpaw.CleanMyMac-mas,1D9uRrCp28BDGePdNGM5fi8TQfx2N4J3b,2026,0,99_REVIEW,156bSZj5fqG0pi7SFNFLriuX0hhLPmtnl,0%,sem sinal,https://drive.google.com/drive/folders/1DW3VWDhfGSVhAVLIJ0n6wIEfGdQtAZdB
1fB9ObeyfVPvAkoZ1jfSiBzvjfZVOrRz7,Home Videos,1cYHyZAv3rmq9l1Vi_yqzWP-JkVDEEem6,2026,0,60_MEDIA/Videos,1me7AYaMvDth_2oaOUsKAokzQk5kZHDUK,100%,score=10.0 conf=100%,https://drive.google.com/drive/folders/1fB9ObeyfVPvAkoZ1jfSiBzvjfZVOrRz7
1rB5KSnTqqnI-dgosOKCRhjPkKePDgDFZ,F,1gj1IrDKux26crM9G3-oxvVyJN8SkvaSi,2026,0,99_REVIEW,156bSZj5fqG0pi7SFNFLriuX0hhLPmtnl,0%,sem sinal,https://drive.google.com/drive/folders/1rB5KSnTqqnI-dgosOKCRhjPkKePDgDFZ
1Xh3jvQH_WJELujb8NZYjdnmEpwZjFycj,D,1gj1IrDKux26crM9G3-oxvVyJN8SkvaSi,2026,1,00_SYSTEM,1B6aUQRoESqp8o2tarlse5zCgd12Arc5Q,100%,score=3.0 conf=100%,https://drive.google.com/drive/folders/1Xh3jvQH_WJELujb8NZYjdnmEpwZjFycj
1iJYeIsqtsWopwxZCk9ZkQpos0OsxpWh4,B,1gj1IrDKux26crM9G3-oxvVyJN8SkvaSi,2026,0,99_REVIEW,156bSZj5fqG0pi7SFNFLriuX0hhLPmtnl,0%,sem sinal,https://drive.google.com/drive/folders/1iJYeIsqtsWopwxZCk9ZkQpos0OsxpWh4
10TG-0XJjKsgLoVIwp-KvAZNdVapOLGJR,C,1gj1IrDKux26crM9G3-oxvVyJN8SkvaSi,2026,2,00_SYSTEM,1B6aUQRoESqp8o2tarlse5zCgd12Arc5Q,100%,score=3.0 conf=100%,https://drive.google.com/drive/folders/10TG-0XJjKsgLoVIwp-KvAZNdVapOLGJR
1J-Kl5xd-blXgZ4ZtFE5eMsE_PMemUaH4,8,1gj1IrDKux26crM9G3-oxvVyJN8SkvaSi,2026,0,99_REVIEW,156bSZj5fqG0pi7SFNFLriuX0hhLPmtnl,0%,sem sinal,https://drive.google.com/drive/folders/1J-Kl5xd-blXgZ4ZtFE5eMsE_PMemUaH4
1Nmg1RVmHplW6hQn8JcVpyRK7ubR0Vc4M,3,1gj1IrDKux26crM9G3-oxvVyJN8SkvaSi,2026,2,00_SYSTEM,1B6aUQRoESqp8o2tarlse5zCgd12Arc5Q,100%,score=3.0 conf=100%,https://drive.google.com/drive/folders/1Nmg1RVmHplW6hQn8JcVpyRK7ubR0Vc4M
1PU35Zrr8FjmbqqmoNBsWhCkTZo-PxLhi,0,1gj1IrDKux26crM9G3-oxvVyJN8SkvaSi,2026,3,00_SYSTEM,1B6aUQRoESqp8o2tarlse5zCgd12Arc5Q,100%,score=3.0 conf=100%,https://drive.google.com/drive/folders/1PU35Zrr8FjmbqqmoNBsWhCkTZo-PxLhi
1WsC3m6cgOPmsO359chk7hXKn4rcVRL0G,5,1gj1IrDKux26crM9G3-oxvVyJN8SkvaSi,2026,3,00_SYSTEM,1B6aUQRoESqp8o2tarlse5zCgd12Arc5Q,100%,score=3.0 conf=100%,https://drive.google.com/drive/folders/1WsC3m6cgOPmsO359chk7hXKn4rcVRL0G
1DOf9Xs8jteGK83-02HsW5mjpA-4OIO-N,7,1gj1IrDKux26crM9G3-oxvVyJN8SkvaSi,2026,2,00_SYSTEM,1B6aUQRoESqp8o2tarlse5zCgd12Arc5Q,100%,score=3.0 conf=100%,https://drive.google.com/drive/folders/1DOf9Xs8jteGK83-02HsW5mjpA-4OIO-N
1EyL4uTrAuh2l_TinTUMzG7KaipNlAyZq,9,1gj1IrDKux26crM9G3-oxvVyJN8SkvaSi,2026,0,99_REVIEW,156bSZj5fqG0pi7SFNFLriuX0hhLPmtnl,0%,sem sinal,https://drive.google.com/drive/folders/1EyL4uTrAuh2l_TinTUMzG7KaipNlAyZq
1icVJQsKVveXfotNkxfO41EzPvfFTg5BL,1,1gj1IrDKux26crM9G3-oxvVyJN8SkvaSi,2026,0,99_REVIEW,156bSZj5fqG0pi7SFNFLriuX0hhLPmtnl,0%,sem sinal,https://drive.google.com/drive/folders/1icVJQsKVveXfotNkxfO41EzPvfFTg5BL
1GAXaB8PSVOfqSkle82fUOzG2tumtZrjc,6,1gj1IrDKux26crM9G3-oxvVyJN8SkvaSi,2026,5,00_SYSTEM,1B6aUQRoESqp8o2tarlse5zCgd12Arc5Q,100%,score=3.0 conf=100%,https://drive.google.com/drive/folders/1GAXaB8PSVOfqSkle82fUOzG2tumtZrjc
1Hv42zTWPpjiVWlX2Vg1dbbyAncyFQUB8,2,1gj1IrDKux26crM9G3-oxvVyJN8SkvaSi,2026,2,00_SYSTEM,1B6aUQRoESqp8o2tarlse5zCgd12Arc5Q,100%,score=3.0 conf=100%,https://drive.google.com/drive/folders/1Hv42zTWPpjiVWlX2Vg1dbbyAncyFQUB8
1o0mjjBcntCswHwT1WbRa4kKOTF33Pbxd,4,1gj1IrDKux26crM9G3-oxvVyJN8SkvaSi,2026,0,99_REVIEW,156bSZj5fqG0pi7SFNFLriuX0hhLPmtnl,0%,sem sinal,https://drive.google.com/drive/folders/1o0mjjBcntCswHwT1WbRa4kKOTF33Pbxd
1rNE1VmnZZP0oZrd5gLg_GMznZz3k8szn,Áudios ,0ADCGhLBiAQxcUk9PVA,2026,0,60_MEDIA,1Sg3jseMMEDuMo9Fc_Ffr7hDqHlXzIE-A,100%,score=5.0 conf=100%,https://drive.google.com/drive/folders/1rNE1VmnZZP0oZrd5gLg_GMznZz3k8szn
1kpUfyFx1Rr9igtcSqMXoV1QgzZx5Iu6t,Automatically Add to TV.localized,1cYHyZAv3rmq9l1Vi_yqzWP-JkVDEEem6,2026,0,60_MEDIA/Reunioes,12oRVG86_N3EejSEwt9kVvW0de5YUIgy-,100%,score=20.0 conf=100%,https://drive.google.com/drive/folders/1kpUfyFx1Rr9igtcSqMXoV1QgzZx5Iu6t
1q-NUh8Y9Eufl_lHmlOwtuK3hM7y6jCDU,Aspiration Finder,1IYFb_bCdfvgOWteGXxXyPb73fb93BcRu,2026,0,99_REVIEW,156bSZj5fqG0pi7SFNFLriuX0hhLPmtnl,0%,sem sinal,https://drive.google.com/drive/folders/1q-NUh8Y9Eufl_lHmlOwtuK3hM7y6jCDU
1PMV_EARYOXGh1TDxzzvZJzZv-tw7POFf,Fator Bem-Estar,1IYFb_bCdfvgOWteGXxXyPb73fb93BcRu,2026,0,99_REVIEW,156bSZj5fqG0pi7SFNFLriuX0hhLPmtnl,0%,sem sinal,https://drive.google.com/drive/folders/1PMV_EARYOXGh1TDxzzvZJzZv-tw7POFf
1dFyswaHWH3C7JRZbOlV4-pGFkpUTL26y,APTIDÃO PARA A PRÁTICA DE ATIVIDADE FÍSICA,1dOC0MOg9DHpFledGm-nlDk_cl_D2L_2N,2026,0,99_REVIEW,156bSZj5fqG0pi7SFNFLriuX0hhLPmtnl,0%,sem sinal,https://drive.google.com/drive/folders/1dFyswaHWH3C7JRZbOlV4-pGFkpUTL26y
1lhEdSzxVFdeX7awhhsL8IeL7F_RJBMjN,AV pRE TREINO,1IYFb_bCdfvgOWteGXxXyPb73fb93BcRu,2026,0,30_AREAS/Corpo,1sKg_cI7ZnP8Ql6YafIOFyfSs7XEwzqM8,100%,score=20.0 conf=100%,https://drive.google.com/drive/folders/1lhEdSzxVFdeX7awhhsL8IeL7F_RJBMjN
15xWKm4x43R1MaVm4iS8sRLAH4bTedonr,Aprovação para a prática de atividade física,1dOC0MOg9DHpFledGm-nlDk_cl_D2L_2N,2026,0,99_REVIEW,156bSZj5fqG0pi7SFNFLriuX0hhLPmtnl,0%,sem sinal,https://drive.google.com/drive/folders/15xWKm4x43R1MaVm4iS8sRLAH4bTedonr
1QGz2z8YZOTKbNGhe_MK7s1MrR8KfpZ4d,Problemas cardiorrespiratórios e outros problemas,1dOC0MOg9DHpFledGm-nlDk_cl_D2L_2N,2026,0,99_REVIEW,156bSZj5fqG0pi7SFNFLriuX0hhLPmtnl,0%,sem sinal,https://drive.google.com/drive/folders/1QGz2z8YZOTKbNGhe_MK7s1MrR8KfpZ4d
1XLnEUwI9ESSl9BHox0fgtXB-sCkxo8aW,Problemas ósseos e articulares,1dOC0MOg9DHpFledGm-nlDk_cl_D2L_2N,2026,0,99_REVIEW,156bSZj5fqG0pi7SFNFLriuX0hhLPmtnl,0%,sem sinal,https://drive.google.com/drive/folders/1XLnEUwI9ESSl9BHox0fgtXB-sCkxo8aW
1IYFb_bCdfvgOWteGXxXyPb73fb93BcRu,Nova Ava;liacao ,1dOC0MOg9DHpFledGm-nlDk_cl_D2L_2N,2026,0,30_AREAS/Corpo,1sKg_cI7ZnP8Ql6YafIOFyfSs7XEwzqM8,100%,score=4.0 conf=100%,https://drive.google.com/drive/folders/1IYFb_bCdfvgOWteGXxXyPb73fb93BcRu
107qFKYj75-gtmuZdpPCu9lRxk9PjIUHC,Problemas musculares,1dOC0MOg9DHpFledGm-nlDk_cl_D2L_2N,2026,0,99_REVIEW,156bSZj5fqG0pi7SFNFLriuX0hhLPmtnl,0%,sem sinal,https://drive.google.com/drive/folders/107qFKYj75-gtmuZdpPCu9lRxk9PjIUHC
1Khfr7k7i4_TC_NwNkkvhWJAnCdRM5k9H,Fixas ,1ulFu8s36dQzE6Q15FUbYvPNHuIn4F7EQ,2026,0,99_REVIEW,156bSZj5fqG0pi7SFNFLriuX0hhLPmtnl,0%,sem sinal,https://drive.google.com/drive/folders/1Khfr7k7i4_TC_NwNkkvhWJAnCdRM5k9H
1kbtN9d9TlbicaAtnrMTp8hmVzIlJzSfa,Medicação,1dOC0MOg9DHpFledGm-nlDk_cl_D2L_2N,2026,0,80_PERSONAL/Saude,1DEcur3QyvUzTP1Z47tgJx9aZgN-4EqRO,100%,score=20.0 conf=100%,https://drive.google.com/drive/folders/1kbtN9d9TlbicaAtnrMTp8hmVzIlJzSfa
1t5nphSbY75YBhwq_7bLRBdaToHLuUNtw,Fator Bem-Estar,1dOC0MOg9DHpFledGm-nlDk_cl_D2L_2N,2026,0,99_REVIEW,156bSZj5fqG0pi7SFNFLriuX0hhLPmtnl,0%,sem sinal,https://drive.google.com/drive/folders/1t5nphSbY75YBhwq_7bLRBdaToHLuUNtw
1lDki3Pu-cmG-NNyB-PSEw8UTN4teEdWw,Avaliação Pré-Treinamento,1dOC0MOg9DHpFledGm-nlDk_cl_D2L_2N,2026,0,99_REVIEW,156bSZj5fqG0pi7SFNFLriuX0hhLPmtnl,0%,sem sinal,https://drive.google.com/drive/folders/1lDki3Pu-cmG-NNyB-PSEw8UTN4teEdWw
1eXg9lANJp2d9fuHYabTubb4KBgEvnFrU,Exerc,1ulFu8s36dQzE6Q15FUbYvPNHuIn4F7EQ,2026,0,99_REVIEW,156bSZj5fqG0pi7SFNFLriuX0hhLPmtnl,0%,sem sinal,https://drive.google.com/drive/folders/1eXg9lANJp2d9fuHYabTubb4KBgEvnFrU
1Kp7b2kXgZdPViISGW7_WetckGi8h_8Wb,Como MOntar treinos ,1ulFu8s36dQzE6Q15FUbYvPNHuIn4F7EQ,2026,0,99_REVIEW,156bSZj5fqG0pi7SFNFLriuX0hhLPmtnl,0%,sem sinal,https://drive.google.com/drive/folders/1Kp7b2kXgZdPViISGW7_WetckGi8h_8Wb
1pUXMZvJj4YdFuG89GLwkofzNGDClWEKV,Resultados,1lZC_o_rm4Gvo-Drk7BokrCoJOhGkE2Uq,2026,0,99_REVIEW,156bSZj5fqG0pi7SFNFLriuX0hhLPmtnl,0%,sem sinal,https://drive.google.com/drive/folders/1pUXMZvJj4YdFuG89GLwkofzNGDClWEKV
1CsvLuctKdL68ZuWjOzlJHWTeEEaAFzj4,Treino,1lZC_o_rm4Gvo-Drk7BokrCoJOhGkE2Uq,2026,0,30_AREAS/Corpo,1sKg_cI7ZnP8Ql6YafIOFyfSs7XEwzqM8,100%,score=20.0 conf=100%,https://drive.google.com/drive/folders/1CsvLuctKdL68ZuWjOzlJHWTeEEaAFzj4
1oNRBZ9br7DIZCROfG--BoftagquIvZsC,MARATONA WILSON 2023.key,1RN0g9tP_iXtHk7kBk6tSrfKtaa6UubqS,2026,0,30_AREAS/Corpo,1sKg_cI7ZnP8Ql6YafIOFyfSs7XEwzqM8,100%,score=20.0 conf=100%,https://drive.google.com/drive/folders/1oNRBZ9br7DIZCROfG--BoftagquIvZsC
1ZYhc5bGFS1-EdCCQ5T8Paw5PFTmSHVfQ,The MAF Method.epub,1yWu-HcGsm3zvYjxP-tlcF8pFsr0O7Gf0,2026,0,99_REVIEW,156bSZj5fqG0pi7SFNFLriuX0hhLPmtnl,0%,sem sinal,https://drive.google.com/drive/folders/1ZYhc5bGFS1-EdCCQ5T8Paw5PFTmSHVfQ
1pbxYq3Oplu2dnZ5uXsVQsqsKyKM4TBdb,Pag Inicial,1lZC_o_rm4Gvo-Drk7BokrCoJOhGkE2Uq,2026,0,99_REVIEW,156bSZj5fqG0pi7SFNFLriuX0hhLPmtnl,0%,sem sinal,https://drive.google.com/drive/folders/1pbxYq3Oplu2dnZ5uXsVQsqsKyKM4TBdb
1F8N3W0LD4rRWDm1DSn7sM_UsxBZbiMQQ,Dados apessoasl,1lZC_o_rm4Gvo-Drk7BokrCoJOhGkE2Uq,2026,0,99_REVIEW,156bSZj5fqG0pi7SFNFLriuX0hhLPmtnl,0%,sem sinal,https://drive.google.com/drive/folders/1F8N3W0LD4rRWDm1DSn7sM_UsxBZbiMQQ
18mcPZidwqpWiO3Gavr4K3P-VS65HD9YF,Calendario,1lZC_o_rm4Gvo-Drk7BokrCoJOhGkE2Uq,2026,0,99_REVIEW,156bSZj5fqG0pi7SFNFLriuX0hhLPmtnl,0%,sem sinal,https://drive.google.com/drive/folders/18mcPZidwqpWiO3Gavr4K3P-VS65HD9YF
15I7DX3GwkHo1o9Di53QuyXik0s3vdXaW,MARATONA WILSON 2023 2.key,1RN0g9tP_iXtHk7kBk6tSrfKtaa6UubqS,2026,0,30_AREAS/Corpo,1sKg_cI7ZnP8Ql6YafIOFyfSs7XEwzqM8,100%,score=20.0 conf=100%,https://drive.google.com/drive/folders/15I7DX3GwkHo1o9Di53QuyXik0s3vdXaW
10NDz9TS7A-VBlseYEXBw_1Wq0IIfg6Tl,The Essence of Program Design.epub,1yWu-HcGsm3zvYjxP-tlcF8pFsr0O7Gf0,2026,0,30_AREAS/Mente,1pggTB9hPdF7f50-Zzt7f74GWW1I4fqp0,100%,score=20.0 conf=100%,https://drive.google.com/drive/folders/10NDz9TS7A-VBlseYEXBw_1Wq0IIfg6Tl
1dOC0MOg9DHpFledGm-nlDk_cl_D2L_2N,Avaliacao ,1lZC_o_rm4Gvo-Drk7BokrCoJOhGkE2Uq,2026,0,30_AREAS/Corpo,1sKg_cI7ZnP8Ql6YafIOFyfSs7XEwzqM8,50%,score=4.0 conf=50%,https://drive.google.com/drive/folders/1dOC0MOg9DHpFledGm-nlDk_cl_D2L_2N
1h8wr-aCw5GS4BsoofW1rI--Nca1dLVL_,Painel,11dKd75YMWfPTQut_KXa0ale_wZav6Vyq,2026,0,99_REVIEW,156bSZj5fqG0pi7SFNFLriuX0hhLPmtnl,0%,sem sinal,https://drive.google.com/drive/folders/1h8wr-aCw5GS4BsoofW1rI--Nca1dLVL_
1Iqr896VpRfLkUqTEOjsCqn0qp0XVhPAw,Dieta do ponto z c7119a28e47040889aa6142cc6734b20,1z8pNd-DcYLYr8rJOx2YlPOOqEg9d3_o3,2026,0,99_REVIEW,156bSZj5fqG0pi7SFNFLriuX0hhLPmtnl,0%,sem sinal,https://drive.google.com/drive/folders/1Iqr896VpRfLkUqTEOjsCqn0qp0XVhPAw
17cLKtZ2B_CYwAzQdnCBfxTsBToHslc16,Contato,11dKd75YMWfPTQut_KXa0ale_wZav6Vyq,2026,0,99_REVIEW,156bSZj5fqG0pi7SFNFLriuX0hhLPmtnl,0%,sem sinal,https://drive.google.com/drive/folders/17cLKtZ2B_CYwAzQdnCBfxTsBToHslc16
1YgtxMAucHvVSn3ZvhZRTd5pn1PDEgKOW,Pag Inicial,11dKd75YMWfPTQut_KXa0ale_wZav6Vyq,2026,0,99_REVIEW,156bSZj5fqG0pi7SFNFLriuX0hhLPmtnl,0%,sem sinal,https://drive.google.com/drive/folders/1YgtxMAucHvVSn3ZvhZRTd5pn1PDEgKOW
1RcHshkSK2wd23GQzFG3CYI8Ygare9J3i,The MAF Method 2.epub,1yWu-HcGsm3zvYjxP-tlcF8pFsr0O7Gf0,2026,0,99_REVIEW,156bSZj5fqG0pi7SFNFLriuX0hhLPmtnl,0%,sem sinal,https://drive.google.com/drive/folders/1RcHshkSK2wd23GQzFG3CYI8Ygare9J3i
1RN0g9tP_iXtHk7kBk6tSrfKtaa6UubqS,pasta sem título 2,1EVwUhLhJ77WU84WWoKiGuIlf9Y0SAVII,2026,0,30_AREAS/Corpo,1sKg_cI7ZnP8Ql6YafIOFyfSs7XEwzqM8,100%,score=8.0 conf=100%,https://drive.google.com/drive/folders/1RN0g9tP_iXtHk7kBk6tSrfKtaa6UubqS
1ulFu8s36dQzE6Q15FUbYvPNHuIn4F7EQ,Treinos ,11dKd75YMWfPTQut_KXa0ale_wZav6Vyq,2026,0,99_REVIEW,156bSZj5fqG0pi7SFNFLriuX0hhLPmtnl,0%,sem sinal,https://drive.google.com/drive/folders/1ulFu8s36dQzE6Q15FUbYvPNHuIn4F7EQ
1T89t25H2-hVLsYnhHWvZ4BstkJkLFNpx,pasta sem título,1EVwUhLhJ77WU84WWoKiGuIlf9Y0SAVII,2026,0,99_REVIEW,156bSZj5fqG0pi7SFNFLriuX0hhLPmtnl,0%,sem sinal,https://drive.google.com/drive/folders/1T89t25H2-hVLsYnhHWvZ4BstkJkLFNpx
1lZC_o_rm4Gvo-Drk7BokrCoJOhGkE2Uq,Pag Alunno,11dKd75YMWfPTQut_KXa0ale_wZav6Vyq,2026,0,30_AREAS/Corpo,1sKg_cI7ZnP8Ql6YafIOFyfSs7XEwzqM8,67%,score=8.0 conf=67%,https://drive.google.com/drive/folders/1lZC_o_rm4Gvo-Drk7BokrCoJOhGkE2Uq
1ilfcEVV2qfYhIOS8gmzkI3OAKCjnqNTY,Planejamneto,11dKd75YMWfPTQut_KXa0ale_wZav6Vyq,2026,0,99_REVIEW,156bSZj5fqG0pi7SFNFLriuX0hhLPmtnl,0%,sem sinal,https://drive.google.com/drive/folders/1ilfcEVV2qfYhIOS8gmzkI3OAKCjnqNTY
1oj3H6UWP1a3KF3Z89jYy_1KMCYPrlZpF,OpenType-PS,1mdW-pEHBNxSe2GKa3GKdrnj2B-jqygxA,2026,0,99_REVIEW,156bSZj5fqG0pi7SFNFLriuX0hhLPmtnl,0%,sem sinal,https://drive.google.com/drive/folders/1oj3H6UWP1a3KF3Z89jYy_1KMCYPrlZpF
1RY8-LNx_fWGVCb0l__ixYq9t31uzUKNz,Dieta do ponto z c7119a28e47040889aa6142cc6734b20,1A7K-anV38U3NafFCWEJIAUswoVE4L-6U,2026,0,99_REVIEW,156bSZj5fqG0pi7SFNFLriuX0hhLPmtnl,0%,sem sinal,https://drive.google.com/drive/folders/1RY8-LNx_fWGVCb0l__ixYq9t31uzUKNz
1qOq3qmY8LpdhxeLw_iJkk11WBO9m0QNR,📁 Esporte,1Y-OJfq3EdOssgQy827VC-VKihOEglIOq,2026,0,99_REVIEW,156bSZj5fqG0pi7SFNFLriuX0hhLPmtnl,0%,sem sinal,https://drive.google.com/drive/folders/1qOq3qmY8LpdhxeLw_iJkk11WBO9m0QNR
1a50bpP5V0uZj2aScuPLSIjICxTMlvHA_,Sistema_Ponto_Z_Completo_Completo,1DLpr3QF49hgLyZGV2aw--6tmbODZkv8o,2026,0,99_REVIEW,156bSZj5fqG0pi7SFNFLriuX0hhLPmtnl,0%,sem sinal,https://drive.google.com/drive/folders/1a50bpP5V0uZj2aScuPLSIjICxTMlvHA_
1_tGgmRUhjo6118NK_2BEVQYk75V6OvYP,🧠 Mental,1Y-OJfq3EdOssgQy827VC-VKihOEglIOq,2026,0,99_REVIEW,156bSZj5fqG0pi7SFNFLriuX0hhLPmtnl,0%,sem sinal,https://drive.google.com/drive/folders/1_tGgmRUhjo6118NK_2BEVQYk75V6OvYP
1gH7IhoRGWnZUQ9X7LJviv2LTZPnjZkYK,Pasta sem título,1A7K-anV38U3NafFCWEJIAUswoVE4L-6U,2026,0,99_REVIEW,156bSZj5fqG0pi7SFNFLriuX0hhLPmtnl,0%,sem sinal,https://drive.google.com/drive/folders/1gH7IhoRGWnZUQ9X7LJviv2LTZPnjZkYK
1gR7_apX8fKrHbS1JSQFcEGmbOUHQe8Sl,Ebook_MTSports.pdf,1SKqPzH7R0J49LYiG6kTGi0Fb-c8Hvvhn,2026,0,99_REVIEW,156bSZj5fqG0pi7SFNFLriuX0hhLPmtnl,0%,sem sinal,https://drive.google.com/drive/folders/1gR7_apX8fKrHbS1JSQFcEGmbOUHQe8Sl
1Xm7-fmsme9Qmz8nBwL6PGmfQwRHCz-_T,Dieta do ponto z c7119a28e47040889aa6142cc6734b20,1DLpr3QF49hgLyZGV2aw--6tmbODZkv8o,2026,0,99_REVIEW,156bSZj5fqG0pi7SFNFLriuX0hhLPmtnl,0%,sem sinal,https://drive.google.com/drive/folders/1Xm7-fmsme9Qmz8nBwL6PGmfQwRHCz-_T
1yWu-HcGsm3zvYjxP-tlcF8pFsr0O7Gf0,pasta sem título,1SKqPzH7R0J49LYiG6kTGi0Fb-c8Hvvhn,2026,0,30_AREAS/Mente,1pggTB9hPdF7f50-Zzt7f74GWW1I4fqp0,100%,score=4.0 conf=100%,https://drive.google.com/drive/folders/1yWu-HcGsm3zvYjxP-tlcF8pFsr0O7Gf0
1A7K-anV38U3NafFCWEJIAUswoVE4L-6U,Particular e Compartilhado 2,1SKqPzH7R0J49LYiG6kTGi0Fb-c8Hvvhn,2026,0,99_REVIEW,156bSZj5fqG0pi7SFNFLriuX0hhLPmtnl,0%,sem sinal,https://drive.google.com/drive/folders/1A7K-anV38U3NafFCWEJIAUswoVE4L-6U
14i6ZCtoeY3jNoq76U_-qLYirBlAmvVDj,Expressão de Marca Pessoal,1SKqPzH7R0J49LYiG6kTGi0Fb-c8Hvvhn,2026,0,99_REVIEW,156bSZj5fqG0pi7SFNFLriuX0hhLPmtnl,0%,sem sinal,https://drive.google.com/drive/folders/14i6ZCtoeY3jNoq76U_-qLYirBlAmvVDj
11dKd75YMWfPTQut_KXa0ale_wZav6Vyq,pronext.mywellness.com,1SKqPzH7R0J49LYiG6kTGi0Fb-c8Hvvhn,2026,0,30_AREAS/Corpo,1sKg_cI7ZnP8Ql6YafIOFyfSs7XEwzqM8,67%,score=8.0 conf=67%,https://drive.google.com/drive/folders/11dKd75YMWfPTQut_KXa0ale_wZav6Vyq
1fTzYrguaMpyhbb0SDYIgdX4Ryftrktu5,Ebook_MTSports 3.pdf,1SKqPzH7R0J49LYiG6kTGi0Fb-c8Hvvhn,2026,0,99_REVIEW,156bSZj5fqG0pi7SFNFLriuX0hhLPmtnl,0%,sem sinal,https://drive.google.com/drive/folders/1fTzYrguaMpyhbb0SDYIgdX4Ryftrktu5
13qWUo8ceDZHJvy0N1YkczKGtqftyEtP8,Ebook_MTSports 2.pdf,1SKqPzH7R0J49LYiG6kTGi0Fb-c8Hvvhn,2026,0,99_REVIEW,156bSZj5fqG0pi7SFNFLriuX0hhLPmtnl,0%,sem sinal,https://drive.google.com/drive/folders/13qWUo8ceDZHJvy0N1YkczKGtqftyEtP8
1DLpr3QF49hgLyZGV2aw--6tmbODZkv8o,Particular e Compartilhado,1SKqPzH7R0J49LYiG6kTGi0Fb-c8Hvvhn,2026,0,99_REVIEW,156bSZj5fqG0pi7SFNFLriuX0hhLPmtnl,0%,sem sinal,https://drive.google.com/drive/folders/1DLpr3QF49hgLyZGV2aw--6tmbODZkv8o
1mdW-pEHBNxSe2GKa3GKdrnj2B-jqygxA,Expressão de Marca Empresarial,1SKqPzH7R0J49LYiG6kTGi0Fb-c8Hvvhn,2026,0,99_REVIEW,156bSZj5fqG0pi7SFNFLriuX0hhLPmtnl,0%,sem sinal,https://drive.google.com/drive/folders/1mdW-pEHBNxSe2GKa3GKdrnj2B-jqygxA
1gA50D65nouzt9i32aipkcYMozU7O1Twu,streams,1YaBATNhdkBF9kVEbLbl9BVQ5h_2jhnwk,2026,0,99_REVIEW,156bSZj5fqG0pi7SFNFLriuX0hhLPmtnl,0%,sem sinal,https://drive.google.com/drive/folders/1gA50D65nouzt9i32aipkcYMozU7O1Twu
1hOxDh6mcMKEEqT-DxR2rjM3vPqoGGHSd,com.apple.StorageManagement.CloudStorageHelper,1175A3c5Cqj2zAUaLdAgNfH0v3zZjX5Rs,2026,0,00_SYSTEM,1B6aUQRoESqp8o2tarlse5zCgd12Arc5Q,100%,override: '\b(asset\.resource|output\.layerstack|in',https://drive.google.com/drive/folders/1hOxDh6mcMKEEqT-DxR2rjM3vPqoGGHSd
1tq4Qmq5G1MLVdU7rwySJyc7H78qLsaZk,com.apple.StorageManagement.CloudStorageHelper,1D9uRrCp28BDGePdNGM5fi8TQfx2N4J3b,2026,0,00_SYSTEM,1B6aUQRoESqp8o2tarlse5zCgd12Arc5Q,100%,override: '\b(asset\.resource|output\.layerstack|in',https://drive.google.com/drive/folders/1tq4Qmq5G1MLVdU7rwySJyc7H78qLsaZk
1aLnDoDhhrrNe4Tru9EYlW8AHE2cWYDGG,legacy,1X_oRgjNbGxXili28aWAzQcWkb8DlUDSj,2026,0,99_REVIEW,156bSZj5fqG0pi7SFNFLriuX0hhLPmtnl,0%,sem sinal,https://drive.google.com/drive/folders/1aLnDoDhhrrNe4Tru9EYlW8AHE2cWYDGG
1X_oRgjNbGxXili28aWAzQcWkb8DlUDSj,projects,1YaBATNhdkBF9kVEbLbl9BVQ5h_2jhnwk,2026,0,99_REVIEW,156bSZj5fqG0pi7SFNFLriuX0hhLPmtnl,0%,sem sinal,https://drive.google.com/drive/folders/1X_oRgjNbGxXili28aWAzQcWkb8DlUDSj
1gIw2xsscqiouK0ZcNlYg351zQx5veywU,com.apple.PhotosUserAccountUpdaterTool,1D9uRrCp28BDGePdNGM5fi8TQfx2N4J3b,2026,0,00_SYSTEM,1B6aUQRoESqp8o2tarlse5zCgd12Arc5Q,100%,override: '\b(asset\.resource|output\.layerstack|in',https://drive.google.com/drive/folders/1gIw2xsscqiouK0ZcNlYg351zQx5veywU
1kAnaWqgVzd9ee8BxFcJ5_ynAIqrCYi0s,com.apple.PhotosUserAccountUpdaterTool,1175A3c5Cqj2zAUaLdAgNfH0v3zZjX5Rs,2026,0,00_SYSTEM,1B6aUQRoESqp8o2tarlse5zCgd12Arc5Q,100%,override: '\b(asset\.resource|output\.layerstack|in',https://drive.google.com/drive/folders/1kAnaWqgVzd9ee8BxFcJ5_ynAIqrCYi0s
1NhlYO58HqH8A5FnxMcHvaWgmp44lqlRy,INFLIGHTCOMMENTS,1krId4ERYn183VW28kRNl6CUda2vEMnUA,2026,0,99_REVIEW,156bSZj5fqG0pi7SFNFLriuX0hhLPmtnl,0%,sem sinal,https://drive.google.com/drive/folders/1NhlYO58HqH8A5FnxMcHvaWgmp44lqlRy
1LR6EPY-s08OHXLRVI6Otms5P7TUaV08EFspb5tU5HXxr3xM3SZgRXqGbzklWmKpJtC7UoQu3,Planilhas,0ADCGhLBiAQxcUk9PVA,2026,29,50_CREATION,15N8xPKHgfnOww38XZXdmhLYv6VKMiuYY,56%,score=30.0 conf=56%,https://drive.google.com/drive/folders/1LR6EPY-s08OHXLRVI6Otms5P7TUaV08EFspb5tU5HXxr3xM3SZgRXqGbzklWmKpJtC7UoQu3
1UBJYDvVjXd-ThFjy3ro85TeW8yvLYdVF,PAULO,0BzCGhLBiAQxcMDljMzllZGMtODMxMC00MjU3LWFjZmItNjlkOWNjNmRmNWQz,2026,0,99_REVIEW,156bSZj5fqG0pi7SFNFLriuX0hhLPmtnl,0%,sem sinal,https://drive.google.com/drive/folders/1UBJYDvVjXd-ThFjy3ro85TeW8yvLYdVF
1ZZRUAjb8RUiNGGLl_hanVeDKtgUdWcoo,SISTEMA MT-SO,0BzCGhLBiAQxcMDljMzllZGMtODMxMC00MjU3LWFjZmItNjlkOWNjNmRmNWQz,2025,0,99_REVIEW,156bSZj5fqG0pi7SFNFLriuX0hhLPmtnl,0%,sem sinal,https://drive.google.com/drive/folders/1ZZRUAjb8RUiNGGLl_hanVeDKtgUdWcoo
1lklIEkLAmN_Nw8Fu0u1Ry5hWkVjx6GQJ,Z,0BzCGhLBiAQxcMDljMzllZGMtODMxMC00MjU3LWFjZmItNjlkOWNjNmRmNWQz,2026,0,99_REVIEW,156bSZj5fqG0pi7SFNFLriuX0hhLPmtnl,0%,sem sinal,https://drive.google.com/drive/folders/1lklIEkLAmN_Nw8Fu0u1Ry5hWkVjx6GQJ
1XIr_7hLbJ7RCQN5HnCRJfmESyuJ3V_y5,Biblioteca de fotos.biblioteca de fotos.photoslibrary,1kaIsG1vrnqFg38UUWfGUbJOZUfO30Kq0,2026,0,60_MEDIA/Fotos,1XnU-r5_jas_YWvbQnH_-RdcUtXyMT7B0,62%,score=50.0 conf=62%,https://drive.google.com/drive/folders/1XIr_7hLbJ7RCQN5HnCRJfmESyuJ3V_y5
1KRFRVKaFH_07XAGOGlTF7lW6L8nUrSJN,com.apple.appkit.xpc.openAndSavePanelService,1D9uRrCp28BDGePdNGM5fi8TQfx2N4J3b,2026,0,00_SYSTEM,1B6aUQRoESqp8o2tarlse5zCgd12Arc5Q,100%,override: '\b(asset\.resource|output\.layerstack|in',https://drive.google.com/drive/folders/1KRFRVKaFH_07XAGOGlTF7lW6L8nUrSJN
1meRGEtsDdUTQapw0NE_h7mPpCK2BgG9p,com.apple.appkit.xpc.openAndSavePanelService,1175A3c5Cqj2zAUaLdAgNfH0v3zZjX5Rs,2026,0,00_SYSTEM,1B6aUQRoESqp8o2tarlse5zCgd12Arc5Q,100%,override: '\b(asset\.resource|output\.layerstack|in',https://drive.google.com/drive/folders/1meRGEtsDdUTQapw0NE_h7mPpCK2BgG9p
1m6kJx-KAxXxYjjSzhqACUHnbwYUWi9wy,com.apple.GenerativePlaygroundApp,1175A3c5Cqj2zAUaLdAgNfH0v3zZjX5Rs,2026,0,00_SYSTEM,1B6aUQRoESqp8o2tarlse5zCgd12Arc5Q,100%,override: '\b(asset\.resource|output\.layerstack|in',https://drive.google.com/drive/folders/1m6kJx-KAxXxYjjSzhqACUHnbwYUWi9wy
1PmAqIhG3zp-WmsU45DS5RWiFaoCpFuhQ,com.apple.GenerativePlaygroundApp,1D9uRrCp28BDGePdNGM5fi8TQfx2N4J3b,2026,0,00_SYSTEM,1B6aUQRoESqp8o2tarlse5zCgd12Arc5Q,100%,override: '\b(asset\.resource|output\.layerstack|in',https://drive.google.com/drive/folders/1PmAqIhG3zp-WmsU45DS5RWiFaoCpFuhQ
1u0phWWM3ofNKtVQ5YMKYCA74h66DpxXh,4138DE40-1C82-4334-9E83-9DFB5EC35DD8,1LbU0I3iBjIC45YWMqntv-_fBvd5THiEU,2026,0,99_REVIEW,156bSZj5fqG0pi7SFNFLriuX0hhLPmtnl,0%,sem sinal,https://drive.google.com/drive/folders/1u0phWWM3ofNKtVQ5YMKYCA74h66DpxXh
1hMsf8Iq__09688OY8x1Qse3QWzajvoWw,VO2,1UaJPy6HnweNS1D_Wxn6IrgFF0BKrdTps,2026,0,99_REVIEW,156bSZj5fqG0pi7SFNFLriuX0hhLPmtnl,0%,sem sinal,https://drive.google.com/drive/folders/1hMsf8Iq__09688OY8x1Qse3QWzajvoWw
1IMXfU6IIi-t8agJdKzeWtmbo2Mjdz8yW,PROJETO 4W-SINTONIA,1UaJPy6HnweNS1D_Wxn6IrgFF0BKrdTps,2026,0,99_REVIEW,156bSZj5fqG0pi7SFNFLriuX0hhLPmtnl,0%,sem sinal,https://drive.google.com/drive/folders/1IMXfU6IIi-t8agJdKzeWtmbo2Mjdz8yW
1rzaDEH76fiFwU9tCXgH3cS57YfooYc-J,Plano de Ação metas e vendas,17mmnHEQJJNIWN7EXxrNxQUWa8Ck0oCC6,2026,0,99_REVIEW,156bSZj5fqG0pi7SFNFLriuX0hhLPmtnl,0%,sem sinal,https://drive.google.com/drive/folders/1rzaDEH76fiFwU9tCXgH3cS57YfooYc-J
1vaqU2zjPQvAsdUC6BwoE3mHtfQ_AiKoY,Material de pesquisa sebrae,1uRtXrJWmwByqc5qd2k6Zf9p7mHzL4GIk,2026,0,40_KNOWLEDGE,1e5BK2bCjDsqzkl08j6DqFHiXo-y02WJX,100%,score=10.0 conf=100%,https://drive.google.com/drive/folders/1vaqU2zjPQvAsdUC6BwoE3mHtfQ_AiKoY
1uRtXrJWmwByqc5qd2k6Zf9p7mHzL4GIk,Sebrae,17mmnHEQJJNIWN7EXxrNxQUWa8Ck0oCC6,2026,0,40_KNOWLEDGE,1e5BK2bCjDsqzkl08j6DqFHiXo-y02WJX,100%,score=4.0 conf=100%,https://drive.google.com/drive/folders/1uRtXrJWmwByqc5qd2k6Zf9p7mHzL4GIk
1asXpw_NPOG2ZwM5qyPCROLrdZoyP5gB7,Plano de negocio Pos graduação,1rdZ2PNlJxae7d2OZYTMHEOZtqufAoWzo,2026,0,30_AREAS/Mente,1pggTB9hPdF7f50-Zzt7f74GWW1I4fqp0,100%,score=20.0 conf=100%,https://drive.google.com/drive/folders/1asXpw_NPOG2ZwM5qyPCROLrdZoyP5gB7
17mmnHEQJJNIWN7EXxrNxQUWa8Ck0oCC6,Modelo de Plano de negocio,1oDeB4uXlcwSUslhlbufF2pUDNcRhkXSc,2026,0,30_AREAS/Mente,1pggTB9hPdF7f50-Zzt7f74GWW1I4fqp0,85%,score=44.0 conf=85%,https://drive.google.com/drive/folders/17mmnHEQJJNIWN7EXxrNxQUWa8Ck0oCC6
1rdZ2PNlJxae7d2OZYTMHEOZtqufAoWzo,Plano de negocio completo,17mmnHEQJJNIWN7EXxrNxQUWa8Ck0oCC6,2026,0,30_AREAS/Mente,1pggTB9hPdF7f50-Zzt7f74GWW1I4fqp0,100%,score=28.0 conf=100%,https://drive.google.com/drive/folders/1rdZ2PNlJxae7d2OZYTMHEOZtqufAoWzo
1hy81wuNIEyfW-9CUr730kGyCHkvm_VDO,Plano de negocio,1oDeB4uXlcwSUslhlbufF2pUDNcRhkXSc,2026,0,30_AREAS/Mente,1pggTB9hPdF7f50-Zzt7f74GWW1I4fqp0,100%,score=20.0 conf=100%,https://drive.google.com/drive/folders/1hy81wuNIEyfW-9CUr730kGyCHkvm_VDO
1zjCbeO0U_ddJgr7ntOHHew1j6cAl4ZQa,Concorrentes,1oDeB4uXlcwSUslhlbufF2pUDNcRhkXSc,2026,0,99_REVIEW,156bSZj5fqG0pi7SFNFLriuX0hhLPmtnl,0%,sem sinal,https://drive.google.com/drive/folders/1zjCbeO0U_ddJgr7ntOHHew1j6cAl4ZQa
1gHelxDl2ZF2zc7kAmBNj2bOSRTgHm4rR,Comece certo,1oDeB4uXlcwSUslhlbufF2pUDNcRhkXSc,2026,0,99_REVIEW,156bSZj5fqG0pi7SFNFLriuX0hhLPmtnl,0%,sem sinal,https://drive.google.com/drive/folders/1gHelxDl2ZF2zc7kAmBNj2bOSRTgHm4rR
1Ih46lrTt1LD1q-irY4R4mRxehNRUnNMa,Projetos,1oDeB4uXlcwSUslhlbufF2pUDNcRhkXSc,2026,0,99_REVIEW,156bSZj5fqG0pi7SFNFLriuX0hhLPmtnl,0%,sem sinal,https://drive.google.com/drive/folders/1Ih46lrTt1LD1q-irY4R4mRxehNRUnNMa
1qxTq2y38ifd9Cve8C-WoiuuAhnbl3cAK,pesquisa de concorrencia,1zAPyW9RwQdUxKnwdjWPn0lO1Wyv-jxEK,2026,0,40_KNOWLEDGE,1e5BK2bCjDsqzkl08j6DqFHiXo-y02WJX,100%,score=10.0 conf=100%,https://drive.google.com/drive/folders/1qxTq2y38ifd9Cve8C-WoiuuAhnbl3cAK
1oluj8x8o6KQm2V2W2HTL4-mjNNna2y5f,Rascunhos Templates,1zAPyW9RwQdUxKnwdjWPn0lO1Wyv-jxEK,2026,0,99_REVIEW,156bSZj5fqG0pi7SFNFLriuX0hhLPmtnl,0%,sem sinal,https://drive.google.com/drive/folders/1oluj8x8o6KQm2V2W2HTL4-mjNNna2y5f
1qcjxBj-TlFhq3RdRtqdDP4AW5qzqK6VF,Contrato,1zAPyW9RwQdUxKnwdjWPn0lO1Wyv-jxEK,2026,0,70_BUSINESS,1g6VsRP42__bKHOj2tqHPPeg-fg2EsGkT,100%,score=15.0 conf=100%,https://drive.google.com/drive/folders/1qcjxBj-TlFhq3RdRtqdDP4AW5qzqK6VF
1W_cDUefH7dYX-RRy1DDKTY9hati1caCB,Mrketing digital,1zAPyW9RwQdUxKnwdjWPn0lO1Wyv-jxEK,2026,0,99_REVIEW,156bSZj5fqG0pi7SFNFLriuX0hhLPmtnl,0%,sem sinal,https://drive.google.com/drive/folders/1W_cDUefH7dYX-RRy1DDKTY9hati1caCB
10-OlJz7zg5_ku0f0cKknP62o8dDsEq6b,Briefing,1zAPyW9RwQdUxKnwdjWPn0lO1Wyv-jxEK,2026,0,99_REVIEW,156bSZj5fqG0pi7SFNFLriuX0hhLPmtnl,0%,sem sinal,https://drive.google.com/drive/folders/10-OlJz7zg5_ku0f0cKknP62o8dDsEq6b
1CWwymZ0Dgg9xboYWUArQTT2ml2z_RECX,Manual de conduta,1zAPyW9RwQdUxKnwdjWPn0lO1Wyv-jxEK,2026,0,99_REVIEW,156bSZj5fqG0pi7SFNFLriuX0hhLPmtnl,0%,sem sinal,https://drive.google.com/drive/folders/1CWwymZ0Dgg9xboYWUArQTT2ml2z_RECX
1zAPyW9RwQdUxKnwdjWPn0lO1Wyv-jxEK,Site,1oDeB4uXlcwSUslhlbufF2pUDNcRhkXSc,2026,0,70_BUSINESS,1g6VsRP42__bKHOj2tqHPPeg-fg2EsGkT,60%,score=6.0 conf=60%,https://drive.google.com/drive/folders/1zAPyW9RwQdUxKnwdjWPn0lO1Wyv-jxEK
1TCc1PAJVWa1RKvmdv8u7y0-0cSkyce4j,Pesquisa,1oDeB4uXlcwSUslhlbufF2pUDNcRhkXSc,2026,0,40_KNOWLEDGE,1e5BK2bCjDsqzkl08j6DqFHiXo-y02WJX,100%,score=10.0 conf=100%,https://drive.google.com/drive/folders/1TCc1PAJVWa1RKvmdv8u7y0-0cSkyce4j
1oDeB4uXlcwSUslhlbufF2pUDNcRhkXSc,PROJETO ASSESSORIA 4WELLNESS,1UaJPy6HnweNS1D_Wxn6IrgFF0BKrdTps,2026,0,30_AREAS/Mente,1pggTB9hPdF7f50-Zzt7f74GWW1I4fqp0,67%,score=40.0 conf=67%,https://drive.google.com/drive/folders/1oDeB4uXlcwSUslhlbufF2pUDNcRhkXSc
1T4fszt6cV99TxSWACyyqRxzoEbIvHcmA,Motivacão,1oDeB4uXlcwSUslhlbufF2pUDNcRhkXSc,2026,0,99_REVIEW,156bSZj5fqG0pi7SFNFLriuX0hhLPmtnl,0%,sem sinal,https://drive.google.com/drive/folders/1T4fszt6cV99TxSWACyyqRxzoEbIvHcmA
1AdsFbd3MZZm38jU9PoDqmpZlkiV9DJLp,RH,1oDeB4uXlcwSUslhlbufF2pUDNcRhkXSc,2026,0,70_BUSINESS,1g6VsRP42__bKHOj2tqHPPeg-fg2EsGkT,100%,score=15.0 conf=100%,https://drive.google.com/drive/folders/1AdsFbd3MZZm38jU9PoDqmpZlkiV9DJLp
1TrwaDf_OGDslG0wiLM-0fXnZ79hwxGlV,AS ESTACOES ,1AHWK_XHz8GusB5b11U37qXZZj3QyiE2D,2026,0,99_REVIEW,156bSZj5fqG0pi7SFNFLriuX0hhLPmtnl,0%,sem sinal,https://drive.google.com/drive/folders/1TrwaDf_OGDslG0wiLM-0fXnZ79hwxGlV
1QVOkIdyC7KczuHPogmb2bdmcpYeEaAbY,Desenvolvimento Pessoal,1AHWK_XHz8GusB5b11U37qXZZj3QyiE2D,2026,0,99_REVIEW,156bSZj5fqG0pi7SFNFLriuX0hhLPmtnl,0%,sem sinal,https://drive.google.com/drive/folders/1QVOkIdyC7KczuHPogmb2bdmcpYeEaAbY
1mdAsmeDZpaJkiVNZpl9PUmosQ8dFg3B9,VIDEO,1AHWK_XHz8GusB5b11U37qXZZj3QyiE2D,2026,0,60_MEDIA/Videos,1me7AYaMvDth_2oaOUsKAokzQk5kZHDUK,100%,score=10.0 conf=100%,https://drive.google.com/drive/folders/1mdAsmeDZpaJkiVNZpl9PUmosQ8dFg3B9
1AHWK_XHz8GusB5b11U37qXZZj3QyiE2D,JIM ROMM,1UaJPy6HnweNS1D_Wxn6IrgFF0BKrdTps,2026,0,60_MEDIA/Videos,1me7AYaMvDth_2oaOUsKAokzQk5kZHDUK,100%,score=4.0 conf=100%,https://drive.google.com/drive/folders/1AHWK_XHz8GusB5b11U37qXZZj3QyiE2D
1u9ArPjL0wyyRcs9DnnqHtN0bmrJEIaSc,AUDIO,1AHWK_XHz8GusB5b11U37qXZZj3QyiE2D,2026,0,99_REVIEW,156bSZj5fqG0pi7SFNFLriuX0hhLPmtnl,0%,sem sinal,https://drive.google.com/drive/folders/1u9ArPjL0wyyRcs9DnnqHtN0bmrJEIaSc
1KNIbbULXFuG35nwTbhedIygVA_66aZ_B,GINASTICA NATURAL,1sP2EYYNzNSPj0qF7Pt815_nBrpzSBhhX,2026,0,99_REVIEW,156bSZj5fqG0pi7SFNFLriuX0hhLPmtnl,0%,sem sinal,https://drive.google.com/drive/folders/1KNIbbULXFuG35nwTbhedIygVA_66aZ_B
1NUEyAcVJ9UcHU-E3KuUYRT1r_dMCtltA,Manuals,10AU9sWH8SdKuVRdvE-Jc3k9xIOvvavZc,2026,0,99_REVIEW,156bSZj5fqG0pi7SFNFLriuX0hhLPmtnl,0%,sem sinal,https://drive.google.com/drive/folders/1NUEyAcVJ9UcHU-E3KuUYRT1r_dMCtltA
10AU9sWH8SdKuVRdvE-Jc3k9xIOvvavZc,CORE TRAINER,1sP2EYYNzNSPj0qF7Pt815_nBrpzSBhhX,2026,0,99_REVIEW,156bSZj5fqG0pi7SFNFLriuX0hhLPmtnl,0%,sem sinal,https://drive.google.com/drive/folders/10AU9sWH8SdKuVRdvE-Jc3k9xIOvvavZc
1MzgSlDNqM189PIMA_G3_ijmPvd1cZti8,TREINO PARA GUEREIROS,1sP2EYYNzNSPj0qF7Pt815_nBrpzSBhhX,2026,0,30_AREAS/Corpo,1sKg_cI7ZnP8Ql6YafIOFyfSs7XEwzqM8,100%,score=20.0 conf=100%,https://drive.google.com/drive/folders/1MzgSlDNqM189PIMA_G3_ijmPvd1cZti8
1PGRD48Ezqpi4YgAr7AEL51F1IczZsAcy,Nova pasta,1sP2EYYNzNSPj0qF7Pt815_nBrpzSBhhX,2026,0,99_REVIEW/SemNome,1PaSeiS18VMWSQ43FEDg-jjx7pHJ40SIy,100%,vazio/genérico,https://drive.google.com/drive/folders/1PGRD48Ezqpi4YgAr7AEL51F1IczZsAcy
1sP2EYYNzNSPj0qF7Pt815_nBrpzSBhhX,TREINAMENTO FISICO,1UaJPy6HnweNS1D_Wxn6IrgFF0BKrdTps,2026,0,30_AREAS/Corpo,1sKg_cI7ZnP8Ql6YafIOFyfSs7XEwzqM8,100%,score=8.0 conf=100%,https://drive.google.com/drive/folders/1sP2EYYNzNSPj0qF7Pt815_nBrpzSBhhX
1uIR9CnAtT8kFWA-ivZ3cWmYHhNCyuEHp,JC' SANTANA,1sP2EYYNzNSPj0qF7Pt815_nBrpzSBhhX,2026,0,99_REVIEW,156bSZj5fqG0pi7SFNFLriuX0hhLPmtnl,0%,sem sinal,https://drive.google.com/drive/folders/1uIR9CnAtT8kFWA-ivZ3cWmYHhNCyuEHp
1rMyoDORbJgGcfuIxBjXzBKv3d6iqeg-1,Endeavor,1UaJPy6HnweNS1D_Wxn6IrgFF0BKrdTps,2026,0,99_REVIEW,156bSZj5fqG0pi7SFNFLriuX0hhLPmtnl,0%,sem sinal,https://drive.google.com/drive/folders/1rMyoDORbJgGcfuIxBjXzBKv3d6iqeg-1
1KqNSggwAkiToOP01HFMlF5wCh-uUaZEB,Logos_formatos 2,1GIxqmumekKDSWWJXVX_RRiFGVQpK9MqS,2026,0,99_REVIEW,156bSZj5fqG0pi7SFNFLriuX0hhLPmtnl,0%,sem sinal,https://drive.google.com/drive/folders/1KqNSggwAkiToOP01HFMlF5wCh-uUaZEB
1GIxqmumekKDSWWJXVX_RRiFGVQpK9MqS,KALOUPIA ,1UaJPy6HnweNS1D_Wxn6IrgFF0BKrdTps,2026,0,99_REVIEW,156bSZj5fqG0pi7SFNFLriuX0hhLPmtnl,0%,sem sinal,https://drive.google.com/drive/folders/1GIxqmumekKDSWWJXVX_RRiFGVQpK9MqS
1nvQAoz7aDfyLGWDILl8hAPuhwBwuj85K,PROJETO ARTE DA VIDA,1UaJPy6HnweNS1D_Wxn6IrgFF0BKrdTps,2026,0,99_REVIEW,156bSZj5fqG0pi7SFNFLriuX0hhLPmtnl,0%,sem sinal,https://drive.google.com/drive/folders/1nvQAoz7aDfyLGWDILl8hAPuhwBwuj85K
1PEIXM4TfmMRx-Q64AIMq4jH0CwtDldCQ,orçamentos,1TFrgUOhg7Ar7VIHUElEIOxTv9aJ4_qIL,2026,0,99_REVIEW,156bSZj5fqG0pi7SFNFLriuX0hhLPmtnl,0%,sem sinal,https://drive.google.com/drive/folders/1PEIXM4TfmMRx-Q64AIMq4jH0CwtDldCQ
1TFrgUOhg7Ar7VIHUElEIOxTv9aJ4_qIL,fotos atitude,15i-RhMcSjEe1JptFYM9qguozSopF1zuX,2026,0,60_MEDIA/Fotos,1XnU-r5_jas_YWvbQnH_-RdcUtXyMT7B0,100%,score=10.0 conf=100%,https://drive.google.com/drive/folders/1TFrgUOhg7Ar7VIHUElEIOxTv9aJ4_qIL
1X_8wHbvXRWp-586llJARgppIS2Wjs9ga,MacOS,1Pc1VVZwa759Vid-uzZgJ_7_A8srLvb4A,2026,0,99_REVIEW,156bSZj5fqG0pi7SFNFLriuX0hhLPmtnl,0%,sem sinal,https://drive.google.com/drive/folders/1X_8wHbvXRWp-586llJARgppIS2Wjs9ga
1OyjiT6bDw3oQBZH15JeWqgZ5IBFRhDe1,ja.lproj,1QZHZhv4PnUoo5cxAD5ED6MX2LkHkL6En,2026,0,99_REVIEW,156bSZj5fqG0pi7SFNFLriuX0hhLPmtnl,0%,sem sinal,https://drive.google.com/drive/folders/1OyjiT6bDw3oQBZH15JeWqgZ5IBFRhDe1
1jqRylpzx__VP0ZmDGx15AdgSqOSbaquN,cs.lproj,1QZHZhv4PnUoo5cxAD5ED6MX2LkHkL6En,2026,0,99_REVIEW,156bSZj5fqG0pi7SFNFLriuX0hhLPmtnl,0%,sem sinal,https://drive.google.com/drive/folders/1jqRylpzx__VP0ZmDGx15AdgSqOSbaquN
1J9WDPGP7g4cNx7mjixbP88QOGifgY8Dc,pl.lproj,1QZHZhv4PnUoo5cxAD5ED6MX2LkHkL6En,2026,0,99_REVIEW,156bSZj5fqG0pi7SFNFLriuX0hhLPmtnl,0%,sem sinal,https://drive.google.com/drive/folders/1J9WDPGP7g4cNx7mjixbP88QOGifgY8Dc
17gaeDVO7uaD4AAoBqhzOsLEWZiIuysvF,it.lproj,1QZHZhv4PnUoo5cxAD5ED6MX2LkHkL6En,2026,0,99_REVIEW,156bSZj5fqG0pi7SFNFLriuX0hhLPmtnl,0%,sem sinal,https://drive.google.com/drive/folders/17gaeDVO7uaD4AAoBqhzOsLEWZiIuysvF
1GZBMsh1Wz_FSl8xAJXzReUbdiOoVmTOO,nl.lproj,1QZHZhv4PnUoo5cxAD5ED6MX2LkHkL6En,2026,0,99_REVIEW,156bSZj5fqG0pi7SFNFLriuX0hhLPmtnl,0%,sem sinal,https://drive.google.com/drive/folders/1GZBMsh1Wz_FSl8xAJXzReUbdiOoVmTOO
1AWyNz-ky9KATyWoV29bIj3cjKxZm5ohb,tr.lproj,1QZHZhv4PnUoo5cxAD5ED6MX2LkHkL6En,2026,0,99_REVIEW,156bSZj5fqG0pi7SFNFLriuX0hhLPmtnl,0%,sem sinal,https://drive.google.com/drive/folders/1AWyNz-ky9KATyWoV29bIj3cjKxZm5ohb
1HTV-N2jvWqT9a-yDzeyoh-vMhwHex_py,sv.lproj,1QZHZhv4PnUoo5cxAD5ED6MX2LkHkL6En,2026,0,99_REVIEW,156bSZj5fqG0pi7SFNFLriuX0hhLPmtnl,0%,sem sinal,https://drive.google.com/drive/folders/1HTV-N2jvWqT9a-yDzeyoh-vMhwHex_py
1cGgbNaNlaMZRt93ckZ9ktVmw3DK44pJv,zh_CN.lproj,1QZHZhv4PnUoo5cxAD5ED6MX2LkHkL6En,2026,0,99_REVIEW,156bSZj5fqG0pi7SFNFLriuX0hhLPmtnl,0%,sem sinal,https://drive.google.com/drive/folders/1cGgbNaNlaMZRt93ckZ9ktVmw3DK44pJv
1gV_DuVO813jM9gQjmbMV25ZdIuld4i1l,pt.lproj,1QZHZhv4PnUoo5cxAD5ED6MX2LkHkL6En,2026,0,99_REVIEW,156bSZj5fqG0pi7SFNFLriuX0hhLPmtnl,0%,sem sinal,https://drive.google.com/drive/folders/1gV_DuVO813jM9gQjmbMV25ZdIuld4i1l
1GW1ULa3LplzfgV1DoJ1opoAH1APwkA5i,de.lproj,1QZHZhv4PnUoo5cxAD5ED6MX2LkHkL6En,2026,0,99_REVIEW,156bSZj5fqG0pi7SFNFLriuX0hhLPmtnl,0%,sem sinal,https://drive.google.com/drive/folders/1GW1ULa3LplzfgV1DoJ1opoAH1APwkA5i
1WFBYHhW3iOr3-7gS1THnwl_osNhRQ5In,en.lproj,1QZHZhv4PnUoo5cxAD5ED6MX2LkHkL6En,2026,0,99_REVIEW,156bSZj5fqG0pi7SFNFLriuX0hhLPmtnl,0%,sem sinal,https://drive.google.com/drive/folders/1WFBYHhW3iOr3-7gS1THnwl_osNhRQ5In
1hv7dH678rfLwyHfMb9flKe4rkM-H24Kj,ru.lproj,1QZHZhv4PnUoo5cxAD5ED6MX2LkHkL6En,2026,0,99_REVIEW,156bSZj5fqG0pi7SFNFLriuX0hhLPmtnl,0%,sem sinal,https://drive.google.com/drive/folders/1hv7dH678rfLwyHfMb9flKe4rkM-H24Kj
1772bWOqJde5Jb4PZbjqttzXhlUxvucJ9,zh_TW.lproj,1QZHZhv4PnUoo5cxAD5ED6MX2LkHkL6En,2026,0,99_REVIEW,156bSZj5fqG0pi7SFNFLriuX0hhLPmtnl,0%,sem sinal,https://drive.google.com/drive/folders/1772bWOqJde5Jb4PZbjqttzXhlUxvucJ9
17UGJqWA7fhWJnKiRJIvIi80MpfunX7h1,ko.lproj,1QZHZhv4PnUoo5cxAD5ED6MX2LkHkL6En,2026,0,99_REVIEW,156bSZj5fqG0pi7SFNFLriuX0hhLPmtnl,0%,sem sinal,https://drive.google.com/drive/folders/17UGJqWA7fhWJnKiRJIvIi80MpfunX7h1
1QZHZhv4PnUoo5cxAD5ED6MX2LkHkL6En,Resources,1Pc1VVZwa759Vid-uzZgJ_7_A8srLvb4A,2026,0,99_REVIEW,156bSZj5fqG0pi7SFNFLriuX0hhLPmtnl,0%,sem sinal,https://drive.google.com/drive/folders/1QZHZhv4PnUoo5cxAD5ED6MX2LkHkL6En
1EAmyOjXGuLJDni62fYToxcVzVJuoecGW,es.lproj,1QZHZhv4PnUoo5cxAD5ED6MX2LkHkL6En,2026,0,99_REVIEW,156bSZj5fqG0pi7SFNFLriuX0hhLPmtnl,0%,sem sinal,https://drive.google.com/drive/folders/1EAmyOjXGuLJDni62fYToxcVzVJuoecGW
1Pc1VVZwa759Vid-uzZgJ_7_A8srLvb4A,Contents,1JJChSr6kINyLp9pMfQwKrX1FO8TX1vvD,2026,0,99_REVIEW,156bSZj5fqG0pi7SFNFLriuX0hhLPmtnl,0%,sem sinal,https://drive.google.com/drive/folders/1Pc1VVZwa759Vid-uzZgJ_7_A8srLvb4A
1-u9OeMcKQMCSbh5XYe7sJeT8DB9PK0So,fr.lproj,1QZHZhv4PnUoo5cxAD5ED6MX2LkHkL6En,2026,0,99_REVIEW,156bSZj5fqG0pi7SFNFLriuX0hhLPmtnl,0%,sem sinal,https://drive.google.com/drive/folders/1-u9OeMcKQMCSbh5XYe7sJeT8DB9PK0So
1JJChSr6kINyLp9pMfQwKrX1FO8TX1vvD,prezi.app,1SY8sjirmbkbndu5h4-l1iCQqn_SveXbP,2026,0,99_REVIEW,156bSZj5fqG0pi7SFNFLriuX0hhLPmtnl,0%,sem sinal,https://drive.google.com/drive/folders/1JJChSr6kINyLp9pMfQwKrX1FO8TX1vvD
1WGLA9lzlHjBr5QsKqWahlh5nJob5_n_G,fonts,1NHGaCQbt1yyzEbFT4G09GJ7HVFDff7rB,2026,0,99_REVIEW,156bSZj5fqG0pi7SFNFLriuX0hhLPmtnl,0%,sem sinal,https://drive.google.com/drive/folders/1WGLA9lzlHjBr5QsKqWahlh5nJob5_n_G
1JKWAFTVwmQp0gLfP0EwfRHsBEPQrjgbi,repo,1NHGaCQbt1yyzEbFT4G09GJ7HVFDff7rB,2026,0,99_REVIEW,156bSZj5fqG0pi7SFNFLriuX0hhLPmtnl,0%,sem sinal,https://drive.google.com/drive/folders/1JKWAFTVwmQp0gLfP0EwfRHsBEPQrjgbi
1NHGaCQbt1yyzEbFT4G09GJ7HVFDff7rB,data,1SY8sjirmbkbndu5h4-l1iCQqn_SveXbP,2026,0,99_REVIEW,156bSZj5fqG0pi7SFNFLriuX0hhLPmtnl,0%,sem sinal,https://drive.google.com/drive/folders/1NHGaCQbt1yyzEbFT4G09GJ7HVFDff7rB
1SY8sjirmbkbndu5h4-l1iCQqn_SveXbP,Projeto Teleperformance,15i-RhMcSjEe1JptFYM9qguozSopF1zuX,2026,0,99_REVIEW,156bSZj5fqG0pi7SFNFLriuX0hhLPmtnl,0%,sem sinal,https://drive.google.com/drive/folders/1SY8sjirmbkbndu5h4-l1iCQqn_SveXbP
15i-RhMcSjEe1JptFYM9qguozSopF1zuX,Telepeformance,1RHRWNgQh6bpL0cWXKotQNXeeVp1iJ57P,2026,0,60_MEDIA/Fotos,1XnU-r5_jas_YWvbQnH_-RdcUtXyMT7B0,100%,score=4.0 conf=100%,https://drive.google.com/drive/folders/15i-RhMcSjEe1JptFYM9qguozSopF1zuX
1mS8WU31yXtlDIdkZAEF-m7ut6BiwJ0S6,orçamentos,15i-RhMcSjEe1JptFYM9qguozSopF1zuX,2026,0,99_REVIEW,156bSZj5fqG0pi7SFNFLriuX0hhLPmtnl,0%,sem sinal,https://drive.google.com/drive/folders/1mS8WU31yXtlDIdkZAEF-m7ut6BiwJ0S6
1UxSgE7iY1ql3bPRGUBNjeJ6etsqGv5OI,Orçamento,1RHRWNgQh6bpL0cWXKotQNXeeVp1iJ57P,2026,0,99_REVIEW,156bSZj5fqG0pi7SFNFLriuX0hhLPmtnl,0%,sem sinal,https://drive.google.com/drive/folders/1UxSgE7iY1ql3bPRGUBNjeJ6etsqGv5OI
1udpRlQjguLzkb2iOLoYYk7NMBiVf5A7a,Eventos 4wellness,1RHRWNgQh6bpL0cWXKotQNXeeVp1iJ57P,2026,0,99_REVIEW,156bSZj5fqG0pi7SFNFLriuX0hhLPmtnl,0%,sem sinal,https://drive.google.com/drive/folders/1udpRlQjguLzkb2iOLoYYk7NMBiVf5A7a
1RHRWNgQh6bpL0cWXKotQNXeeVp1iJ57P,teleperformance,1DLXaDcZi1N0teek-XMS7nTN-6fPNcdOs,2026,0,60_MEDIA/Fotos,1XnU-r5_jas_YWvbQnH_-RdcUtXyMT7B0,100%,score=8.0 conf=100%,https://drive.google.com/drive/folders/1RHRWNgQh6bpL0cWXKotQNXeeVp1iJ57P
1sz7agZSfl-SVgqTAODlau5cF8OddcSuO,propostas,1RHRWNgQh6bpL0cWXKotQNXeeVp1iJ57P,2026,0,99_REVIEW,156bSZj5fqG0pi7SFNFLriuX0hhLPmtnl,0%,sem sinal,https://drive.google.com/drive/folders/1sz7agZSfl-SVgqTAODlau5cF8OddcSuO
1OPo5uBri3r2yEhArReka2WAe1gZDmW56,Prazo e  metas,1nBjUxVZD2kadRp8xGg5cpEqybmXCN_Uw,2026,0,99_REVIEW,156bSZj5fqG0pi7SFNFLriuX0hhLPmtnl,0%,sem sinal,https://drive.google.com/drive/folders/1OPo5uBri3r2yEhArReka2WAe1gZDmW56
1-4KuSxe6YghUks7-ItbQb6yF6PNxyPDM,Manual de Projetos,1jk1IILsx_YfPsJbCCR1wrAnbDmUMOYLQ,2026,0,99_REVIEW,156bSZj5fqG0pi7SFNFLriuX0hhLPmtnl,0%,sem sinal,https://drive.google.com/drive/folders/1-4KuSxe6YghUks7-ItbQb6yF6PNxyPDM
1jk1IILsx_YfPsJbCCR1wrAnbDmUMOYLQ,Manual de planejamento,1Q2rSUnCwAQtEz3XgBGPaJPn2xJpIZZc5,2026,0,99_REVIEW,156bSZj5fqG0pi7SFNFLriuX0hhLPmtnl,0%,sem sinal,https://drive.google.com/drive/folders/1jk1IILsx_YfPsJbCCR1wrAnbDmUMOYLQ
1thDnSFfpohg_-S-Yn9m3slZHKKKmcDxx,Planejadores,1Q2rSUnCwAQtEz3XgBGPaJPn2xJpIZZc5,2026,0,99_REVIEW,156bSZj5fqG0pi7SFNFLriuX0hhLPmtnl,0%,sem sinal,https://drive.google.com/drive/folders/1thDnSFfpohg_-S-Yn9m3slZHKKKmcDxx
1VZTjavxzixya1slYBaoLJBxMaHU41aQ8,Material de pesquisa sebrae,1q326V_LEUFFUgEIMOalEGNIwR3w2uA0U,2026,0,40_KNOWLEDGE,1e5BK2bCjDsqzkl08j6DqFHiXo-y02WJX,100%,score=10.0 conf=100%,https://drive.google.com/drive/folders/1VZTjavxzixya1slYBaoLJBxMaHU41aQ8
1q326V_LEUFFUgEIMOalEGNIwR3w2uA0U,Sebrae,1Q2rSUnCwAQtEz3XgBGPaJPn2xJpIZZc5,2026,0,40_KNOWLEDGE,1e5BK2bCjDsqzkl08j6DqFHiXo-y02WJX,100%,score=4.0 conf=100%,https://drive.google.com/drive/folders/1q326V_LEUFFUgEIMOalEGNIwR3w2uA0U
1ehrwjSYFV59C7ZEDeBKkFUCfvQ8Zy9Gq,Plano de negocio Pos graduação,1NjtbQDz9ClrB7ykbgiU-lEWe7x0Lk2Kh,2026,0,30_AREAS/Mente,1pggTB9hPdF7f50-Zzt7f74GWW1I4fqp0,100%,score=20.0 conf=100%,https://drive.google.com/drive/folders/1ehrwjSYFV59C7ZEDeBKkFUCfvQ8Zy9Gq
1NjtbQDz9ClrB7ykbgiU-lEWe7x0Lk2Kh,Modelo de plano de negocio,1Q2rSUnCwAQtEz3XgBGPaJPn2xJpIZZc5,2026,0,30_AREAS/Mente,1pggTB9hPdF7f50-Zzt7f74GWW1I4fqp0,100%,score=28.0 conf=100%,https://drive.google.com/drive/folders/1NjtbQDz9ClrB7ykbgiU-lEWe7x0Lk2Kh
1bywpzY5HY0fuIbTBPt6qfY1lFrOMXHAr,Projeto Milling,1Q2rSUnCwAQtEz3XgBGPaJPn2xJpIZZc5,2026,0,99_REVIEW,156bSZj5fqG0pi7SFNFLriuX0hhLPmtnl,0%,sem sinal,https://drive.google.com/drive/folders/1bywpzY5HY0fuIbTBPt6qfY1lFrOMXHAr
1r1naCsz3y525d-zleL4aRGgARpF3HZj2,Plano de Ação metas e vendas,1Q2rSUnCwAQtEz3XgBGPaJPn2xJpIZZc5,2026,0,99_REVIEW,156bSZj5fqG0pi7SFNFLriuX0hhLPmtnl,0%,sem sinal,https://drive.google.com/drive/folders/1r1naCsz3y525d-zleL4aRGgARpF3HZj2
1-q3pkx9yPS_QxtxxJrNS4FFl_Z5FAdar,Planode carreira,1ugTNYwQIGdX8QyWD9mLKsQCAHuM7X17u,2026,0,99_REVIEW,156bSZj5fqG0pi7SFNFLriuX0hhLPmtnl,0%,sem sinal,https://drive.google.com/drive/folders/1-q3pkx9yPS_QxtxxJrNS4FFl_Z5FAdar
1jZ46z1db9jV6LL-j_LU9h0ZR268DErtN,PN Adriano,1ugTNYwQIGdX8QyWD9mLKsQCAHuM7X17u,2026,0,99_REVIEW,156bSZj5fqG0pi7SFNFLriuX0hhLPmtnl,0%,sem sinal,https://drive.google.com/drive/folders/1jZ46z1db9jV6LL-j_LU9h0ZR268DErtN
1EuHBbUDeh4r5tBJfWWiw4pxhEJHw9IyG,Plano de vendas,1ugTNYwQIGdX8QyWD9mLKsQCAHuM7X17u,2026,0,99_REVIEW,156bSZj5fqG0pi7SFNFLriuX0hhLPmtnl,0%,sem sinal,https://drive.google.com/drive/folders/1EuHBbUDeh4r5tBJfWWiw4pxhEJHw9IyG
1Q2rSUnCwAQtEz3XgBGPaJPn2xJpIZZc5,Planejamento,1nBjUxVZD2kadRp8xGg5cpEqybmXCN_Uw,2026,0,30_AREAS/Mente,1pggTB9hPdF7f50-Zzt7f74GWW1I4fqp0,80%,score=32.0 conf=80%,https://drive.google.com/drive/folders/1Q2rSUnCwAQtEz3XgBGPaJPn2xJpIZZc5
1N_QNZlUt1uQ7ECUcRkHV8KQGM-NYgbXX,Plano de Ação,1ugTNYwQIGdX8QyWD9mLKsQCAHuM7X17u,2026,0,99_REVIEW,156bSZj5fqG0pi7SFNFLriuX0hhLPmtnl,0%,sem sinal,https://drive.google.com/drive/folders/1N_QNZlUt1uQ7ECUcRkHV8KQGM-NYgbXX
1ugTNYwQIGdX8QyWD9mLKsQCAHuM7X17u,Plano de negocio,1Q2rSUnCwAQtEz3XgBGPaJPn2xJpIZZc5,2026,0,30_AREAS/Mente,1pggTB9hPdF7f50-Zzt7f74GWW1I4fqp0,100%,score=20.0 conf=100%,https://drive.google.com/drive/folders/1ugTNYwQIGdX8QyWD9mLKsQCAHuM7X17u
1IZ_FKANQl7410IM8zlw7eN53DD2qiLT3,Projeção de vendas,1ugTNYwQIGdX8QyWD9mLKsQCAHuM7X17u,2026,0,99_REVIEW,156bSZj5fqG0pi7SFNFLriuX0hhLPmtnl,0%,sem sinal,https://drive.google.com/drive/folders/1IZ_FKANQl7410IM8zlw7eN53DD2qiLT3
1Ko_K_xfdXP-nMrh7VztWf2WbcklI7hct,ROTEIRO PARA ELABORAÇÃO DE PROJETOS e CAPTAÇÃO DE RECURSOS,1I73gna2-94Rx231evceo4p3yf9P_eflG,2026,0,99_REVIEW,156bSZj5fqG0pi7SFNFLriuX0hhLPmtnl,0%,sem sinal,https://drive.google.com/drive/folders/1Ko_K_xfdXP-nMrh7VztWf2WbcklI7hct
1I73gna2-94Rx231evceo4p3yf9P_eflG,Modelo de Projeto,1Q2rSUnCwAQtEz3XgBGPaJPn2xJpIZZc5,2026,0,99_REVIEW,156bSZj5fqG0pi7SFNFLriuX0hhLPmtnl,0%,sem sinal,https://drive.google.com/drive/folders/1I73gna2-94Rx231evceo4p3yf9P_eflG
1KhWzjENjDNKe3c2nVKcVjaWjzuDVOHSW,categoriaas,1kTaM__SiI8TqrbmTQQiwplPvpgGi7-oH,2026,0,99_REVIEW,156bSZj5fqG0pi7SFNFLriuX0hhLPmtnl,0%,sem sinal,https://drive.google.com/drive/folders/1KhWzjENjDNKe3c2nVKcVjaWjzuDVOHSW
1kTaM__SiI8TqrbmTQQiwplPvpgGi7-oH,templates,1KXPQ1VxfsgvAYJJSPAkMzVRugcFJxPAk,2026,0,99_REVIEW,156bSZj5fqG0pi7SFNFLriuX0hhLPmtnl,0%,sem sinal,https://drive.google.com/drive/folders/1kTaM__SiI8TqrbmTQQiwplPvpgGi7-oH
1KXPQ1VxfsgvAYJJSPAkMzVRugcFJxPAk,categorias,1KnWTQ1u-T_4aCoLZfFuDvCTS_BmXV1XP,2026,0,99_REVIEW,156bSZj5fqG0pi7SFNFLriuX0hhLPmtnl,0%,sem sinal,https://drive.google.com/drive/folders/1KXPQ1VxfsgvAYJJSPAkMzVRugcFJxPAk
1KnWTQ1u-T_4aCoLZfFuDvCTS_BmXV1XP,Rascunhos,18Kf4qzopAn8tY0nN5yJxDTADUaa6YNoh,2026,0,99_REVIEW,156bSZj5fqG0pi7SFNFLriuX0hhLPmtnl,0%,sem sinal,https://drive.google.com/drive/folders/1KnWTQ1u-T_4aCoLZfFuDvCTS_BmXV1XP
16hVXYxIirBb3SMKH3Q0m5rWbMGCvBR6x,Pagina inicial,18Kf4qzopAn8tY0nN5yJxDTADUaa6YNoh,2026,0,99_REVIEW,156bSZj5fqG0pi7SFNFLriuX0hhLPmtnl,0%,sem sinal,https://drive.google.com/drive/folders/16hVXYxIirBb3SMKH3Q0m5rWbMGCvBR6x
10YW8c38Cdpebw1snbx-42-RiQN6Pu4-J,Briefing,1JHS22Q8eoyC3ojGklZ0SJ8Ag4RjxlWqy,2026,0,99_REVIEW,156bSZj5fqG0pi7SFNFLriuX0hhLPmtnl,0%,sem sinal,https://drive.google.com/drive/folders/10YW8c38Cdpebw1snbx-42-RiQN6Pu4-J
13i6LbJHBVdYDE53YOmmGMwfcNno-us0a,Marcos,1JHS22Q8eoyC3ojGklZ0SJ8Ag4RjxlWqy,2026,0,99_REVIEW,156bSZj5fqG0pi7SFNFLriuX0hhLPmtnl,0%,sem sinal,https://drive.google.com/drive/folders/13i6LbJHBVdYDE53YOmmGMwfcNno-us0a
1Gy1K6To1a1BP2_LxLIRxIIdE9MJ6UzO7,exemplos,1JHS22Q8eoyC3ojGklZ0SJ8Ag4RjxlWqy,2026,0,99_REVIEW,156bSZj5fqG0pi7SFNFLriuX0hhLPmtnl,0%,sem sinal,https://drive.google.com/drive/folders/1Gy1K6To1a1BP2_LxLIRxIIdE9MJ6UzO7
1nHOcaqPhsriDqEP6vOmmMFWok1KczrQ2,categorias,1Gy1K6To1a1BP2_LxLIRxIIdE9MJ6UzO7,2026,0,99_REVIEW,156bSZj5fqG0pi7SFNFLriuX0hhLPmtnl,0%,sem sinal,https://drive.google.com/drive/folders/1nHOcaqPhsriDqEP6vOmmMFWok1KczrQ2
1a1kYGxMGELEjJnJIhV0joYC2uYdLs14z,Templates em PDF,1JHS22Q8eoyC3ojGklZ0SJ8Ag4RjxlWqy,2026,0,99_REVIEW,156bSZj5fqG0pi7SFNFLriuX0hhLPmtnl,0%,sem sinal,https://drive.google.com/drive/folders/1a1kYGxMGELEjJnJIhV0joYC2uYdLs14z
1kbNwN7B0gX7S9UW6jo3hXTtBwpgxNbLc,Pagina inicial,1JHS22Q8eoyC3ojGklZ0SJ8Ag4RjxlWqy,2026,0,99_REVIEW,156bSZj5fqG0pi7SFNFLriuX0hhLPmtnl,0%,sem sinal,https://drive.google.com/drive/folders/1kbNwN7B0gX7S9UW6jo3hXTtBwpgxNbLc
1v1-85q6t1-U6lTMUu6Fz_efFFD1u_CAk,Especialistas,1CIaqiZUI8tYZ8FKCN3s-hC8V1RX7Ykch,2026,0,50_CREATION,15N8xPKHgfnOww38XZXdmhLYv6VKMiuYY,100%,score=3.0 conf=100%,https://drive.google.com/drive/folders/1v1-85q6t1-U6lTMUu6Fz_efFFD1u_CAk
1IXxP0QF83zxUecwuxqjPYXiG7PqLDqP2,Categorias interna Home,1CIaqiZUI8tYZ8FKCN3s-hC8V1RX7Ykch,2026,0,99_REVIEW,156bSZj5fqG0pi7SFNFLriuX0hhLPmtnl,0%,sem sinal,https://drive.google.com/drive/folders/1IXxP0QF83zxUecwuxqjPYXiG7PqLDqP2
1HJLUxFur44VJfl4FlG7AaHHj1fHuwryd,Categorias internas Materias,1CIaqiZUI8tYZ8FKCN3s-hC8V1RX7Ykch,2026,0,99_REVIEW,156bSZj5fqG0pi7SFNFLriuX0hhLPmtnl,0%,sem sinal,https://drive.google.com/drive/folders/1HJLUxFur44VJfl4FlG7AaHHj1fHuwryd
13urncYoIw94JZeHWVlTYjvAk6ygkLeVU,Poste,1CIaqiZUI8tYZ8FKCN3s-hC8V1RX7Ykch,2026,0,99_REVIEW,156bSZj5fqG0pi7SFNFLriuX0hhLPmtnl,0%,sem sinal,https://drive.google.com/drive/folders/13urncYoIw94JZeHWVlTYjvAk6ygkLeVU
1CIaqiZUI8tYZ8FKCN3s-hC8V1RX7Ykch,Categoria interna Inferior,1JHS22Q8eoyC3ojGklZ0SJ8Ag4RjxlWqy,2026,0,50_CREATION,15N8xPKHgfnOww38XZXdmhLYv6VKMiuYY,100%,score=6.0 conf=100%,https://drive.google.com/drive/folders/1CIaqiZUI8tYZ8FKCN3s-hC8V1RX7Ykch
1rm8DQ12dkXVEIG7wT1PMC9rezziFQ-l7,Comunidades,1Y-pCSe4lv1J8xhFPRb-9ejh3LkZlDb5y,2026,0,40_KNOWLEDGE/Livros,1Cqzk_kuLbncNAVwfs97jSfDSgv2mgIoS,100%,score=3.0 conf=100%,https://drive.google.com/drive/folders/1rm8DQ12dkXVEIG7wT1PMC9rezziFQ-l7
1JHS22Q8eoyC3ojGklZ0SJ8Ag4RjxlWqy,TEMPLATES,1tzQsi_R_jywKVcQG_EJcmO2mBHXyw5_l,2026,0,50_CREATION,15N8xPKHgfnOww38XZXdmhLYv6VKMiuYY,65%,score=30.0 conf=65%,https://drive.google.com/drive/folders/1JHS22Q8eoyC3ojGklZ0SJ8Ag4RjxlWqy
14Mv6D0zoBNaPlZxcToQZp2wgAdCDlaIq,Espaço 4wellness,1Y-pCSe4lv1J8xhFPRb-9ejh3LkZlDb5y,2026,0,50_CREATION,15N8xPKHgfnOww38XZXdmhLYv6VKMiuYY,60%,score=6.0 conf=60%,https://drive.google.com/drive/folders/14Mv6D0zoBNaPlZxcToQZp2wgAdCDlaIq
1Y-pCSe4lv1J8xhFPRb-9ejh3LkZlDb5y,Categoria Superior,1JHS22Q8eoyC3ojGklZ0SJ8Ag4RjxlWqy,2026,0,50_CREATION,15N8xPKHgfnOww38XZXdmhLYv6VKMiuYY,60%,score=12.0 conf=60%,https://drive.google.com/drive/folders/1Y-pCSe4lv1J8xhFPRb-9ejh3LkZlDb5y
1EQmLwIxN_u3HqTCPyjZzrgBVmEued1yV,Corrida,1Y-pCSe4lv1J8xhFPRb-9ejh3LkZlDb5y,2026,0,30_AREAS/Corpo,1sKg_cI7ZnP8Ql6YafIOFyfSs7XEwzqM8,100%,score=20.0 conf=100%,https://drive.google.com/drive/folders/1EQmLwIxN_u3HqTCPyjZzrgBVmEued1yV
1efufpepkyQz0uRDdrfoqIGrIE8Yq67SM,Pagina inicial,1tzQsi_R_jywKVcQG_EJcmO2mBHXyw5_l,2026,0,99_REVIEW,156bSZj5fqG0pi7SFNFLriuX0hhLPmtnl,0%,sem sinal,https://drive.google.com/drive/folders/1efufpepkyQz0uRDdrfoqIGrIE8Yq67SM
1U1Zw9HTuh-yJ1kY5cS6ZxrPlBW0RUl3X,Subcategorias,1F1eO80O1fNgfTgls3aqU3rnx3ecOIdgw,2026,0,99_REVIEW,156bSZj5fqG0pi7SFNFLriuX0hhLPmtnl,0%,sem sinal,https://drive.google.com/drive/folders/1U1Zw9HTuh-yJ1kY5cS6ZxrPlBW0RUl3X
1Pt3JXTl9TgBZqNToxD5TUBAUXCs_i5K5,4run,1F1eO80O1fNgfTgls3aqU3rnx3ecOIdgw,2026,0,99_REVIEW,156bSZj5fqG0pi7SFNFLriuX0hhLPmtnl,0%,sem sinal,https://drive.google.com/drive/folders/1Pt3JXTl9TgBZqNToxD5TUBAUXCs_i5K5
1F1eO80O1fNgfTgls3aqU3rnx3ecOIdgw,Portal,1tzQsi_R_jywKVcQG_EJcmO2mBHXyw5_l,2026,0,99_REVIEW,156bSZj5fqG0pi7SFNFLriuX0hhLPmtnl,0%,sem sinal,https://drive.google.com/drive/folders/1F1eO80O1fNgfTgls3aqU3rnx3ecOIdgw
1eOwZeL-rfEsO7ST5Ifm3n10Im61kImAW,Pagina inicial,1F1eO80O1fNgfTgls3aqU3rnx3ecOIdgw,2026,0,99_REVIEW,156bSZj5fqG0pi7SFNFLriuX0hhLPmtnl,0%,sem sinal,https://drive.google.com/drive/folders/1eOwZeL-rfEsO7ST5Ifm3n10Im61kImAW
1UkqBVYcnXJMrSkberz2W9-gJFp6X8Fx5,Pagina,1F1eO80O1fNgfTgls3aqU3rnx3ecOIdgw,2026,0,99_REVIEW,156bSZj5fqG0pi7SFNFLriuX0hhLPmtnl,0%,sem sinal,https://drive.google.com/drive/folders/1UkqBVYcnXJMrSkberz2W9-gJFp6X8Fx5
1Or7EY1e1hu1uUeoLpCOKMh9dZhNKoh8S,institucio,1tzQsi_R_jywKVcQG_EJcmO2mBHXyw5_l,2026,0,99_REVIEW,156bSZj5fqG0pi7SFNFLriuX0hhLPmtnl,0%,sem sinal,https://drive.google.com/drive/folders/1Or7EY1e1hu1uUeoLpCOKMh9dZhNKoh8S
1tzQsi_R_jywKVcQG_EJcmO2mBHXyw5_l,templates,18Kf4qzopAn8tY0nN5yJxDTADUaa6YNoh,2026,0,30_AREAS/Corpo,1sKg_cI7ZnP8Ql6YafIOFyfSs7XEwzqM8,50%,score=32.0 conf=50%,https://drive.google.com/drive/folders/1tzQsi_R_jywKVcQG_EJcmO2mBHXyw5_l
1To2mnX5wyxfut-6asC1pqVeerXlu11cL,Loja Virtual,1tzQsi_R_jywKVcQG_EJcmO2mBHXyw5_l,2026,0,99_REVIEW,156bSZj5fqG0pi7SFNFLriuX0hhLPmtnl,0%,sem sinal,https://drive.google.com/drive/folders/1To2mnX5wyxfut-6asC1pqVeerXlu11cL
1G1HFJrgGqQqs4T4tyF4eogL5T2G-wBy_,twitter,1tzQsi_R_jywKVcQG_EJcmO2mBHXyw5_l,2026,0,99_REVIEW,156bSZj5fqG0pi7SFNFLriuX0hhLPmtnl,0%,sem sinal,https://drive.google.com/drive/folders/1G1HFJrgGqQqs4T4tyF4eogL5T2G-wBy_
1lP3TGQHdOZX5YV7COrIaRRk0TioJIuHq,São de beleza nas empresas,1AiFjvgC4Y3QqpSfncpK3NYUQU8sTl_t7,2026,0,99_REVIEW,156bSZj5fqG0pi7SFNFLriuX0hhLPmtnl,0%,sem sinal,https://drive.google.com/drive/folders/1lP3TGQHdOZX5YV7COrIaRRk0TioJIuHq
1z9ZvUEul_duAsv4i9jdSja6gODmgJnJN,São de beleza nas empresas,1pmWrBOdxtq2JurWTjV0eZ6lkSArfwSsy,2026,0,99_REVIEW,156bSZj5fqG0pi7SFNFLriuX0hhLPmtnl,0%,sem sinal,https://drive.google.com/drive/folders/1z9ZvUEul_duAsv4i9jdSja6gODmgJnJN
1XF5Vmay4LhO8CDBr583LoWKRsw_5pi9I,Ginastica laboral,1pmWrBOdxtq2JurWTjV0eZ6lkSArfwSsy,2026,0,99_REVIEW,156bSZj5fqG0pi7SFNFLriuX0hhLPmtnl,0%,sem sinal,https://drive.google.com/drive/folders/1XF5Vmay4LhO8CDBr583LoWKRsw_5pi9I
1yfSETSvqp_EFDxw_6Yt9J_VfVAYhTS19,Todos os conteudos,1pmWrBOdxtq2JurWTjV0eZ6lkSArfwSsy,2026,0,99_REVIEW,156bSZj5fqG0pi7SFNFLriuX0hhLPmtnl,0%,sem sinal,https://drive.google.com/drive/folders/1yfSETSvqp_EFDxw_6Yt9J_VfVAYhTS19
1pmWrBOdxtq2JurWTjV0eZ6lkSArfwSsy,Conteudo do Site,1AiFjvgC4Y3QqpSfncpK3NYUQU8sTl_t7,2026,0,99_REVIEW,156bSZj5fqG0pi7SFNFLriuX0hhLPmtnl,0%,sem sinal,https://drive.google.com/drive/folders/1pmWrBOdxtq2JurWTjV0eZ6lkSArfwSsy
12mnlzGfWnQGpu1vzZBelLGbwyhKG6XME,links,1pmWrBOdxtq2JurWTjV0eZ6lkSArfwSsy,2026,0,99_REVIEW,156bSZj5fqG0pi7SFNFLriuX0hhLPmtnl,0%,sem sinal,https://drive.google.com/drive/folders/12mnlzGfWnQGpu1vzZBelLGbwyhKG6XME
1CfI-PBzG_LA_0s24uycGx9-7todwnQel,Academia nas empresas,1pmWrBOdxtq2JurWTjV0eZ6lkSArfwSsy,2026,0,99_REVIEW,156bSZj5fqG0pi7SFNFLriuX0hhLPmtnl,0%,sem sinal,https://drive.google.com/drive/folders/1CfI-PBzG_LA_0s24uycGx9-7todwnQel
1dT5jGpBTcsIo3gM8chBT7zB9ImG_44au,eventos esportivos,1pmWrBOdxtq2JurWTjV0eZ6lkSArfwSsy,2026,0,99_REVIEW,156bSZj5fqG0pi7SFNFLriuX0hhLPmtnl,0%,sem sinal,https://drive.google.com/drive/folders/1dT5jGpBTcsIo3gM8chBT7zB9ImG_44au
1Lh6XOADSFNIUl56MrO4EkHL3QGYkqr5d,ginastica funcional,1wprV5-oNaXjQ4Xs-X6IepTEaCnHhrfY6,2026,0,99_REVIEW,156bSZj5fqG0pi7SFNFLriuX0hhLPmtnl,0%,sem sinal,https://drive.google.com/drive/folders/1Lh6XOADSFNIUl56MrO4EkHL3QGYkqr5d
1eYcTyPsqbc5cH5DtMgcq72NR-fTXAO8v,wellness,1wprV5-oNaXjQ4Xs-X6IepTEaCnHhrfY6,2026,0,99_REVIEW,156bSZj5fqG0pi7SFNFLriuX0hhLPmtnl,0%,sem sinal,https://drive.google.com/drive/folders/1eYcTyPsqbc5cH5DtMgcq72NR-fTXAO8v
1rGCIEaxPf3I4ZWayvVX20yvi14pH2Ins,Qualidadde de vida No trabalho,1wprV5-oNaXjQ4Xs-X6IepTEaCnHhrfY6,2026,0,99_REVIEW,156bSZj5fqG0pi7SFNFLriuX0hhLPmtnl,0%,sem sinal,https://drive.google.com/drive/folders/1rGCIEaxPf3I4ZWayvVX20yvi14pH2Ins
1wprV5-oNaXjQ4Xs-X6IepTEaCnHhrfY6,lInks dos videos semanasis,1AiFjvgC4Y3QqpSfncpK3NYUQU8sTl_t7,2026,0,60_MEDIA/Videos,1me7AYaMvDth_2oaOUsKAokzQk5kZHDUK,100%,score=10.0 conf=100%,https://drive.google.com/drive/folders/1wprV5-oNaXjQ4Xs-X6IepTEaCnHhrfY6
1raxrNDPQb2d8uBSZNXbENjCAnhtgherZ,ACADEMIA,1UPyzVUU5210YsPFbPQSyGqGzKr3F8-vR,2026,0,99_REVIEW,156bSZj5fqG0pi7SFNFLriuX0hhLPmtnl,0%,sem sinal,https://drive.google.com/drive/folders/1raxrNDPQb2d8uBSZNXbENjCAnhtgherZ
1UPyzVUU5210YsPFbPQSyGqGzKr3F8-vR,getão de academia,1AiFjvgC4Y3QqpSfncpK3NYUQU8sTl_t7,2026,0,99_REVIEW,156bSZj5fqG0pi7SFNFLriuX0hhLPmtnl,0%,sem sinal,https://drive.google.com/drive/folders/1UPyzVUU5210YsPFbPQSyGqGzKr3F8-vR
1XgT4kF81KvDSjGYs_eCSBWaZW0NxeSE-,Academia nas empresas,1UfkvbQjxmoGqOdYb-mI1_TOixZwuexea,2026,0,99_REVIEW,156bSZj5fqG0pi7SFNFLriuX0hhLPmtnl,0%,sem sinal,https://drive.google.com/drive/folders/1XgT4kF81KvDSjGYs_eCSBWaZW0NxeSE-
17yHMQd7fX7p4WMSGGEj5EYFAD3wj5a0s,ginastica laboral,1UfkvbQjxmoGqOdYb-mI1_TOixZwuexea,2026,0,99_REVIEW,156bSZj5fqG0pi7SFNFLriuX0hhLPmtnl,0%,sem sinal,https://drive.google.com/drive/folders/17yHMQd7fX7p4WMSGGEj5EYFAD3wj5a0s
1UfkvbQjxmoGqOdYb-mI1_TOixZwuexea,Empresas,1AiFjvgC4Y3QqpSfncpK3NYUQU8sTl_t7,2026,0,99_REVIEW,156bSZj5fqG0pi7SFNFLriuX0hhLPmtnl,0%,sem sinal,https://drive.google.com/drive/folders/1UfkvbQjxmoGqOdYb-mI1_TOixZwuexea
1AiFjvgC4Y3QqpSfncpK3NYUQU8sTl_t7,Institusional,1NsDAzF-xa5zsBqq6qesIBGfhTcJhTZL8,2026,0,60_MEDIA/Videos,1me7AYaMvDth_2oaOUsKAokzQk5kZHDUK,100%,score=4.0 conf=100%,https://drive.google.com/drive/folders/1AiFjvgC4Y3QqpSfncpK3NYUQU8sTl_t7
1NsDAzF-xa5zsBqq6qesIBGfhTcJhTZL8,Institusional,18Kf4qzopAn8tY0nN5yJxDTADUaa6YNoh,2026,0,60_MEDIA/Videos,1me7AYaMvDth_2oaOUsKAokzQk5kZHDUK,100%,score=8.0 conf=100%,https://drive.google.com/drive/folders/1NsDAzF-xa5zsBqq6qesIBGfhTcJhTZL8
172J7D6P4ZcgIvF0HZa4mpA3MV1BFRxms,Ginastica laboral,1AiFjvgC4Y3QqpSfncpK3NYUQU8sTl_t7,2026,0,99_REVIEW,156bSZj5fqG0pi7SFNFLriuX0hhLPmtnl,0%,sem sinal,https://drive.google.com/drive/folders/172J7D6P4ZcgIvF0HZa4mpA3MV1BFRxms
1agEa0r0y0RGcXzOEQDbBhBy9hjsfWK8S,eletroterapia,1vFkh9HsBK_XJHzVm6JHEaF8epjeJzWIB,2026,0,99_REVIEW,156bSZj5fqG0pi7SFNFLriuX0hhLPmtnl,0%,sem sinal,https://drive.google.com/drive/folders/1agEa0r0y0RGcXzOEQDbBhBy9hjsfWK8S
1EGaFFyx5pnxt8u34nkSli_8zWcQ323WI,Terapias Holisticas,1vFkh9HsBK_XJHzVm6JHEaF8epjeJzWIB,2026,0,99_REVIEW,156bSZj5fqG0pi7SFNFLriuX0hhLPmtnl,0%,sem sinal,https://drive.google.com/drive/folders/1EGaFFyx5pnxt8u34nkSli_8zWcQ323WI
1K1ncZO24BF9dF625TSnlii_gtaAaNrDo,Alongamentos,1vFkh9HsBK_XJHzVm6JHEaF8epjeJzWIB,2026,0,99_REVIEW,156bSZj5fqG0pi7SFNFLriuX0hhLPmtnl,0%,sem sinal,https://drive.google.com/drive/folders/1K1ncZO24BF9dF625TSnlii_gtaAaNrDo
14gil5f1hjV47JSo4qu1xEZYlURdlwfnL,4news,1vFkh9HsBK_XJHzVm6JHEaF8epjeJzWIB,2026,0,99_REVIEW,156bSZj5fqG0pi7SFNFLriuX0hhLPmtnl,0%,sem sinal,https://drive.google.com/drive/folders/14gil5f1hjV47JSo4qu1xEZYlURdlwfnL
1_96WeoR1xWNz2Q-tnbiA85M71KiczOg5,Educação dos Filhos,1vFkh9HsBK_XJHzVm6JHEaF8epjeJzWIB,2026,0,99_REVIEW,156bSZj5fqG0pi7SFNFLriuX0hhLPmtnl,0%,sem sinal,https://drive.google.com/drive/folders/1_96WeoR1xWNz2Q-tnbiA85M71KiczOg5
1zUArdd1o60nIBtMCp3eW_eGknzJnLiKe,3 idade,1Ho5yTu6lCpgzOU0HqtghYT3Iodzr9HVg,2026,0,99_REVIEW,156bSZj5fqG0pi7SFNFLriuX0hhLPmtnl,0%,sem sinal,https://drive.google.com/drive/folders/1zUArdd1o60nIBtMCp3eW_eGknzJnLiKe
1S22cBqHahU9An74TD4uVVTkxf7Xlk_Ab,links de saude,1Ho5yTu6lCpgzOU0HqtghYT3Iodzr9HVg,2026,0,80_PERSONAL/Saude,1DEcur3QyvUzTP1Z47tgJx9aZgN-4EqRO,100%,score=20.0 conf=100%,https://drive.google.com/drive/folders/1S22cBqHahU9An74TD4uVVTkxf7Xlk_Ab
1iXs9natcE1LK3jJrp7rKojBrrteqY4e9,fique alerta,1oilSAiq_I5Z-akhgjGRlynZaaJv_3oYn,2026,0,99_REVIEW,156bSZj5fqG0pi7SFNFLriuX0hhLPmtnl,0%,sem sinal,https://drive.google.com/drive/folders/1iXs9natcE1LK3jJrp7rKojBrrteqY4e9
1PdVaf01qqV9jcyDoCsJ1-Q6rmkGJIOWj,alimentos,1oilSAiq_I5Z-akhgjGRlynZaaJv_3oYn,2026,0,99_REVIEW,156bSZj5fqG0pi7SFNFLriuX0hhLPmtnl,0%,sem sinal,https://drive.google.com/drive/folders/1PdVaf01qqV9jcyDoCsJ1-Q6rmkGJIOWj
1oilSAiq_I5Z-akhgjGRlynZaaJv_3oYn,nutrição,1Ho5yTu6lCpgzOU0HqtghYT3Iodzr9HVg,2026,0,99_REVIEW,156bSZj5fqG0pi7SFNFLriuX0hhLPmtnl,0%,sem sinal,https://drive.google.com/drive/folders/1oilSAiq_I5Z-akhgjGRlynZaaJv_3oYn
1fhgV_mOCj8vsBYcd5AQxt_URiOvSgzJH,dicas,1oilSAiq_I5Z-akhgjGRlynZaaJv_3oYn,2026,0,99_REVIEW,156bSZj5fqG0pi7SFNFLriuX0hhLPmtnl,0%,sem sinal,https://drive.google.com/drive/folders/1fhgV_mOCj8vsBYcd5AQxt_URiOvSgzJH
13ZdSQrXHs6IKN3b6zpJjhJzvlHM5V0mN,exercicios,1Ho5yTu6lCpgzOU0HqtghYT3Iodzr9HVg,2026,0,99_REVIEW,156bSZj5fqG0pi7SFNFLriuX0hhLPmtnl,0%,sem sinal,https://drive.google.com/drive/folders/13ZdSQrXHs6IKN3b6zpJjhJzvlHM5V0mN
1gUSqNmDeZ57l3H2wg6lXJCbkU1q7ycxF,saude,1Ho5yTu6lCpgzOU0HqtghYT3Iodzr9HVg,2026,0,80_PERSONAL/Saude,1DEcur3QyvUzTP1Z47tgJx9aZgN-4EqRO,100%,score=20.0 conf=100%,https://drive.google.com/drive/folders/1gUSqNmDeZ57l3H2wg6lXJCbkU1q7ycxF
1olCgWMQXQ0BEEcLmd0TApOMhH5EG0ef4,4news,1Ho5yTu6lCpgzOU0HqtghYT3Iodzr9HVg,2026,0,99_REVIEW,156bSZj5fqG0pi7SFNFLriuX0hhLPmtnl,0%,sem sinal,https://drive.google.com/drive/folders/1olCgWMQXQ0BEEcLmd0TApOMhH5EG0ef4
1uHKt0GhkHZjDtVBDANIe-Qj8txUFNR4f,Educação dos Filhos,1Ho5yTu6lCpgzOU0HqtghYT3Iodzr9HVg,2026,0,99_REVIEW,156bSZj5fqG0pi7SFNFLriuX0hhLPmtnl,0%,sem sinal,https://drive.google.com/drive/folders/1uHKt0GhkHZjDtVBDANIe-Qj8txUFNR4f
1VlSt60VXuLhnV7C-BQzhR9cKI-mfPDCs,Terapias,1Ho5yTu6lCpgzOU0HqtghYT3Iodzr9HVg,2026,0,99_REVIEW,156bSZj5fqG0pi7SFNFLriuX0hhLPmtnl,0%,sem sinal,https://drive.google.com/drive/folders/1VlSt60VXuLhnV7C-BQzhR9cKI-mfPDCs
1UWjV8yUbCqclIKovu0xr_4OhhYLo3mFy,dicas,1Ho5yTu6lCpgzOU0HqtghYT3Iodzr9HVg,2026,0,99_REVIEW,156bSZj5fqG0pi7SFNFLriuX0hhLPmtnl,0%,sem sinal,https://drive.google.com/drive/folders/1UWjV8yUbCqclIKovu0xr_4OhhYLo3mFy
1KW_vIWq_E8lvfviCsKGA-bz2n3y3NBoR,Fitness,1Ho5yTu6lCpgzOU0HqtghYT3Iodzr9HVg,2026,0,99_REVIEW,156bSZj5fqG0pi7SFNFLriuX0hhLPmtnl,0%,sem sinal,https://drive.google.com/drive/folders/1KW_vIWq_E8lvfviCsKGA-bz2n3y3NBoR
1hMsf8Iq__09688OY8x1Qse3QWzajvoWw,VO2,1UaJPy6HnweNS1D_Wxn6IrgFF0BKrdTps,2026,0,99_REVIEW,156bSZj5fqG0pi7SFNFLriuX0hhLPmtnl,0%,sem sinal,https://drive.google.com/drive/folders/1hMsf8Iq__09688OY8x1Qse3QWzajvoWw
1IMXfU6IIi-t8agJdKzeWtmbo2Mjdz8yW,PROJETO 4W-SINTONIA,1UaJPy6HnweNS1D_Wxn6IrgFF0BKrdTps,2026,0,99_REVIEW,156bSZj5fqG0pi7SFNFLriuX0hhLPmtnl,0%,sem sinal,https://drive.google.com/drive/folders/1IMXfU6IIi-t8agJdKzeWtmbo2Mjdz8yW
1rzaDEH76fiFwU9tCXgH3cS57YfooYc-J,Plano de Ação metas e vendas,17mmnHEQJJNIWN7EXxrNxQUWa8Ck0oCC6,2026,0,99_REVIEW,156bSZj5fqG0pi7SFNFLriuX0hhLPmtnl,0%,sem sinal,https://drive.google.com/drive/folders/1rzaDEH76fiFwU9tCXgH3cS57YfooYc-J
1vaqU2zjPQvAsdUC6BwoE3mHtfQ_AiKoY,Material de pesquisa sebrae,1uRtXrJWmwByqc5qd2k6Zf9p7mHzL4GIk,2026,0,40_KNOWLEDGE,1e5BK2bCjDsqzkl08j6DqFHiXo-y02WJX,100%,score=10.0 conf=100%,https://drive.google.com/drive/folders/1vaqU2zjPQvAsdUC6BwoE3mHtfQ_AiKoY
1uRtXrJWmwByqc5qd2k6Zf9p7mHzL4GIk,Sebrae,17mmnHEQJJNIWN7EXxrNxQUWa8Ck0oCC6,2026,0,40_KNOWLEDGE,1e5BK2bCjDsqzkl08j6DqFHiXo-y02WJX,100%,score=4.0 conf=100%,https://drive.google.com/drive/folders/1uRtXrJWmwByqc5qd2k6Zf9p7mHzL4GIk
1asXpw_NPOG2ZwM5qyPCROLrdZoyP5gB7,Plano de negocio Pos graduação,1rdZ2PNlJxae7d2OZYTMHEOZtqufAoWzo,2026,0,30_AREAS/Mente,1pggTB9hPdF7f50-Zzt7f74GWW1I4fqp0,100%,score=20.0 conf=100%,https://drive.google.com/drive/folders/1asXpw_NPOG2ZwM5qyPCROLrdZoyP5gB7
17mmnHEQJJNIWN7EXxrNxQUWa8Ck0oCC6,Modelo de Plano de negocio,1oDeB4uXlcwSUslhlbufF2pUDNcRhkXSc,2026,0,30_AREAS/Mente,1pggTB9hPdF7f50-Zzt7f74GWW1I4fqp0,85%,score=44.0 conf=85%,https://drive.google.com/drive/folders/17mmnHEQJJNIWN7EXxrNxQUWa8Ck0oCC6
1rdZ2PNlJxae7d2OZYTMHEOZtqufAoWzo,Plano de negocio completo,17mmnHEQJJNIWN7EXxrNxQUWa8Ck0oCC6,2026,0,30_AREAS/Mente,1pggTB9hPdF7f50-Zzt7f74GWW1I4fqp0,100%,score=28.0 conf=100%,https://drive.google.com/drive/folders/1rdZ2PNlJxae7d2OZYTMHEOZtqufAoWzo
1hy81wuNIEyfW-9CUr730kGyCHkvm_VDO,Plano de negocio,1oDeB4uXlcwSUslhlbufF2pUDNcRhkXSc,2026,0,30_AREAS/Mente,1pggTB9hPdF7f50-Zzt7f74GWW1I4fqp0,100%,score=20.0 conf=100%,https://drive.google.com/drive/folders/1hy81wuNIEyfW-9CUr730kGyCHkvm_VDO
1zjCbeO0U_ddJgr7ntOHHew1j6cAl4ZQa,Concorrentes,1oDeB4uXlcwSUslhlbufF2pUDNcRhkXSc,2026,0,99_REVIEW,156bSZj5fqG0pi7SFNFLriuX0hhLPmtnl,0%,sem sinal,https://drive.google.com/drive/folders/1zjCbeO0U_ddJgr7ntOHHew1j6cAl4ZQa
1gHelxDl2ZF2zc7kAmBNj2bOSRTgHm4rR,Comece certo,1oDeB4uXlcwSUslhlbufF2pUDNcRhkXSc,2026,0,99_REVIEW,156bSZj5fqG0pi7SFNFLriuX0hhLPmtnl,0%,sem sinal,https://drive.google.com/drive/folders/1gHelxDl2ZF2zc7kAmBNj2bOSRTgHm4rR
1Ih46lrTt1LD1q-irY4R4mRxehNRUnNMa,Projetos,1oDeB4uXlcwSUslhlbufF2pUDNcRhkXSc,2026,0,99_REVIEW,156bSZj5fqG0pi7SFNFLriuX0hhLPmtnl,0%,sem sinal,https://drive.google.com/drive/folders/1Ih46lrTt1LD1q-irY4R4mRxehNRUnNMa
1qxTq2y38ifd9Cve8C-WoiuuAhnbl3cAK,pesquisa de concorrencia,1zAPyW9RwQdUxKnwdjWPn0lO1Wyv-jxEK,2026,0,40_KNOWLEDGE,1e5BK2bCjDsqzkl08j6DqFHiXo-y02WJX,100%,score=10.0 conf=100%,https://drive.google.com/drive/folders/1qxTq2y38ifd9Cve8C-WoiuuAhnbl3cAK
1oluj8x8o6KQm2V2W2HTL4-mjNNna2y5f,Rascunhos Templates,1zAPyW9RwQdUxKnwdjWPn0lO1Wyv-jxEK,2026,0,99_REVIEW,156bSZj5fqG0pi7SFNFLriuX0hhLPmtnl,0%,sem sinal,https://drive.google.com/drive/folders/1oluj8x8o6KQm2V2W2HTL4-mjNNna2y5f
1qcjxBj-TlFhq3RdRtqdDP4AW5qzqK6VF,Contrato,1zAPyW9RwQdUxKnwdjWPn0lO1Wyv-jxEK,2026,0,70_BUSINESS,1g6VsRP42__bKHOj2tqHPPeg-fg2EsGkT,100%,score=15.0 conf=100%,https://drive.google.com/drive/folders/1qcjxBj-TlFhq3RdRtqdDP4AW5qzqK6VF
1W_cDUefH7dYX-RRy1DDKTY9hati1caCB,Mrketing digital,1zAPyW9RwQdUxKnwdjWPn0lO1Wyv-jxEK,2026,0,99_REVIEW,156bSZj5fqG0pi7SFNFLriuX0hhLPmtnl,0%,sem sinal,https://drive.google.com/drive/folders/1W_cDUefH7dYX-RRy1DDKTY9hati1caCB
10-OlJz7zg5_ku0f0cKknP62o8dDsEq6b,Briefing,1zAPyW9RwQdUxKnwdjWPn0lO1Wyv-jxEK,2026,0,99_REVIEW,156bSZj5fqG0pi7SFNFLriuX0hhLPmtnl,0%,sem sinal,https://drive.google.com/drive/folders/10-OlJz7zg5_ku0f0cKknP62o8dDsEq6b
1CWwymZ0Dgg9xboYWUArQTT2ml2z_RECX,Manual de conduta,1zAPyW9RwQdUxKnwdjWPn0lO1Wyv-jxEK,2026,0,99_REVIEW,156bSZj5fqG0pi7SFNFLriuX0hhLPmtnl,0%,sem sinal,https://drive.google.com/drive/folders/1CWwymZ0Dgg9xboYWUArQTT2ml2z_RECX
1zAPyW9RwQdUxKnwdjWPn0lO1Wyv-jxEK,Site,1oDeB4uXlcwSUslhlbufF2pUDNcRhkXSc,2026,0,70_BUSINESS,1g6VsRP42__bKHOj2tqHPPeg-fg2EsGkT,60%,score=6.0 conf=60%,https://drive.google.com/drive/folders/1zAPyW9RwQdUxKnwdjWPn0lO1Wyv-jxEK
1TCc1PAJVWa1RKvmdv8u7y0-0cSkyce4j,Pesquisa,1oDeB4uXlcwSUslhlbufF2pUDNcRhkXSc,2026,0,40_KNOWLEDGE,1e5BK2bCjDsqzkl08j6DqFHiXo-y02WJX,100%,score=10.0 conf=100%,https://drive.google.com/drive/folders/1TCc1PAJVWa1RKvmdv8u7y0-0cSkyce4j
1oDeB4uXlcwSUslhlbufF2pUDNcRhkXSc,PROJETO ASSESSORIA 4WELLNESS,1UaJPy6HnweNS1D_Wxn6IrgFF0BKrdTps,2026,0,30_AREAS/Mente,1pggTB9hPdF7f50-Zzt7f74GWW1I4fqp0,67%,score=40.0 conf=67%,https://drive.google.com/drive/folders/1oDeB4uXlcwSUslhlbufF2pUDNcRhkXSc
1T4fszt6cV99TxSWACyyqRxzoEbIvHcmA,Motivacão,1oDeB4uXlcwSUslhlbufF2pUDNcRhkXSc,2026,0,99_REVIEW,156bSZj5fqG0pi7SFNFLriuX0hhLPmtnl,0%,sem sinal,https://drive.google.com/drive/folders/1T4fszt6cV99TxSWACyyqRxzoEbIvHcmA
1AdsFbd3MZZm38jU9PoDqmpZlkiV9DJLp,RH,1oDeB4uXlcwSUslhlbufF2pUDNcRhkXSc,2026,0,70_BUSINESS,1g6VsRP42__bKHOj2tqHPPeg-fg2EsGkT,100%,score=15.0 conf=100%,https://drive.google.com/drive/folders/1AdsFbd3MZZm38jU9PoDqmpZlkiV9DJLp
1TrwaDf_OGDslG0wiLM-0fXnZ79hwxGlV,AS ESTACOES ,1AHWK_XHz8GusB5b11U37qXZZj3QyiE2D,2026,0,99_REVIEW,156bSZj5fqG0pi7SFNFLriuX0hhLPmtnl,0%,sem sinal,https://drive.google.com/drive/folders/1TrwaDf_OGDslG0wiLM-0fXnZ79hwxGlV
1QVOkIdyC7KczuHPogmb2bdmcpYeEaAbY,Desenvolvimento Pessoal,1AHWK_XHz8GusB5b11U37qXZZj3QyiE2D,2026,0,99_REVIEW,156bSZj5fqG0pi7SFNFLriuX0hhLPmtnl,0%,sem sinal,https://drive.google.com/drive/folders/1QVOkIdyC7KczuHPogmb2bdmcpYeEaAbY
1mdAsmeDZpaJkiVNZpl9PUmosQ8dFg3B9,VIDEO,1AHWK_XHz8GusB5b11U37qXZZj3QyiE2D,2026,0,60_MEDIA/Videos,1me7AYaMvDth_2oaOUsKAokzQk5kZHDUK,100%,score=10.0 conf=100%,https://drive.google.com/drive/folders/1mdAsmeDZpaJkiVNZpl9PUmosQ8dFg3B9
1AHWK_XHz8GusB5b11U37qXZZj3QyiE2D,JIM ROMM,1UaJPy6HnweNS1D_Wxn6IrgFF0BKrdTps,2026,0,60_MEDIA/Videos,1me7AYaMvDth_2oaOUsKAokzQk5kZHDUK,100%,score=4.0 conf=100%,https://drive.google.com/drive/folders/1AHWK_XHz8GusB5b11U37qXZZj3QyiE2D
1u9ArPjL0wyyRcs9DnnqHtN0bmrJEIaSc,AUDIO,1AHWK_XHz8GusB5b11U37qXZZj3QyiE2D,2026,0,99_REVIEW,156bSZj5fqG0pi7SFNFLriuX0hhLPmtnl,0%,sem sinal,https://drive.google.com/drive/folders/1u9ArPjL0wyyRcs9DnnqHtN0bmrJEIaSc
1KNIbbULXFuG35nwTbhedIygVA_66aZ_B,GINASTICA NATURAL,1sP2EYYNzNSPj0qF7Pt815_nBrpzSBhhX,2026,0,99_REVIEW,156bSZj5fqG0pi7SFNFLriuX0hhLPmtnl,0%,sem sinal,https://drive.google.com/drive/folders/1KNIbbULXFuG35nwTbhedIygVA_66aZ_B
1NUEyAcVJ9UcHU-E3KuUYRT1r_dMCtltA,Manuals,10AU9sWH8SdKuVRdvE-Jc3k9xIOvvavZc,2026,0,99_REVIEW,156bSZj5fqG0pi7SFNFLriuX0hhLPmtnl,0%,sem sinal,https://drive.google.com/drive/folders/1NUEyAcVJ9UcHU-E3KuUYRT1r_dMCtltA
10AU9sWH8SdKuVRdvE-Jc3k9xIOvvavZc,CORE TRAINER,1sP2EYYNzNSPj0qF7Pt815_nBrpzSBhhX,2026,0,99_REVIEW,156bSZj5fqG0pi7SFNFLriuX0hhLPmtnl,0%,sem sinal,https://drive.google.com/drive/folders/10AU9sWH8SdKuVRdvE-Jc3k9xIOvvavZc
1MzgSlDNqM189PIMA_G3_ijmPvd1cZti8,TREINO PARA GUEREIROS,1sP2EYYNzNSPj0qF7Pt815_nBrpzSBhhX,2026,0,30_AREAS/Corpo,1sKg_cI7ZnP8Ql6YafIOFyfSs7XEwzqM8,100%,score=20.0 conf=100%,https://drive.google.com/drive/folders/1MzgSlDNqM189PIMA_G3_ijmPvd1cZti8
1PGRD48Ezqpi4YgAr7AEL51F1IczZsAcy,Nova pasta,1sP2EYYNzNSPj0qF7Pt815_nBrpzSBhhX,2026,0,99_REVIEW/SemNome,1PaSeiS18VMWSQ43FEDg-jjx7pHJ40SIy,100%,vazio/genérico,https://drive.google.com/drive/folders/1PGRD48Ezqpi4YgAr7AEL51F1IczZsAcy
1sP2EYYNzNSPj0qF7Pt815_nBrpzSBhhX,TREINAMENTO FISICO,1UaJPy6HnweNS1D_Wxn6IrgFF0BKrdTps,2026,0,30_AREAS/Corpo,1sKg_cI7ZnP8Ql6YafIOFyfSs7XEwzqM8,100%,score=8.0 conf=100%,https://drive.google.com/drive/folders/1sP2EYYNzNSPj0qF7Pt815_nBrpzSBhhX
1uIR9CnAtT8kFWA-ivZ3cWmYHhNCyuEHp,JC' SANTANA,1sP2EYYNzNSPj0qF7Pt815_nBrpzSBhhX,2026,0,99_REVIEW,156bSZj5fqG0pi7SFNFLriuX0hhLPmtnl,0%,sem sinal,https://drive.google.com/drive/folders/1uIR9CnAtT8kFWA-ivZ3cWmYHhNCyuEHp
1rMyoDORbJgGcfuIxBjXzBKv3d6iqeg-1,Endeavor,1UaJPy6HnweNS1D_Wxn6IrgFF0BKrdTps,2026,0,99_REVIEW,156bSZj5fqG0pi7SFNFLriuX0hhLPmtnl,0%,sem sinal,https://drive.google.com/drive/folders/1rMyoDORbJgGcfuIxBjXzBKv3d6iqeg-1
1KqNSggwAkiToOP01HFMlF5wCh-uUaZEB,Logos_formatos 2,1GIxqmumekKDSWWJXVX_RRiFGVQpK9MqS,2026,0,99_REVIEW,156bSZj5fqG0pi7SFNFLriuX0hhLPmtnl,0%,sem sinal,https://drive.google.com/drive/folders/1KqNSggwAkiToOP01HFMlF5wCh-uUaZEB
1GIxqmumekKDSWWJXVX_RRiFGVQpK9MqS,KALOUPIA ,1UaJPy6HnweNS1D_Wxn6IrgFF0BKrdTps,2026,0,99_REVIEW,156bSZj5fqG0pi7SFNFLriuX0hhLPmtnl,0%,sem sinal,https://drive.google.com/drive/folders/1GIxqmumekKDSWWJXVX_RRiFGVQpK9MqS
1nvQAoz7aDfyLGWDILl8hAPuhwBwuj85K,PROJETO ARTE DA VIDA,1UaJPy6HnweNS1D_Wxn6IrgFF0BKrdTps,2026,0,99_REVIEW,156bSZj5fqG0pi7SFNFLriuX0hhLPmtnl,0%,sem sinal,https://drive.google.com/drive/folders/1nvQAoz7aDfyLGWDILl8hAPuhwBwuj85K
1PEIXM4TfmMRx-Q64AIMq4jH0CwtDldCQ,orçamentos,1TFrgUOhg7Ar7VIHUElEIOxTv9aJ4_qIL,2026,0,99_REVIEW,156bSZj5fqG0pi7SFNFLriuX0hhLPmtnl,0%,sem sinal,https://drive.google.com/drive/folders/1PEIXM4TfmMRx-Q64AIMq4jH0CwtDldCQ
1TFrgUOhg7Ar7VIHUElEIOxTv9aJ4_qIL,fotos atitude,15i-RhMcSjEe1JptFYM9qguozSopF1zuX,2026,0,60_MEDIA/Fotos,1XnU-r5_jas_YWvbQnH_-RdcUtXyMT7B0,100%,score=10.0 conf=100%,https://drive.google.com/drive/folders/1TFrgUOhg7Ar7VIHUElEIOxTv9aJ4_qIL
1X_8wHbvXRWp-586llJARgppIS2Wjs9ga,MacOS,1Pc1VVZwa759Vid-uzZgJ_7_A8srLvb4A,2026,0,99_REVIEW,156bSZj5fqG0pi7SFNFLriuX0hhLPmtnl,0%,sem sinal,https://drive.google.com/drive/folders/1X_8wHbvXRWp-586llJARgppIS2Wjs9ga
1OyjiT6bDw3oQBZH15JeWqgZ5IBFRhDe1,ja.lproj,1QZHZhv4PnUoo5cxAD5ED6MX2LkHkL6En,2026,0,99_REVIEW,156bSZj5fqG0pi7SFNFLriuX0hhLPmtnl,0%,sem sinal,https://drive.google.com/drive/folders/1OyjiT6bDw3oQBZH15JeWqgZ5IBFRhDe1
1jqRylpzx__VP0ZmDGx15AdgSqOSbaquN,cs.lproj,1QZHZhv4PnUoo5cxAD5ED6MX2LkHkL6En,2026,0,99_REVIEW,156bSZj5fqG0pi7SFNFLriuX0hhLPmtnl,0%,sem sinal,https://drive.google.com/drive/folders/1jqRylpzx__VP0ZmDGx15AdgSqOSbaquN
1J9WDPGP7g4cNx7mjixbP88QOGifgY8Dc,pl.lproj,1QZHZhv4PnUoo5cxAD5ED6MX2LkHkL6En,2026,0,99_REVIEW,156bSZj5fqG0pi7SFNFLriuX0hhLPmtnl,0%,sem sinal,https://drive.google.com/drive/folders/1J9WDPGP7g4cNx7mjixbP88QOGifgY8Dc
17gaeDVO7uaD4AAoBqhzOsLEWZiIuysvF,it.lproj,1QZHZhv4PnUoo5cxAD5ED6MX2LkHkL6En,2026,0,99_REVIEW,156bSZj5fqG0pi7SFNFLriuX0hhLPmtnl,0%,sem sinal,https://drive.google.com/drive/folders/17gaeDVO7uaD4AAoBqhzOsLEWZiIuysvF
1GZBMsh1Wz_FSl8xAJXzReUbdiOoVmTOO,nl.lproj,1QZHZhv4PnUoo5cxAD5ED6MX2LkHkL6En,2026,0,99_REVIEW,156bSZj5fqG0pi7SFNFLriuX0hhLPmtnl,0%,sem sinal,https://drive.google.com/drive/folders/1GZBMsh1Wz_FSl8xAJXzReUbdiOoVmTOO
1AWyNz-ky9KATyWoV29bIj3cjKxZm5ohb,tr.lproj,1QZHZhv4PnUoo5cxAD5ED6MX2LkHkL6En,2026,0,99_REVIEW,156bSZj5fqG0pi7SFNFLriuX0hhLPmtnl,0%,sem sinal,https://drive.google.com/drive/folders/1AWyNz-ky9KATyWoV29bIj3cjKxZm5ohb
1HTV-N2jvWqT9a-yDzeyoh-vMhwHex_py,sv.lproj,1QZHZhv4PnUoo5cxAD5ED6MX2LkHkL6En,2026,0,99_REVIEW,156bSZj5fqG0pi7SFNFLriuX0hhLPmtnl,0%,sem sinal,https://drive.google.com/drive/folders/1HTV-N2jvWqT9a-yDzeyoh-vMhwHex_py
1cGgbNaNlaMZRt93ckZ9ktVmw3DK44pJv,zh_CN.lproj,1QZHZhv4PnUoo5cxAD5ED6MX2LkHkL6En,2026,0,99_REVIEW,156bSZj5fqG0pi7SFNFLriuX0hhLPmtnl,0%,sem sinal,https://drive.google.com/drive/folders/1cGgbNaNlaMZRt93ckZ9ktVmw3DK44pJv
1gV_DuVO813jM9gQjmbMV25ZdIuld4i1l,pt.lproj,1QZHZhv4PnUoo5cxAD5ED6MX2LkHkL6En,2026,0,99_REVIEW,156bSZj5fqG0pi7SFNFLriuX0hhLPmtnl,0%,sem sinal,https://drive.google.com/drive/folders/1gV_DuVO813jM9gQjmbMV25ZdIuld4i1l
1GW1ULa3LplzfgV1DoJ1opoAH1APwkA5i,de.lproj,1QZHZhv4PnUoo5cxAD5ED6MX2LkHkL6En,2026,0,99_REVIEW,156bSZj5fqG0pi7SFNFLriuX0hhLPmtnl,0%,sem sinal,https://drive.google.com/drive/folders/1GW1ULa3LplzfgV1DoJ1opoAH1APwkA5i
1WFBYHhW3iOr3-7gS1THnwl_osNhRQ5In,en.lproj,1QZHZhv4PnUoo5cxAD5ED6MX2LkHkL6En,2026,0,99_REVIEW,156bSZj5fqG0pi7SFNFLriuX0hhLPmtnl,0%,sem sinal,https://drive.google.com/drive/folders/1WFBYHhW3iOr3-7gS1THnwl_osNhRQ5In
1hv7dH678rfLwyHfMb9flKe4rkM-H24Kj,ru.lproj,1QZHZhv4PnUoo5cxAD5ED6MX2LkHkL6En,2026,0,99_REVIEW,156bSZj5fqG0pi7SFNFLriuX0hhLPmtnl,0%,sem sinal,https://drive.google.com/drive/folders/1hv7dH678rfLwyHfMb9flKe4rkM-H24Kj
1772bWOqJde5Jb4PZbjqttzXhlUxvucJ9,zh_TW.lproj,1QZHZhv4PnUoo5cxAD5ED6MX2LkHkL6En,2026,0,99_REVIEW,156bSZj5fqG0pi7SFNFLriuX0hhLPmtnl,0%,sem sinal,https://drive.google.com/drive/folders/1772bWOqJde5Jb4PZbjqttzXhlUxvucJ9
17UGJqWA7fhWJnKiRJIvIi80MpfunX7h1,ko.lproj,1QZHZhv4PnUoo5cxAD5ED6MX2LkHkL6En,2026,0,99_REVIEW,156bSZj5fqG0pi7SFNFLriuX0hhLPmtnl,0%,sem sinal,https://drive.google.com/drive/folders/17UGJqWA7fhWJnKiRJIvIi80MpfunX7h1
1QZHZhv4PnUoo5cxAD5ED6MX2LkHkL6En,Resources,1Pc1VVZwa759Vid-uzZgJ_7_A8srLvb4A,2026,0,99_REVIEW,156bSZj5fqG0pi7SFNFLriuX0hhLPmtnl,0%,sem sinal,https://drive.google.com/drive/folders/1QZHZhv4PnUoo5cxAD5ED6MX2LkHkL6En
1EAmyOjXGuLJDni62fYToxcVzVJuoecGW,es.lproj,1QZHZhv4PnUoo5cxAD5ED6MX2LkHkL6En,2026,0,99_REVIEW,156bSZj5fqG0pi7SFNFLriuX0hhLPmtnl,0%,sem sinal,https://drive.google.com/drive/folders/1EAmyOjXGuLJDni62fYToxcVzVJuoecGW
1Pc1VVZwa759Vid-uzZgJ_7_A8srLvb4A,Contents,1JJChSr6kINyLp9pMfQwKrX1FO8TX1vvD,2026,0,99_REVIEW,156bSZj5fqG0pi7SFNFLriuX0hhLPmtnl,0%,sem sinal,https://drive.google.com/drive/folders/1Pc1VVZwa759Vid-uzZgJ_7_A8srLvb4A
1-u9OeMcKQMCSbh5XYe7sJeT8DB9PK0So,fr.lproj,1QZHZhv4PnUoo5cxAD5ED6MX2LkHkL6En,2026,0,99_REVIEW,156bSZj5fqG0pi7SFNFLriuX0hhLPmtnl,0%,sem sinal,https://drive.google.com/drive/folders/1-u9OeMcKQMCSbh5XYe7sJeT8DB9PK0So
1JJChSr6kINyLp9pMfQwKrX1FO8TX1vvD,prezi.app,1SY8sjirmbkbndu5h4-l1iCQqn_SveXbP,2026,0,99_REVIEW,156bSZj5fqG0pi7SFNFLriuX0hhLPmtnl,0%,sem sinal,https://drive.google.com/drive/folders/1JJChSr6kINyLp9pMfQwKrX1FO8TX1vvD
1WGLA9lzlHjBr5QsKqWahlh5nJob5_n_G,fonts,1NHGaCQbt1yyzEbFT4G09GJ7HVFDff7rB,2026,0,99_REVIEW,156bSZj5fqG0pi7SFNFLriuX0hhLPmtnl,0%,sem sinal,https://drive.google.com/drive/folders/1WGLA9lzlHjBr5QsKqWahlh5nJob5_n_G
1JKWAFTVwmQp0gLfP0EwfRHsBEPQrjgbi,repo,1NHGaCQbt1yyzEbFT4G09GJ7HVFDff7rB,2026,0,99_REVIEW,156bSZj5fqG0pi7SFNFLriuX0hhLPmtnl,0%,sem sinal,https://drive.google.com/drive/folders/1JKWAFTVwmQp0gLfP0EwfRHsBEPQrjgbi
1NHGaCQbt1yyzEbFT4G09GJ7HVFDff7rB,data,1SY8sjirmbkbndu5h4-l1iCQqn_SveXbP,2026,0,99_REVIEW,156bSZj5fqG0pi7SFNFLriuX0hhLPmtnl,0%,sem sinal,https://drive.google.com/drive/folders/1NHGaCQbt1yyzEbFT4G09GJ7HVFDff7rB
1SY8sjirmbkbndu5h4-l1iCQqn_SveXbP,Projeto Teleperformance,15i-RhMcSjEe1JptFYM9qguozSopF1zuX,2026,0,99_REVIEW,156bSZj5fqG0pi7SFNFLriuX0hhLPmtnl,0%,sem sinal,https://drive.google.com/drive/folders/1SY8sjirmbkbndu5h4-l1iCQqn_SveXbP
15i-RhMcSjEe1JptFYM9qguozSopF1zuX,Telepeformance,1RHRWNgQh6bpL0cWXKotQNXeeVp1iJ57P,2026,0,60_MEDIA/Fotos,1XnU-r5_jas_YWvbQnH_-RdcUtXyMT7B0,100%,score=4.0 conf=100%,https://drive.google.com/drive/folders/15i-RhMcSjEe1JptFYM9qguozSopF1zuX
1mS8WU31yXtlDIdkZAEF-m7ut6BiwJ0S6,orçamentos,15i-RhMcSjEe1JptFYM9qguozSopF1zuX,2026,0,99_REVIEW,156bSZj5fqG0pi7SFNFLriuX0hhLPmtnl,0%,sem sinal,https://drive.google.com/drive/folders/1mS8WU31yXtlDIdkZAEF-m7ut6BiwJ0S6
1UxSgE7iY1ql3bPRGUBNjeJ6etsqGv5OI,Orçamento,1RHRWNgQh6bpL0cWXKotQNXeeVp1iJ57P,2026,0,99_REVIEW,156bSZj5fqG0pi7SFNFLriuX0hhLPmtnl,0%,sem sinal,https://drive.google.com/drive/folders/1UxSgE7iY1ql3bPRGUBNjeJ6etsqGv5OI
1udpRlQjguLzkb2iOLoYYk7NMBiVf5A7a,Eventos 4wellness,1RHRWNgQh6bpL0cWXKotQNXeeVp1iJ57P,2026,0,99_REVIEW,156bSZj5fqG0pi7SFNFLriuX0hhLPmtnl,0%,sem sinal,https://drive.google.com/drive/folders/1udpRlQjguLzkb2iOLoYYk7NMBiVf5A7a
1RHRWNgQh6bpL0cWXKotQNXeeVp1iJ57P,teleperformance,1DLXaDcZi1N0teek-XMS7nTN-6fPNcdOs,2026,0,60_MEDIA/Fotos,1XnU-r5_jas_YWvbQnH_-RdcUtXyMT7B0,100%,score=8.0 conf=100%,https://drive.google.com/drive/folders/1RHRWNgQh6bpL0cWXKotQNXeeVp1iJ57P
1sz7agZSfl-SVgqTAODlau5cF8OddcSuO,propostas,1RHRWNgQh6bpL0cWXKotQNXeeVp1iJ57P,2026,0,99_REVIEW,156bSZj5fqG0pi7SFNFLriuX0hhLPmtnl,0%,sem sinal,https://drive.google.com/drive/folders/1sz7agZSfl-SVgqTAODlau5cF8OddcSuO
1OPo5uBri3r2yEhArReka2WAe1gZDmW56,Prazo e  metas,1nBjUxVZD2kadRp8xGg5cpEqybmXCN_Uw,2026,0,99_REVIEW,156bSZj5fqG0pi7SFNFLriuX0hhLPmtnl,0%,sem sinal,https://drive.google.com/drive/folders/1OPo5uBri3r2yEhArReka2WAe1gZDmW56
1-4KuSxe6YghUks7-ItbQb6yF6PNxyPDM,Manual de Projetos,1jk1IILsx_YfPsJbCCR1wrAnbDmUMOYLQ,2026,0,99_REVIEW,156bSZj5fqG0pi7SFNFLriuX0hhLPmtnl,0%,sem sinal,https://drive.google.com/drive/folders/1-4KuSxe6YghUks7-ItbQb6yF6PNxyPDM
1jk1IILsx_YfPsJbCCR1wrAnbDmUMOYLQ,Manual de planejamento,1Q2rSUnCwAQtEz3XgBGPaJPn2xJpIZZc5,2026,0,99_REVIEW,156bSZj5fqG0pi7SFNFLriuX0hhLPmtnl,0%,sem sinal,https://drive.google.com/drive/folders/1jk1IILsx_YfPsJbCCR1wrAnbDmUMOYLQ
1thDnSFfpohg_-S-Yn9m3slZHKKKmcDxx,Planejadores,1Q2rSUnCwAQtEz3XgBGPaJPn2xJpIZZc5,2026,0,99_REVIEW,156bSZj5fqG0pi7SFNFLriuX0hhLPmtnl,0%,sem sinal,https://drive.google.com/drive/folders/1thDnSFfpohg_-S-Yn9m3slZHKKKmcDxx
1VZTjavxzixya1slYBaoLJBxMaHU41aQ8,Material de pesquisa sebrae,1q326V_LEUFFUgEIMOalEGNIwR3w2uA0U,2026,0,40_KNOWLEDGE,1e5BK2bCjDsqzkl08j6DqFHiXo-y02WJX,100%,score=10.0 conf=100%,https://drive.google.com/drive/folders/1VZTjavxzixya1slYBaoLJBxMaHU41aQ8
1q326V_LEUFFUgEIMOalEGNIwR3w2uA0U,Sebrae,1Q2rSUnCwAQtEz3XgBGPaJPn2xJpIZZc5,2026,0,40_KNOWLEDGE,1e5BK2bCjDsqzkl08j6DqFHiXo-y02WJX,100%,score=4.0 conf=100%,https://drive.google.com/drive/folders/1q326V_LEUFFUgEIMOalEGNIwR3w2uA0U
1ehrwjSYFV59C7ZEDeBKkFUCfvQ8Zy9Gq,Plano de negocio Pos graduação,1NjtbQDz9ClrB7ykbgiU-lEWe7x0Lk2Kh,2026,0,30_AREAS/Mente,1pggTB9hPdF7f50-Zzt7f74GWW1I4fqp0,100%,score=20.0 conf=100%,https://drive.google.com/drive/folders/1ehrwjSYFV59C7ZEDeBKkFUCfvQ8Zy9Gq
1NjtbQDz9ClrB7ykbgiU-lEWe7x0Lk2Kh,Modelo de plano de negocio,1Q2rSUnCwAQtEz3XgBGPaJPn2xJpIZZc5,2026,0,30_AREAS/Mente,1pggTB9hPdF7f50-Zzt7f74GWW1I4fqp0,100%,score=28.0 conf=100%,https://drive.google.com/drive/folders/1NjtbQDz9ClrB7ykbgiU-lEWe7x0Lk2Kh
1bywpzY5HY0fuIbTBPt6qfY1lFrOMXHAr,Projeto Milling,1Q2rSUnCwAQtEz3XgBGPaJPn2xJpIZZc5,2026,0,99_REVIEW,156bSZj5fqG0pi7SFNFLriuX0hhLPmtnl,0%,sem sinal,https://drive.google.com/drive/folders/1bywpzY5HY0fuIbTBPt6qfY1lFrOMXHAr
1r1naCsz3y525d-zleL4aRGgARpF3HZj2,Plano de Ação metas e vendas,1Q2rSUnCwAQtEz3XgBGPaJPn2xJpIZZc5,2026,0,99_REVIEW,156bSZj5fqG0pi7SFNFLriuX0hhLPmtnl,0%,sem sinal,https://drive.google.com/drive/folders/1r1naCsz3y525d-zleL4aRGgARpF3HZj2
1-q3pkx9yPS_QxtxxJrNS4FFl_Z5FAdar,Planode carreira,1ugTNYwQIGdX8QyWD9mLKsQCAHuM7X17u,2026,0,99_REVIEW,156bSZj5fqG0pi7SFNFLriuX0hhLPmtnl,0%,sem sinal,https://drive.google.com/drive/folders/1-q3pkx9yPS_QxtxxJrNS4FFl_Z5FAdar
1jZ46z1db9jV6LL-j_LU9h0ZR268DErtN,PN Adriano,1ugTNYwQIGdX8QyWD9mLKsQCAHuM7X17u,2026,0,99_REVIEW,156bSZj5fqG0pi7SFNFLriuX0hhLPmtnl,0%,sem sinal,https://drive.google.com/drive/folders/1jZ46z1db9jV6LL-j_LU9h0ZR268DErtN
1EuHBbUDeh4r5tBJfWWiw4pxhEJHw9IyG,Plano de vendas,1ugTNYwQIGdX8QyWD9mLKsQCAHuM7X17u,2026,0,99_REVIEW,156bSZj5fqG0pi7SFNFLriuX0hhLPmtnl,0%,sem sinal,https://drive.google.com/drive/folders/1EuHBbUDeh4r5tBJfWWiw4pxhEJHw9IyG
1Q2rSUnCwAQtEz3XgBGPaJPn2xJpIZZc5,Planejamento,1nBjUxVZD2kadRp8xGg5cpEqybmXCN_Uw,2026,0,30_AREAS/Mente,1pggTB9hPdF7f50-Zzt7f74GWW1I4fqp0,80%,score=32.0 conf=80%,https://drive.google.com/drive/folders/1Q2rSUnCwAQtEz3XgBGPaJPn2xJpIZZc5
1N_QNZlUt1uQ7ECUcRkHV8KQGM-NYgbXX,Plano de Ação,1ugTNYwQIGdX8QyWD9mLKsQCAHuM7X17u,2026,0,99_REVIEW,156bSZj5fqG0pi7SFNFLriuX0hhLPmtnl,0%,sem sinal,https://drive.google.com/drive/folders/1N_QNZlUt1uQ7ECUcRkHV8KQGM-NYgbXX
1ugTNYwQIGdX8QyWD9mLKsQCAHuM7X17u,Plano de negocio,1Q2rSUnCwAQtEz3XgBGPaJPn2xJpIZZc5,2026,0,30_AREAS/Mente,1pggTB9hPdF7f50-Zzt7f74GWW1I4fqp0,100%,score=20.0 conf=100%,https://drive.google.com/drive/folders/1ugTNYwQIGdX8QyWD9mLKsQCAHuM7X17u
1IZ_FKANQl7410IM8zlw7eN53DD2qiLT3,Projeção de vendas,1ugTNYwQIGdX8QyWD9mLKsQCAHuM7X17u,2026,0,99_REVIEW,156bSZj5fqG0pi7SFNFLriuX0hhLPmtnl,0%,sem sinal,https://drive.google.com/drive/folders/1IZ_FKANQl7410IM8zlw7eN53DD2qiLT3
1Ko_K_xfdXP-nMrh7VztWf2WbcklI7hct,ROTEIRO PARA ELABORAÇÃO DE PROJETOS e CAPTAÇÃO DE RECURSOS,1I73gna2-94Rx231evceo4p3yf9P_eflG,2026,0,99_REVIEW,156bSZj5fqG0pi7SFNFLriuX0hhLPmtnl,0%,sem sinal,https://drive.google.com/drive/folders/1Ko_K_xfdXP-nMrh7VztWf2WbcklI7hct
1I73gna2-94Rx231evceo4p3yf9P_eflG,Modelo de Projeto,1Q2rSUnCwAQtEz3XgBGPaJPn2xJpIZZc5,2026,0,99_REVIEW,156bSZj5fqG0pi7SFNFLriuX0hhLPmtnl,0%,sem sinal,https://drive.google.com/drive/folders/1I73gna2-94Rx231evceo4p3yf9P_eflG
1KhWzjENjDNKe3c2nVKcVjaWjzuDVOHSW,categoriaas,1kTaM__SiI8TqrbmTQQiwplPvpgGi7-oH,2026,0,99_REVIEW,156bSZj5fqG0pi7SFNFLriuX0hhLPmtnl,0%,sem sinal,https://drive.google.com/drive/folders/1KhWzjENjDNKe3c2nVKcVjaWjzuDVOHSW
1kTaM__SiI8TqrbmTQQiwplPvpgGi7-oH,templates,1KXPQ1VxfsgvAYJJSPAkMzVRugcFJxPAk,2026,0,99_REVIEW,156bSZj5fqG0pi7SFNFLriuX0hhLPmtnl,0%,sem sinal,https://drive.google.com/drive/folders/1kTaM__SiI8TqrbmTQQiwplPvpgGi7-oH
1KXPQ1VxfsgvAYJJSPAkMzVRugcFJxPAk,categorias,1KnWTQ1u-T_4aCoLZfFuDvCTS_BmXV1XP,2026,0,99_REVIEW,156bSZj5fqG0pi7SFNFLriuX0hhLPmtnl,0%,sem sinal,https://drive.google.com/drive/folders/1KXPQ1VxfsgvAYJJSPAkMzVRugcFJxPAk
1KnWTQ1u-T_4aCoLZfFuDvCTS_BmXV1XP,Rascunhos,18Kf4qzopAn8tY0nN5yJxDTADUaa6YNoh,2026,0,99_REVIEW,156bSZj5fqG0pi7SFNFLriuX0hhLPmtnl,0%,sem sinal,https://drive.google.com/drive/folders/1KnWTQ1u-T_4aCoLZfFuDvCTS_BmXV1XP
16hVXYxIirBb3SMKH3Q0m5rWbMGCvBR6x,Pagina inicial,18Kf4qzopAn8tY0nN5yJxDTADUaa6YNoh,2026,0,99_REVIEW,156bSZj5fqG0pi7SFNFLriuX0hhLPmtnl,0%,sem sinal,https://drive.google.com/drive/folders/16hVXYxIirBb3SMKH3Q0m5rWbMGCvBR6x
10YW8c38Cdpebw1snbx-42-RiQN6Pu4-J,Briefing,1JHS22Q8eoyC3ojGklZ0SJ8Ag4RjxlWqy,2026,0,99_REVIEW,156bSZj5fqG0pi7SFNFLriuX0hhLPmtnl,0%,sem sinal,https://drive.google.com/drive/folders/10YW8c38Cdpebw1snbx-42-RiQN6Pu4-J
13i6LbJHBVdYDE53YOmmGMwfcNno-us0a,Marcos,1JHS22Q8eoyC3ojGklZ0SJ8Ag4RjxlWqy,2026,0,99_REVIEW,156bSZj5fqG0pi7SFNFLriuX0hhLPmtnl,0%,sem sinal,https://drive.google.com/drive/folders/13i6LbJHBVdYDE53YOmmGMwfcNno-us0a
1Gy1K6To1a1BP2_LxLIRxIIdE9MJ6UzO7,exemplos,1JHS22Q8eoyC3ojGklZ0SJ8Ag4RjxlWqy,2026,0,99_REVIEW,156bSZj5fqG0pi7SFNFLriuX0hhLPmtnl,0%,sem sinal,https://drive.google.com/drive/folders/1Gy1K6To1a1BP2_LxLIRxIIdE9MJ6UzO7
1nHOcaqPhsriDqEP6vOmmMFWok1KczrQ2,categorias,1Gy1K6To1a1BP2_LxLIRxIIdE9MJ6UzO7,2026,0,99_REVIEW,156bSZj5fqG0pi7SFNFLriuX0hhLPmtnl,0%,sem sinal,https://drive.google.com/drive/folders/1nHOcaqPhsriDqEP6vOmmMFWok1KczrQ2
1a1kYGxMGELEjJnJIhV0joYC2uYdLs14z,Templates em PDF,1JHS22Q8eoyC3ojGklZ0SJ8Ag4RjxlWqy,2026,0,99_REVIEW,156bSZj5fqG0pi7SFNFLriuX0hhLPmtnl,0%,sem sinal,https://drive.google.com/drive/folders/1a1kYGxMGELEjJnJIhV0joYC2uYdLs14z
1kbNwN7B0gX7S9UW6jo3hXTtBwpgxNbLc,Pagina inicial,1JHS22Q8eoyC3ojGklZ0SJ8Ag4RjxlWqy,2026,0,99_REVIEW,156bSZj5fqG0pi7SFNFLriuX0hhLPmtnl,0%,sem sinal,https://drive.google.com/drive/folders/1kbNwN7B0gX7S9UW6jo3hXTtBwpgxNbLc
1v1-85q6t1-U6lTMUu6Fz_efFFD1u_CAk,Especialistas,1CIaqiZUI8tYZ8FKCN3s-hC8V1RX7Ykch,2026,0,50_CREATION,15N8xPKHgfnOww38XZXdmhLYv6VKMiuYY,100%,score=3.0 conf=100%,https://drive.google.com/drive/folders/1v1-85q6t1-U6lTMUu6Fz_efFFD1u_CAk
1IXxP0QF83zxUecwuxqjPYXiG7PqLDqP2,Categorias interna Home,1CIaqiZUI8tYZ8FKCN3s-hC8V1RX7Ykch,2026,0,99_REVIEW,156bSZj5fqG0pi7SFNFLriuX0hhLPmtnl,0%,sem sinal,https://drive.google.com/drive/folders/1IXxP0QF83zxUecwuxqjPYXiG7PqLDqP2
1HJLUxFur44VJfl4FlG7AaHHj1fHuwryd,Categorias internas Materias,1CIaqiZUI8tYZ8FKCN3s-hC8V1RX7Ykch,2026,0,99_REVIEW,156bSZj5fqG0pi7SFNFLriuX0hhLPmtnl,0%,sem sinal,https://drive.google.com/drive/folders/1HJLUxFur44VJfl4FlG7AaHHj1fHuwryd
13urncYoIw94JZeHWVlTYjvAk6ygkLeVU,Poste,1CIaqiZUI8tYZ8FKCN3s-hC8V1RX7Ykch,2026,0,99_REVIEW,156bSZj5fqG0pi7SFNFLriuX0hhLPmtnl,0%,sem sinal,https://drive.google.com/drive/folders/13urncYoIw94JZeHWVlTYjvAk6ygkLeVU
1CIaqiZUI8tYZ8FKCN3s-hC8V1RX7Ykch,Categoria interna Inferior,1JHS22Q8eoyC3ojGklZ0SJ8Ag4RjxlWqy,2026,0,50_CREATION,15N8xPKHgfnOww38XZXdmhLYv6VKMiuYY,100%,score=6.0 conf=100%,https://drive.google.com/drive/folders/1CIaqiZUI8tYZ8FKCN3s-hC8V1RX7Ykch
1rm8DQ12dkXVEIG7wT1PMC9rezziFQ-l7,Comunidades,1Y-pCSe4lv1J8xhFPRb-9ejh3LkZlDb5y,2026,0,40_KNOWLEDGE/Livros,1Cqzk_kuLbncNAVwfs97jSfDSgv2mgIoS,100%,score=3.0 conf=100%,https://drive.google.com/drive/folders/1rm8DQ12dkXVEIG7wT1PMC9rezziFQ-l7
1JHS22Q8eoyC3ojGklZ0SJ8Ag4RjxlWqy,TEMPLATES,1tzQsi_R_jywKVcQG_EJcmO2mBHXyw5_l,2026,0,50_CREATION,15N8xPKHgfnOww38XZXdmhLYv6VKMiuYY,65%,score=30.0 conf=65%,https://drive.google.com/drive/folders/1JHS22Q8eoyC3ojGklZ0SJ8Ag4RjxlWqy
14Mv6D0zoBNaPlZxcToQZp2wgAdCDlaIq,Espaço 4wellness,1Y-pCSe4lv1J8xhFPRb-9ejh3LkZlDb5y,2026,0,50_CREATION,15N8xPKHgfnOww38XZXdmhLYv6VKMiuYY,60%,score=6.0 conf=60%,https://drive.google.com/drive/folders/14Mv6D0zoBNaPlZxcToQZp2wgAdCDlaIq
1Y-pCSe4lv1J8xhFPRb-9ejh3LkZlDb5y,Categoria Superior,1JHS22Q8eoyC3ojGklZ0SJ8Ag4RjxlWqy,2026,0,50_CREATION,15N8xPKHgfnOww38XZXdmhLYv6VKMiuYY,60%,score=12.0 conf=60%,https://drive.google.com/drive/folders/1Y-pCSe4lv1J8xhFPRb-9ejh3LkZlDb5y
1EQmLwIxN_u3HqTCPyjZzrgBVmEued1yV,Corrida,1Y-pCSe4lv1J8xhFPRb-9ejh3LkZlDb5y,2026,0,30_AREAS/Corpo,1sKg_cI7ZnP8Ql6YafIOFyfSs7XEwzqM8,100%,score=20.0 conf=100%,https://drive.google.com/drive/folders/1EQmLwIxN_u3HqTCPyjZzrgBVmEued1yV
1efufpepkyQz0uRDdrfoqIGrIE8Yq67SM,Pagina inicial,1tzQsi_R_jywKVcQG_EJcmO2mBHXyw5_l,2026,0,99_REVIEW,156bSZj5fqG0pi7SFNFLriuX0hhLPmtnl,0%,sem sinal,https://drive.google.com/drive/folders/1efufpepkyQz0uRDdrfoqIGrIE8Yq67SM
1U1Zw9HTuh-yJ1kY5cS6ZxrPlBW0RUl3X,Subcategorias,1F1eO80O1fNgfTgls3aqU3rnx3ecOIdgw,2026,0,99_REVIEW,156bSZj5fqG0pi7SFNFLriuX0hhLPmtnl,0%,sem sinal,https://drive.google.com/drive/folders/1U1Zw9HTuh-yJ1kY5cS6ZxrPlBW0RUl3X
1Pt3JXTl9TgBZqNToxD5TUBAUXCs_i5K5,4run,1F1eO80O1fNgfTgls3aqU3rnx3ecOIdgw,2026,0,99_REVIEW,156bSZj5fqG0pi7SFNFLriuX0hhLPmtnl,0%,sem sinal,https://drive.google.com/drive/folders/1Pt3JXTl9TgBZqNToxD5TUBAUXCs_i5K5
1F1eO80O1fNgfTgls3aqU3rnx3ecOIdgw,Portal,1tzQsi_R_jywKVcQG_EJcmO2mBHXyw5_l,2026,0,99_REVIEW,156bSZj5fqG0pi7SFNFLriuX0hhLPmtnl,0%,sem sinal,https://drive.google.com/drive/folders/1F1eO80O1fNgfTgls3aqU3rnx3ecOIdgw
1eOwZeL-rfEsO7ST5Ifm3n10Im61kImAW,Pagina inicial,1F1eO80O1fNgfTgls3aqU3rnx3ecOIdgw,2026,0,99_REVIEW,156bSZj5fqG0pi7SFNFLriuX0hhLPmtnl,0%,sem sinal,https://drive.google.com/drive/folders/1eOwZeL-rfEsO7ST5Ifm3n10Im61kImAW
1UkqBVYcnXJMrSkberz2W9-gJFp6X8Fx5,Pagina,1F1eO80O1fNgfTgls3aqU3rnx3ecOIdgw,2026,0,99_REVIEW,156bSZj5fqG0pi7SFNFLriuX0hhLPmtnl,0%,sem sinal,https://drive.google.com/drive/folders/1UkqBVYcnXJMrSkberz2W9-gJFp6X8Fx5
1Or7EY1e1hu1uUeoLpCOKMh9dZhNKoh8S,institucio,1tzQsi_R_jywKVcQG_EJcmO2mBHXyw5_l,2026,0,99_REVIEW,156bSZj5fqG0pi7SFNFLriuX0hhLPmtnl,0%,sem sinal,https://drive.google.com/drive/folders/1Or7EY1e1hu1uUeoLpCOKMh9dZhNKoh8S
1tzQsi_R_jywKVcQG_EJcmO2mBHXyw5_l,templates,18Kf4qzopAn8tY0nN5yJxDTADUaa6YNoh,2026,0,30_AREAS/Corpo,1sKg_cI7ZnP8Ql6YafIOFyfSs7XEwzqM8,50%,score=32.0 conf=50%,https://drive.google.com/drive/folders/1tzQsi_R_jywKVcQG_EJcmO2mBHXyw5_l
1To2mnX5wyxfut-6asC1pqVeerXlu11cL,Loja Virtual,1tzQsi_R_jywKVcQG_EJcmO2mBHXyw5_l,2026,0,99_REVIEW,156bSZj5fqG0pi7SFNFLriuX0hhLPmtnl,0%,sem sinal,https://drive.google.com/drive/folders/1To2mnX5wyxfut-6asC1pqVeerXlu11cL
1G1HFJrgGqQqs4T4tyF4eogL5T2G-wBy_,twitter,1tzQsi_R_jywKVcQG_EJcmO2mBHXyw5_l,2026,0,99_REVIEW,156bSZj5fqG0pi7SFNFLriuX0hhLPmtnl,0%,sem sinal,https://drive.google.com/drive/folders/1G1HFJrgGqQqs4T4tyF4eogL5T2G-wBy_
1lP3TGQHdOZX5YV7COrIaRRk0TioJIuHq,São de beleza nas empresas,1AiFjvgC4Y3QqpSfncpK3NYUQU8sTl_t7,2026,0,99_REVIEW,156bSZj5fqG0pi7SFNFLriuX0hhLPmtnl,0%,sem sinal,https://drive.google.com/drive/folders/1lP3TGQHdOZX5YV7COrIaRRk0TioJIuHq
1z9ZvUEul_duAsv4i9jdSja6gODmgJnJN,São de beleza nas empresas,1pmWrBOdxtq2JurWTjV0eZ6lkSArfwSsy,2026,0,99_REVIEW,156bSZj5fqG0pi7SFNFLriuX0hhLPmtnl,0%,sem sinal,https://drive.google.com/drive/folders/1z9ZvUEul_duAsv4i9jdSja6gODmgJnJN
1XF5Vmay4LhO8CDBr583LoWKRsw_5pi9I,Ginastica laboral,1pmWrBOdxtq2JurWTjV0eZ6lkSArfwSsy,2026,0,99_REVIEW,156bSZj5fqG0pi7SFNFLriuX0hhLPmtnl,0%,sem sinal,https://drive.google.com/drive/folders/1XF5Vmay4LhO8CDBr583LoWKRsw_5pi9I
1yfSETSvqp_EFDxw_6Yt9J_VfVAYhTS19,Todos os conteudos,1pmWrBOdxtq2JurWTjV0eZ6lkSArfwSsy,2026,0,99_REVIEW,156bSZj5fqG0pi7SFNFLriuX0hhLPmtnl,0%,sem sinal,https://drive.google.com/drive/folders/1yfSETSvqp_EFDxw_6Yt9J_VfVAYhTS19
1pmWrBOdxtq2JurWTjV0eZ6lkSArfwSsy,Conteudo do Site,1AiFjvgC4Y3QqpSfncpK3NYUQU8sTl_t7,2026,0,99_REVIEW,156bSZj5fqG0pi7SFNFLriuX0hhLPmtnl,0%,sem sinal,https://drive.google.com/drive/folders/1pmWrBOdxtq2JurWTjV0eZ6lkSArfwSsy
12mnlzGfWnQGpu1vzZBelLGbwyhKG6XME,links,1pmWrBOdxtq2JurWTjV0eZ6lkSArfwSsy,2026,0,99_REVIEW,156bSZj5fqG0pi7SFNFLriuX0hhLPmtnl,0%,sem sinal,https://drive.google.com/drive/folders/12mnlzGfWnQGpu1vzZBelLGbwyhKG6XME
1CfI-PBzG_LA_0s24uycGx9-7todwnQel,Academia nas empresas,1pmWrBOdxtq2JurWTjV0eZ6lkSArfwSsy,2026,0,99_REVIEW,156bSZj5fqG0pi7SFNFLriuX0hhLPmtnl,0%,sem sinal,https://drive.google.com/drive/folders/1CfI-PBzG_LA_0s24uycGx9-7todwnQel
1dT5jGpBTcsIo3gM8chBT7zB9ImG_44au,eventos esportivos,1pmWrBOdxtq2JurWTjV0eZ6lkSArfwSsy,2026,0,99_REVIEW,156bSZj5fqG0pi7SFNFLriuX0hhLPmtnl,0%,sem sinal,https://drive.google.com/drive/folders/1dT5jGpBTcsIo3gM8chBT7zB9ImG_44au
1Lh6XOADSFNIUl56MrO4EkHL3QGYkqr5d,ginastica funcional,1wprV5-oNaXjQ4Xs-X6IepTEaCnHhrfY6,2026,0,99_REVIEW,156bSZj5fqG0pi7SFNFLriuX0hhLPmtnl,0%,sem sinal,https://drive.google.com/drive/folders/1Lh6XOADSFNIUl56MrO4EkHL3QGYkqr5d
1eYcTyPsqbc5cH5DtMgcq72NR-fTXAO8v,wellness,1wprV5-oNaXjQ4Xs-X6IepTEaCnHhrfY6,2026,0,99_REVIEW,156bSZj5fqG0pi7SFNFLriuX0hhLPmtnl,0%,sem sinal,https://drive.google.com/drive/folders/1eYcTyPsqbc5cH5DtMgcq72NR-fTXAO8v
1rGCIEaxPf3I4ZWayvVX20yvi14pH2Ins,Qualidadde de vida No trabalho,1wprV5-oNaXjQ4Xs-X6IepTEaCnHhrfY6,2026,0,99_REVIEW,156bSZj5fqG0pi7SFNFLriuX0hhLPmtnl,0%,sem sinal,https://drive.google.com/drive/folders/1rGCIEaxPf3I4ZWayvVX20yvi14pH2Ins
1wprV5-oNaXjQ4Xs-X6IepTEaCnHhrfY6,lInks dos videos semanasis,1AiFjvgC4Y3QqpSfncpK3NYUQU8sTl_t7,2026,0,60_MEDIA/Videos,1me7AYaMvDth_2oaOUsKAokzQk5kZHDUK,100%,score=10.0 conf=100%,https://drive.google.com/drive/folders/1wprV5-oNaXjQ4Xs-X6IepTEaCnHhrfY6
1raxrNDPQb2d8uBSZNXbENjCAnhtgherZ,ACADEMIA,1UPyzVUU5210YsPFbPQSyGqGzKr3F8-vR,2026,0,99_REVIEW,156bSZj5fqG0pi7SFNFLriuX0hhLPmtnl,0%,sem sinal,https://drive.google.com/drive/folders/1raxrNDPQb2d8uBSZNXbENjCAnhtgherZ
1UPyzVUU5210YsPFbPQSyGqGzKr3F8-vR,getão de academia,1AiFjvgC4Y3QqpSfncpK3NYUQU8sTl_t7,2026,0,99_REVIEW,156bSZj5fqG0pi7SFNFLriuX0hhLPmtnl,0%,sem sinal,https://drive.google.com/drive/folders/1UPyzVUU5210YsPFbPQSyGqGzKr3F8-vR
1XgT4kF81KvDSjGYs_eCSBWaZW0NxeSE-,Academia nas empresas,1UfkvbQjxmoGqOdYb-mI1_TOixZwuexea,2026,0,99_REVIEW,156bSZj5fqG0pi7SFNFLriuX0hhLPmtnl,0%,sem sinal,https://drive.google.com/drive/folders/1XgT4kF81KvDSjGYs_eCSBWaZW0NxeSE-
17yHMQd7fX7p4WMSGGEj5EYFAD3wj5a0s,ginastica laboral,1UfkvbQjxmoGqOdYb-mI1_TOixZwuexea,2026,0,99_REVIEW,156bSZj5fqG0pi7SFNFLriuX0hhLPmtnl,0%,sem sinal,https://drive.google.com/drive/folders/17yHMQd7fX7p4WMSGGEj5EYFAD3wj5a0s
1UfkvbQjxmoGqOdYb-mI1_TOixZwuexea,Empresas,1AiFjvgC4Y3QqpSfncpK3NYUQU8sTl_t7,2026,0,99_REVIEW,156bSZj5fqG0pi7SFNFLriuX0hhLPmtnl,0%,sem sinal,https://drive.google.com/drive/folders/1UfkvbQjxmoGqOdYb-mI1_TOixZwuexea
1AiFjvgC4Y3QqpSfncpK3NYUQU8sTl_t7,Institusional,1NsDAzF-xa5zsBqq6qesIBGfhTcJhTZL8,2026,0,60_MEDIA/Videos,1me7AYaMvDth_2oaOUsKAokzQk5kZHDUK,100%,score=4.0 conf=100%,https://drive.google.com/drive/folders/1AiFjvgC4Y3QqpSfncpK3NYUQU8sTl_t7
1NsDAzF-xa5zsBqq6qesIBGfhTcJhTZL8,Institusional,18Kf4qzopAn8tY0nN5yJxDTADUaa6YNoh,2026,0,60_MEDIA/Videos,1me7AYaMvDth_2oaOUsKAokzQk5kZHDUK,100%,score=8.0 conf=100%,https://drive.google.com/drive/folders/1NsDAzF-xa5zsBqq6qesIBGfhTcJhTZL8
172J7D6P4ZcgIvF0HZa4mpA3MV1BFRxms,Ginastica laboral,1AiFjvgC4Y3QqpSfncpK3NYUQU8sTl_t7,2026,0,99_REVIEW,156bSZj5fqG0pi7SFNFLriuX0hhLPmtnl,0%,sem sinal,https://drive.google.com/drive/folders/172J7D6P4ZcgIvF0HZa4mpA3MV1BFRxms
1agEa0r0y0RGcXzOEQDbBhBy9hjsfWK8S,eletroterapia,1vFkh9HsBK_XJHzVm6JHEaF8epjeJzWIB,2026,0,99_REVIEW,156bSZj5fqG0pi7SFNFLriuX0hhLPmtnl,0%,sem sinal,https://drive.google.com/drive/folders/1agEa0r0y0RGcXzOEQDbBhBy9hjsfWK8S
1EGaFFyx5pnxt8u34nkSli_8zWcQ323WI,Terapias Holisticas,1vFkh9HsBK_XJHzVm6JHEaF8epjeJzWIB,2026,0,99_REVIEW,156bSZj5fqG0pi7SFNFLriuX0hhLPmtnl,0%,sem sinal,https://drive.google.com/drive/folders/1EGaFFyx5pnxt8u34nkSli_8zWcQ323WI
1K1ncZO24BF9dF625TSnlii_gtaAaNrDo,Alongamentos,1vFkh9HsBK_XJHzVm6JHEaF8epjeJzWIB,2026,0,99_REVIEW,156bSZj5fqG0pi7SFNFLriuX0hhLPmtnl,0%,sem sinal,https://drive.google.com/drive/folders/1K1ncZO24BF9dF625TSnlii_gtaAaNrDo
14gil5f1hjV47JSo4qu1xEZYlURdlwfnL,4news,1vFkh9HsBK_XJHzVm6JHEaF8epjeJzWIB,2026,0,99_REVIEW,156bSZj5fqG0pi7SFNFLriuX0hhLPmtnl,0%,sem sinal,https://drive.google.com/drive/folders/14gil5f1hjV47JSo4qu1xEZYlURdlwfnL
1_96WeoR1xWNz2Q-tnbiA85M71KiczOg5,Educação dos Filhos,1vFkh9HsBK_XJHzVm6JHEaF8epjeJzWIB,2026,0,99_REVIEW,156bSZj5fqG0pi7SFNFLriuX0hhLPmtnl,0%,sem sinal,https://drive.google.com/drive/folders/1_96WeoR1xWNz2Q-tnbiA85M71KiczOg5
1zUArdd1o60nIBtMCp3eW_eGknzJnLiKe,3 idade,1Ho5yTu6lCpgzOU0HqtghYT3Iodzr9HVg,2026,0,99_REVIEW,156bSZj5fqG0pi7SFNFLriuX0hhLPmtnl,0%,sem sinal,https://drive.google.com/drive/folders/1zUArdd1o60nIBtMCp3eW_eGknzJnLiKe
1S22cBqHahU9An74TD4uVVTkxf7Xlk_Ab,links de saude,1Ho5yTu6lCpgzOU0HqtghYT3Iodzr9HVg,2026,0,80_PERSONAL/Saude,1DEcur3QyvUzTP1Z47tgJx9aZgN-4EqRO,100%,score=20.0 conf=100%,https://drive.google.com/drive/folders/1S22cBqHahU9An74TD4uVVTkxf7Xlk_Ab
1iXs9natcE1LK3jJrp7rKojBrrteqY4e9,fique alerta,1oilSAiq_I5Z-akhgjGRlynZaaJv_3oYn,2026,0,99_REVIEW,156bSZj5fqG0pi7SFNFLriuX0hhLPmtnl,0%,sem sinal,https://drive.google.com/drive/folders/1iXs9natcE1LK3jJrp7rKojBrrteqY4e9
1PdVaf01qqV9jcyDoCsJ1-Q6rmkGJIOWj,alimentos,1oilSAiq_I5Z-akhgjGRlynZaaJv_3oYn,2026,0,99_REVIEW,156bSZj5fqG0pi7SFNFLriuX0hhLPmtnl,0%,sem sinal,https://drive.google.com/drive/folders/1PdVaf01qqV9jcyDoCsJ1-Q6rmkGJIOWj
1oilSAiq_I5Z-akhgjGRlynZaaJv_3oYn,nutrição,1Ho5yTu6lCpgzOU0HqtghYT3Iodzr9HVg,2026,0,99_REVIEW,156bSZj5fqG0pi7SFNFLriuX0hhLPmtnl,0%,sem sinal,https://drive.google.com/drive/folders/1oilSAiq_I5Z-akhgjGRlynZaaJv_3oYn
1fhgV_mOCj8vsBYcd5AQxt_URiOvSgzJH,dicas,1oilSAiq_I5Z-akhgjGRlynZaaJv_3oYn,2026,0,99_REVIEW,156bSZj5fqG0pi7SFNFLriuX0hhLPmtnl,0%,sem sinal,https://drive.google.com/drive/folders/1fhgV_mOCj8vsBYcd5AQxt_URiOvSgzJH
13ZdSQrXHs6IKN3b6zpJjhJzvlHM5V0mN,exercicios,1Ho5yTu6lCpgzOU0HqtghYT3Iodzr9HVg,2026,0,99_REVIEW,156bSZj5fqG0pi7SFNFLriuX0hhLPmtnl,0%,sem sinal,https://drive.google.com/drive/folders/13ZdSQrXHs6IKN3b6zpJjhJzvlHM5V0mN
1gUSqNmDeZ57l3H2wg6lXJCbkU1q7ycxF,saude,1Ho5yTu6lCpgzOU0HqtghYT3Iodzr9HVg,2026,0,80_PERSONAL/Saude,1DEcur3QyvUzTP1Z47tgJx9aZgN-4EqRO,100%,score=20.0 conf=100%,https://drive.google.com/drive/folders/1gUSqNmDeZ57l3H2wg6lXJCbkU1q7ycxF
1olCgWMQXQ0BEEcLmd0TApOMhH5EG0ef4,4news,1Ho5yTu6lCpgzOU0HqtghYT3Iodzr9HVg,2026,0,99_REVIEW,156bSZj5fqG0pi7SFNFLriuX0hhLPmtnl,0%,sem sinal,https://drive.google.com/drive/folders/1olCgWMQXQ0BEEcLmd0TApOMhH5EG0ef4
1uHKt0GhkHZjDtVBDANIe-Qj8txUFNR4f,Educação dos Filhos,1Ho5yTu6lCpgzOU0HqtghYT3Iodzr9HVg,2026,0,99_REVIEW,156bSZj5fqG0pi7SFNFLriuX0hhLPmtnl,0%,sem sinal,https://drive.google.com/drive/folders/1uHKt0GhkHZjDtVBDANIe-Qj8txUFNR4f
1VlSt60VXuLhnV7C-BQzhR9cKI-mfPDCs,Terapias,1Ho5yTu6lCpgzOU0HqtghYT3Iodzr9HVg,2026,0,99_REVIEW,156bSZj5fqG0pi7SFNFLriuX0hhLPmtnl,0%,sem sinal,https://drive.google.com/drive/folders/1VlSt60VXuLhnV7C-BQzhR9cKI-mfPDCs
1UWjV8yUbCqclIKovu0xr_4OhhYLo3mFy,dicas,1Ho5yTu6lCpgzOU0HqtghYT3Iodzr9HVg,2026,0,99_REVIEW,156bSZj5fqG0pi7SFNFLriuX0hhLPmtnl,0%,sem sinal,https://drive.google.com/drive/folders/1UWjV8yUbCqclIKovu0xr_4OhhYLo3mFy
1KW_vIWq_E8lvfviCsKGA-bz2n3y3NBoR,Fitness,1Ho5yTu6lCpgzOU0HqtghYT3Iodzr9HVg,2026,0,99_REVIEW,156bSZj5fqG0pi7SFNFLriuX0hhLPmtnl,0%,sem sinal,https://drive.google.com/drive/folders/1KW_vIWq_E8lvfviCsKGA-bz2n3y3NBoR
1OAFWQaMPgeu0yulyXuwXEBkAWvuMNQnK,beleza,1Ho5yTu6lCpgzOU0HqtghYT3Iodzr9HVg,2026,0,99_REVIEW,156bSZj5fqG0pi7SFNFLriuX0hhLPmtnl,0%,sem sinal,https://drive.google.com/drive/folders/1OAFWQaMPgeu0yulyXuwXEBkAWvuMNQnK
1TAAL-8CL5lqckqEWjH24ABE9PjQNACxU,eletroterapia,1Ho5yTu6lCpgzOU0HqtghYT3Iodzr9HVg,2026,0,99_REVIEW,156bSZj5fqG0pi7SFNFLriuX0hhLPmtnl,0%,sem sinal,https://drive.google.com/drive/folders/1TAAL-8CL5lqckqEWjH24ABE9PjQNACxU
1iaxwCa7oL2pKoBGmkjcxs7dXN9-IMhuF,Esportes,1Ho5yTu6lCpgzOU0HqtghYT3Iodzr9HVg,2026,0,30_AREAS/Corpo,1sKg_cI7ZnP8Ql6YafIOFyfSs7XEwzqM8,100%,score=4.0 conf=100%,https://drive.google.com/drive/folders/1iaxwCa7oL2pKoBGmkjcxs7dXN9-IMhuF
1977VQWiMCz8iJTp3r1PgjJ071VqemoSV,mexa-se,1Ho5yTu6lCpgzOU0HqtghYT3Iodzr9HVg,2026,0,99_REVIEW,156bSZj5fqG0pi7SFNFLriuX0hhLPmtnl,0%,sem sinal,https://drive.google.com/drive/folders/1977VQWiMCz8iJTp3r1PgjJ071VqemoSV
1z3mOrYi42CTNNoe6bMteOJ3GV_A0f8B2,curiosidades,1Ho5yTu6lCpgzOU0HqtghYT3Iodzr9HVg,2026,0,99_REVIEW,156bSZj5fqG0pi7SFNFLriuX0hhLPmtnl,0%,sem sinal,https://drive.google.com/drive/folders/1z3mOrYi42CTNNoe6bMteOJ3GV_A0f8B2
10C94VmlrN6163cHSMaiubq75L2JXlzW1,Lugares,1Ho5yTu6lCpgzOU0HqtghYT3Iodzr9HVg,2026,0,99_REVIEW,156bSZj5fqG0pi7SFNFLriuX0hhLPmtnl,0%,sem sinal,https://drive.google.com/drive/folders/10C94VmlrN6163cHSMaiubq75L2JXlzW1
1Ho5yTu6lCpgzOU0HqtghYT3Iodzr9HVg,artigos,1vFkh9HsBK_XJHzVm6JHEaF8epjeJzWIB,2026,0,80_PERSONAL/Saude,1DEcur3QyvUzTP1Z47tgJx9aZgN-4EqRO,80%,score=16.0 conf=80%,https://drive.google.com/drive/folders/1Ho5yTu6lCpgzOU0HqtghYT3Iodzr9HVg
1hS0u0tAl-XTXGv0FnhIWwx9kvv12xZn-,bem estar,1Ho5yTu6lCpgzOU0HqtghYT3Iodzr9HVg,2026,0,99_REVIEW,156bSZj5fqG0pi7SFNFLriuX0hhLPmtnl,0%,sem sinal,https://drive.google.com/drive/folders/1hS0u0tAl-XTXGv0FnhIWwx9kvv12xZn-
15U7028_vp1b-nhcXcM5lUtlG-aCvlkxt,Alongamentos,1Ho5yTu6lCpgzOU0HqtghYT3Iodzr9HVg,2026,0,99_REVIEW,156bSZj5fqG0pi7SFNFLriuX0hhLPmtnl,0%,sem sinal,https://drive.google.com/drive/folders/15U7028_vp1b-nhcXcM5lUtlG-aCvlkxt
1vBlMzLRGhv4_4DaDyOhxnZ_WMwwTpUPU,Ginastica funcional,1vFkh9HsBK_XJHzVm6JHEaF8epjeJzWIB,2026,0,99_REVIEW,156bSZj5fqG0pi7SFNFLriuX0hhLPmtnl,0%,sem sinal,https://drive.google.com/drive/folders/1vBlMzLRGhv4_4DaDyOhxnZ_WMwwTpUPU
1eI2mrRsINVFgkxCT5eiDst9n0Dmu4XJw,3 idade,1vFkh9HsBK_XJHzVm6JHEaF8epjeJzWIB,2026,0,99_REVIEW,156bSZj5fqG0pi7SFNFLriuX0hhLPmtnl,0%,sem sinal,https://drive.google.com/drive/folders/1eI2mrRsINVFgkxCT5eiDst9n0Dmu4XJw
1GN3DUKJYpA5HtT9Db5w586JoAQhZmW9z,Musculação,1vFkh9HsBK_XJHzVm6JHEaF8epjeJzWIB,2026,0,99_REVIEW,156bSZj5fqG0pi7SFNFLriuX0hhLPmtnl,0%,sem sinal,https://drive.google.com/drive/folders/1GN3DUKJYpA5HtT9Db5w586JoAQhZmW9z
1ZsxKzv3OO5ChBE0wjOVx2qi22X4k8vbl,Musculaçaõ,1vFkh9HsBK_XJHzVm6JHEaF8epjeJzWIB,2026,0,99_REVIEW,156bSZj5fqG0pi7SFNFLriuX0hhLPmtnl,0%,sem sinal,https://drive.google.com/drive/folders/1ZsxKzv3OO5ChBE0wjOVx2qi22X4k8vbl
120CpR5Ge-ovTtRMiJiaEDrh0szt2pvpr,mente saldavel,1vFkh9HsBK_XJHzVm6JHEaF8epjeJzWIB,2026,0,99_REVIEW,156bSZj5fqG0pi7SFNFLriuX0hhLPmtnl,0%,sem sinal,https://drive.google.com/drive/folders/120CpR5Ge-ovTtRMiJiaEDrh0szt2pvpr
19M_NBrQMcBmlhpQEwct78ELL4OrtQx4Y,Terapias Naturasi,1vFkh9HsBK_XJHzVm6JHEaF8epjeJzWIB,2026,0,99_REVIEW,156bSZj5fqG0pi7SFNFLriuX0hhLPmtnl,0%,sem sinal,https://drive.google.com/drive/folders/19M_NBrQMcBmlhpQEwct78ELL4OrtQx4Y
1vFkh9HsBK_XJHzVm6JHEaF8epjeJzWIB,Materias,18Kf4qzopAn8tY0nN5yJxDTADUaa6YNoh,2026,0,80_PERSONAL/Saude,1DEcur3QyvUzTP1Z47tgJx9aZgN-4EqRO,80%,score=16.0 conf=80%,https://drive.google.com/drive/folders/1vFkh9HsBK_XJHzVm6JHEaF8epjeJzWIB
1RJKGo-KWp7f1tO-YJOV4GaYnsx2feKEo,pilates,1vFkh9HsBK_XJHzVm6JHEaF8epjeJzWIB,2026,0,99_REVIEW,156bSZj5fqG0pi7SFNFLriuX0hhLPmtnl,0%,sem sinal,https://drive.google.com/drive/folders/1RJKGo-KWp7f1tO-YJOV4GaYnsx2feKEo
1IpHccI33KUYfpIBmEV_QKIXMRdxyw9Cb,Word press,18Kf4qzopAn8tY0nN5yJxDTADUaa6YNoh,2026,0,99_REVIEW,156bSZj5fqG0pi7SFNFLriuX0hhLPmtnl,0%,sem sinal,https://drive.google.com/drive/folders/1IpHccI33KUYfpIBmEV_QKIXMRdxyw9Cb
1-2auCmAqMjkuSLrEXiDNb9QJ6l8YDaqe,categorias,1WYTEXoIypKXAQhLgEPQ2FyHhPJZzN_KT,2026,0,99_REVIEW,156bSZj5fqG0pi7SFNFLriuX0hhLPmtnl,0%,sem sinal,https://drive.google.com/drive/folders/1-2auCmAqMjkuSLrEXiDNb9QJ6l8YDaqe
1GI5az9HSQsrgHE0hx89_b2TDlQVwiwPV,Pagina inicila Home,1WYTEXoIypKXAQhLgEPQ2FyHhPJZzN_KT,2026,0,99_REVIEW,156bSZj5fqG0pi7SFNFLriuX0hhLPmtnl,0%,sem sinal,https://drive.google.com/drive/folders/1GI5az9HSQsrgHE0hx89_b2TDlQVwiwPV
1_miAPLxyuGTME4w6fEhuqtMa5R8XTPZ2,lInks dos videos semanasis,1YOmMGEOuXwi0mjRV_QKX8IcVoDYqAFaj,2026,0,60_MEDIA/Videos,1me7AYaMvDth_2oaOUsKAokzQk5kZHDUK,100%,score=10.0 conf=100%,https://drive.google.com/drive/folders/1_miAPLxyuGTME4w6fEhuqtMa5R8XTPZ2
1BdQSzTfvllfLePn1DOLYk2VVLpWFDNG3,Todos os conteudos,1YOmMGEOuXwi0mjRV_QKX8IcVoDYqAFaj,2026,0,99_REVIEW,156bSZj5fqG0pi7SFNFLriuX0hhLPmtnl,0%,sem sinal,https://drive.google.com/drive/folders/1BdQSzTfvllfLePn1DOLYk2VVLpWFDNG3
1PKuBg7ac2NH7USUIJhl_BJQzqtvmPvX3,Materias,1YOmMGEOuXwi0mjRV_QKX8IcVoDYqAFaj,2026,0,80_PERSONAL/Saude,1DEcur3QyvUzTP1Z47tgJx9aZgN-4EqRO,86%,score=24.0 conf=86%,https://drive.google.com/drive/folders/1PKuBg7ac2NH7USUIJhl_BJQzqtvmPvX3
1YOmMGEOuXwi0mjRV_QKX8IcVoDYqAFaj,Portal,1WYTEXoIypKXAQhLgEPQ2FyHhPJZzN_KT,2026,0,80_PERSONAL/Saude,1DEcur3QyvUzTP1Z47tgJx9aZgN-4EqRO,86%,score=24.0 conf=86%,https://drive.google.com/drive/folders/1YOmMGEOuXwi0mjRV_QKX8IcVoDYqAFaj
12SglNY2BQ8SZaC4n92l13uMqURBbZKXO,php do site word press,1YOmMGEOuXwi0mjRV_QKX8IcVoDYqAFaj,2026,0,99_REVIEW,156bSZj5fqG0pi7SFNFLriuX0hhLPmtnl,0%,sem sinal,https://drive.google.com/drive/folders/12SglNY2BQ8SZaC4n92l13uMqURBbZKXO
1hZR6vpMauHo1JDiAm0ptFpgxrVWW3Frv,Nutrição,1YOmMGEOuXwi0mjRV_QKX8IcVoDYqAFaj,2026,0,99_REVIEW,156bSZj5fqG0pi7SFNFLriuX0hhLPmtnl,0%,sem sinal,https://drive.google.com/drive/folders/1hZR6vpMauHo1JDiAm0ptFpgxrVWW3Frv
1OciMoxO1z-rDOsACCQkVpnkLBMWzEnLG,Pgina das materias,1WYTEXoIypKXAQhLgEPQ2FyHhPJZzN_KT,2026,0,99_REVIEW,156bSZj5fqG0pi7SFNFLriuX0hhLPmtnl,0%,sem sinal,https://drive.google.com/drive/folders/1OciMoxO1z-rDOsACCQkVpnkLBMWzEnLG
1EVVYimGO41KQwT_ON_kaKA9KlBXl9pMu,Terapias,1RFWfLrH8KszDFLKu17-A_cxujuDVw3TO,2026,0,99_REVIEW,156bSZj5fqG0pi7SFNFLriuX0hhLPmtnl,0%,sem sinal,https://drive.google.com/drive/folders/1EVVYimGO41KQwT_ON_kaKA9KlBXl9pMu
1qdg3YOBkASsYMkIuPpBoKpugnPuQ_arZ,Atividade Fisica,1RFWfLrH8KszDFLKu17-A_cxujuDVw3TO,2026,0,30_AREAS/Corpo,1sKg_cI7ZnP8Ql6YafIOFyfSs7XEwzqM8,100%,score=4.0 conf=100%,https://drive.google.com/drive/folders/1qdg3YOBkASsYMkIuPpBoKpugnPuQ_arZ
1SG-pbgPRwlZDc63UlFHRpcCW8HqupcZe,Nutrição,1RFWfLrH8KszDFLKu17-A_cxujuDVw3TO,2026,0,99_REVIEW,156bSZj5fqG0pi7SFNFLriuX0hhLPmtnl,0%,sem sinal,https://drive.google.com/drive/folders/1SG-pbgPRwlZDc63UlFHRpcCW8HqupcZe
1xlO_w3HkTbTKM0_VkOmuH4O1LCZ0KFLl,Bem estar,1RFWfLrH8KszDFLKu17-A_cxujuDVw3TO,2026,0,99_REVIEW,156bSZj5fqG0pi7SFNFLriuX0hhLPmtnl,0%,sem sinal,https://drive.google.com/drive/folders/1xlO_w3HkTbTKM0_VkOmuH4O1LCZ0KFLl
1WYTEXoIypKXAQhLgEPQ2FyHhPJZzN_KT,Portal,18Kf4qzopAn8tY0nN5yJxDTADUaa6YNoh,2026,0,80_PERSONAL/Saude,1DEcur3QyvUzTP1Z47tgJx9aZgN-4EqRO,83%,score=40.0 conf=83%,https://drive.google.com/drive/folders/1WYTEXoIypKXAQhLgEPQ2FyHhPJZzN_KT
1RFWfLrH8KszDFLKu17-A_cxujuDVw3TO,Materias,1WYTEXoIypKXAQhLgEPQ2FyHhPJZzN_KT,2026,0,80_PERSONAL/Saude,1DEcur3QyvUzTP1Z47tgJx9aZgN-4EqRO,86%,score=24.0 conf=86%,https://drive.google.com/drive/folders/1RFWfLrH8KszDFLKu17-A_cxujuDVw3TO
1KDTEjJFghSAl3jTZ6MqsZDKeB20_4dGm,Saude,1RFWfLrH8KszDFLKu17-A_cxujuDVw3TO,2026,0,80_PERSONAL/Saude,1DEcur3QyvUzTP1Z47tgJx9aZgN-4EqRO,100%,score=40.0 conf=100%,https://drive.google.com/drive/folders/1KDTEjJFghSAl3jTZ6MqsZDKeB20_4dGm
1fNDGgl8k82s5ZrcUJ5XKMxneu9L_KBax,Projeto para web,18Kf4qzopAn8tY0nN5yJxDTADUaa6YNoh,2026,0,99_REVIEW,156bSZj5fqG0pi7SFNFLriuX0hhLPmtnl,0%,sem sinal,https://drive.google.com/drive/folders/1fNDGgl8k82s5ZrcUJ5XKMxneu9L_KBax
1VOKdsdqQm0bi01ipp58Px9HHu34-Hxg6,Rede social,18Kf4qzopAn8tY0nN5yJxDTADUaa6YNoh,2026,0,99_REVIEW,156bSZj5fqG0pi7SFNFLriuX0hhLPmtnl,0%,sem sinal,https://drive.google.com/drive/folders/1VOKdsdqQm0bi01ipp58Px9HHu34-Hxg6
10zb4y_20jrYDwcHkFS0UAx2k-OV9Q5Ue,Arvore do site,18Kf4qzopAn8tY0nN5yJxDTADUaa6YNoh,2026,0,99_REVIEW,156bSZj5fqG0pi7SFNFLriuX0hhLPmtnl,0%,sem sinal,https://drive.google.com/drive/folders/10zb4y_20jrYDwcHkFS0UAx2k-OV9Q5Ue
1RgtxmxvYUNDQKRjB1vYS_T2Qqw0bqdlq,Calculadoras,18Kf4qzopAn8tY0nN5yJxDTADUaa6YNoh,2026,0,99_REVIEW,156bSZj5fqG0pi7SFNFLriuX0hhLPmtnl,0%,sem sinal,https://drive.google.com/drive/folders/1RgtxmxvYUNDQKRjB1vYS_T2Qqw0bqdlq
18Kf4qzopAn8tY0nN5yJxDTADUaa6YNoh,Site,1nBjUxVZD2kadRp8xGg5cpEqybmXCN_Uw,2026,0,30_AREAS/Corpo,1sKg_cI7ZnP8Ql6YafIOFyfSs7XEwzqM8,50%,score=40.0 conf=50%,https://drive.google.com/drive/folders/18Kf4qzopAn8tY0nN5yJxDTADUaa6YNoh
1LQ9qdrlvuKgctpfajy0giaqkCk75sugu,eccomerce,18Kf4qzopAn8tY0nN5yJxDTADUaa6YNoh,2026,0,99_REVIEW,156bSZj5fqG0pi7SFNFLriuX0hhLPmtnl,0%,sem sinal,https://drive.google.com/drive/folders/1LQ9qdrlvuKgctpfajy0giaqkCk75sugu
10iR-RFf2E72YZLqLvoSPnM_TFfYetyaj,Desenvolvimento,18Kf4qzopAn8tY0nN5yJxDTADUaa6YNoh,2026,0,99_REVIEW,156bSZj5fqG0pi7SFNFLriuX0hhLPmtnl,0%,sem sinal,https://drive.google.com/drive/folders/10iR-RFf2E72YZLqLvoSPnM_TFfYetyaj
10I7Ew60l1oiwWrkwlNndrhgWUgD_O1bN,Templates em PDF,18Kf4qzopAn8tY0nN5yJxDTADUaa6YNoh,2026,0,99_REVIEW,156bSZj5fqG0pi7SFNFLriuX0hhLPmtnl,0%,sem sinal,https://drive.google.com/drive/folders/10I7Ew60l1oiwWrkwlNndrhgWUgD_O1bN
1pxKd99OOFM3puq7pMUpmlyV9gEsth3eI,Cronograma,1O6XPoQUvNpGSHX45kb_rwvyVjwC98Pe-,2026,0,99_REVIEW,156bSZj5fqG0pi7SFNFLriuX0hhLPmtnl,0%,sem sinal,https://drive.google.com/drive/folders/1pxKd99OOFM3puq7pMUpmlyV9gEsth3eI
1O6XPoQUvNpGSHX45kb_rwvyVjwC98Pe-,Editorial,1ydlrO98ZXuN510Fjbe9NzVRmg-lSD7Vc,2026,0,99_REVIEW,156bSZj5fqG0pi7SFNFLriuX0hhLPmtnl,0%,sem sinal,https://drive.google.com/drive/folders/1O6XPoQUvNpGSHX45kb_rwvyVjwC98Pe-
1ydlrO98ZXuN510Fjbe9NzVRmg-lSD7Vc,Gestão de conteudos,18Kf4qzopAn8tY0nN5yJxDTADUaa6YNoh,2026,0,99_REVIEW,156bSZj5fqG0pi7SFNFLriuX0hhLPmtnl,0%,sem sinal,https://drive.google.com/drive/folders/1ydlrO98ZXuN510Fjbe9NzVRmg-lSD7Vc
1u4YEvE3aaWZ7-tMXY9y25PoXEbgsJe2o,Breeffing,18Kf4qzopAn8tY0nN5yJxDTADUaa6YNoh,2026,0,99_REVIEW,156bSZj5fqG0pi7SFNFLriuX0hhLPmtnl,0%,sem sinal,https://drive.google.com/drive/folders/1u4YEvE3aaWZ7-tMXY9y25PoXEbgsJe2o
17cj7wKUaP3BTmeGCnxWc8m78AA8iuufB,Blog,18Kf4qzopAn8tY0nN5yJxDTADUaa6YNoh,2026,0,99_REVIEW,156bSZj5fqG0pi7SFNFLriuX0hhLPmtnl,0%,sem sinal,https://drive.google.com/drive/folders/17cj7wKUaP3BTmeGCnxWc8m78AA8iuufB
1KOXtp38pmPmZ3gwjveajtTzdFiu0ZjD3,PNL,1zSY7WaSvSajnD7EljTYfrnpBSAN6TTi5,2026,0,99_REVIEW,156bSZj5fqG0pi7SFNFLriuX0hhLPmtnl,0%,sem sinal,https://drive.google.com/drive/folders/1KOXtp38pmPmZ3gwjveajtTzdFiu0ZjD3
1k0LfoClvHrkhe6210f9krfa_WZXKwddL,Liderança,1zSY7WaSvSajnD7EljTYfrnpBSAN6TTi5,2026,0,99_REVIEW,156bSZj5fqG0pi7SFNFLriuX0hhLPmtnl,0%,sem sinal,https://drive.google.com/drive/folders/1k0LfoClvHrkhe6210f9krfa_WZXKwddL
1RNXo1AHc_AMYDq52u3Ux0NkZky6BG1_W,Condutas,1zSY7WaSvSajnD7EljTYfrnpBSAN6TTi5,2026,0,99_REVIEW,156bSZj5fqG0pi7SFNFLriuX0hhLPmtnl,0%,sem sinal,https://drive.google.com/drive/folders/1RNXo1AHc_AMYDq52u3Ux0NkZky6BG1_W
15LOG3J6t52ueX57Jmzi-7w7RjUdiQ1wg,Vendas,1zSY7WaSvSajnD7EljTYfrnpBSAN6TTi5,2026,0,99_REVIEW,156bSZj5fqG0pi7SFNFLriuX0hhLPmtnl,0%,sem sinal,https://drive.google.com/drive/folders/15LOG3J6t52ueX57Jmzi-7w7RjUdiQ1wg
1ZYowZMYMIOFRl3VKj5CAxs6TchtC98rZ,Escola 4wellness,1zSY7WaSvSajnD7EljTYfrnpBSAN6TTi5,2026,0,99_REVIEW,156bSZj5fqG0pi7SFNFLriuX0hhLPmtnl,0%,sem sinal,https://drive.google.com/drive/folders/1ZYowZMYMIOFRl3VKj5CAxs6TchtC98rZ
1r2QDOirHZNk0MOooGttmMwUACHUuiDV7,Disc,1zSY7WaSvSajnD7EljTYfrnpBSAN6TTi5,2026,0,99_REVIEW,156bSZj5fqG0pi7SFNFLriuX0hhLPmtnl,0%,sem sinal,https://drive.google.com/drive/folders/1r2QDOirHZNk0MOooGttmMwUACHUuiDV7
1nBjUxVZD2kadRp8xGg5cpEqybmXCN_Uw,A Estrututura 4wellness,1DLXaDcZi1N0teek-XMS7nTN-6fPNcdOs,2026,0,30_AREAS/Mente,1pggTB9hPdF7f50-Zzt7f74GWW1I4fqp0,67%,score=40.0 conf=67%,https://drive.google.com/drive/folders/1nBjUxVZD2kadRp8xGg5cpEqybmXCN_Uw
1Pn1JDT0Jvh1t4ZoOpZQZL8pWj-obPxI9,Marqueting pessoal,1zSY7WaSvSajnD7EljTYfrnpBSAN6TTi5,2026,0,99_REVIEW,156bSZj5fqG0pi7SFNFLriuX0hhLPmtnl,0%,sem sinal,https://drive.google.com/drive/folders/1Pn1JDT0Jvh1t4ZoOpZQZL8pWj-obPxI9
1zSY7WaSvSajnD7EljTYfrnpBSAN6TTi5,Treinamento,1nBjUxVZD2kadRp8xGg5cpEqybmXCN_Uw,2026,0,99_REVIEW,156bSZj5fqG0pi7SFNFLriuX0hhLPmtnl,0%,sem sinal,https://drive.google.com/drive/folders/1zSY7WaSvSajnD7EljTYfrnpBSAN6TTi5
1VIWjy1vniht30-6xr4k4RqiV5QiPcL86,Sintonia,1nBjUxVZD2kadRp8xGg5cpEqybmXCN_Uw,2026,0,99_REVIEW,156bSZj5fqG0pi7SFNFLriuX0hhLPmtnl,0%,sem sinal,https://drive.google.com/drive/folders/1VIWjy1vniht30-6xr4k4RqiV5QiPcL86
1FrfPOP8kApT5QZXxdPXt9shBXTMsFSkQ,Videos,1nBjUxVZD2kadRp8xGg5cpEqybmXCN_Uw,2026,0,60_MEDIA/Videos,1me7AYaMvDth_2oaOUsKAokzQk5kZHDUK,100%,score=10.0 conf=100%,https://drive.google.com/drive/folders/1FrfPOP8kApT5QZXxdPXt9shBXTMsFSkQ
1BFYyn2csUy3loq3LjBLTPjVFTTilsuBn,RH,1osYvQlH2hMSoCcuwFm8bQ_CqQbokaVFx,2026,0,70_BUSINESS,1g6VsRP42__bKHOj2tqHPPeg-fg2EsGkT,100%,score=15.0 conf=100%,https://drive.google.com/drive/folders/1BFYyn2csUy3loq3LjBLTPjVFTTilsuBn
127MR5wFnZZkqBgzQgEwo7jx-it0spHc1,Comece certo,1osYvQlH2hMSoCcuwFm8bQ_CqQbokaVFx,2026,0,99_REVIEW,156bSZj5fqG0pi7SFNFLriuX0hhLPmtnl,0%,sem sinal,https://drive.google.com/drive/folders/127MR5wFnZZkqBgzQgEwo7jx-it0spHc1
1-7G-YUFHNVeraF1PZfwqiv2_9hQTxuGw,Pesquisa,1osYvQlH2hMSoCcuwFm8bQ_CqQbokaVFx,2026,0,40_KNOWLEDGE,1e5BK2bCjDsqzkl08j6DqFHiXo-y02WJX,100%,score=10.0 conf=100%,https://drive.google.com/drive/folders/1-7G-YUFHNVeraF1PZfwqiv2_9hQTxuGw
1nniwKoCtUSAFCFBBUnYF7E-s_GJ6fwfY,Projetos,1osYvQlH2hMSoCcuwFm8bQ_CqQbokaVFx,2026,0,99_REVIEW,156bSZj5fqG0pi7SFNFLriuX0hhLPmtnl,0%,sem sinal,https://drive.google.com/drive/folders/1nniwKoCtUSAFCFBBUnYF7E-s_GJ6fwfY
1LRjE0ay1r7DcKGkyNBm1UXdeFKBUt1hR,Concorrentes,1osYvQlH2hMSoCcuwFm8bQ_CqQbokaVFx,2026,0,99_REVIEW,156bSZj5fqG0pi7SFNFLriuX0hhLPmtnl,0%,sem sinal,https://drive.google.com/drive/folders/1LRjE0ay1r7DcKGkyNBm1UXdeFKBUt1hR
1a4aq2k74xk8MtVN9_Tr-ycfVPCcZqN_q,Projeção de vendas,198UKlGV-5e-tM8TkeDo8IaRBKc9QWSRv,2026,0,99_REVIEW,156bSZj5fqG0pi7SFNFLriuX0hhLPmtnl,0%,sem sinal,https://drive.google.com/drive/folders/1a4aq2k74xk8MtVN9_Tr-ycfVPCcZqN_q
198UKlGV-5e-tM8TkeDo8IaRBKc9QWSRv,Plano de Ação metas e vendas,1enZU1TrthU8J8-YaH4ApfQKIuTa0ec-j,2026,0,99_REVIEW,156bSZj5fqG0pi7SFNFLriuX0hhLPmtnl,0%,sem sinal,https://drive.google.com/drive/folders/198UKlGV-5e-tM8TkeDo8IaRBKc9QWSRv
1Y4-vZkq6hkP3IFuBMtgUiRZ5O3hU7PaS,Plano de negocio Pos graduação,1LpwryfpwxPwh07Z28DYzkAFZltuwa8TV,2026,0,30_AREAS/Mente,1pggTB9hPdF7f50-Zzt7f74GWW1I4fqp0,100%,score=20.0 conf=100%,https://drive.google.com/drive/folders/1Y4-vZkq6hkP3IFuBMtgUiRZ5O3hU7PaS
1LpwryfpwxPwh07Z28DYzkAFZltuwa8TV,Plano de negocio completo,1enZU1TrthU8J8-YaH4ApfQKIuTa0ec-j,2026,0,30_AREAS/Mente,1pggTB9hPdF7f50-Zzt7f74GWW1I4fqp0,100%,score=24.0 conf=100%,https://drive.google.com/drive/folders/1LpwryfpwxPwh07Z28DYzkAFZltuwa8TV
1KQ1pVXSoMOqydU6_KULjjjXUkaAYOxuI,Material de pesquisa sebrae,187HXGJpVHjATIXIzL1IcJbFk3MpUtsZq,2026,0,40_KNOWLEDGE,1e5BK2bCjDsqzkl08j6DqFHiXo-y02WJX,100%,score=10.0 conf=100%,https://drive.google.com/drive/folders/1KQ1pVXSoMOqydU6_KULjjjXUkaAYOxuI
187HXGJpVHjATIXIzL1IcJbFk3MpUtsZq,Sebrae,1enZU1TrthU8J8-YaH4ApfQKIuTa0ec-j,2026,0,40_KNOWLEDGE,1e5BK2bCjDsqzkl08j6DqFHiXo-y02WJX,100%,score=2.0 conf=100%,https://drive.google.com/drive/folders/187HXGJpVHjATIXIzL1IcJbFk3MpUtsZq
1enZU1TrthU8J8-YaH4ApfQKIuTa0ec-j,Modelo de Plano de negocio,1osYvQlH2hMSoCcuwFm8bQ_CqQbokaVFx,2026,0,30_AREAS/Mente,1pggTB9hPdF7f50-Zzt7f74GWW1I4fqp0,93%,score=28.0 conf=93%,https://drive.google.com/drive/folders/1enZU1TrthU8J8-YaH4ApfQKIuTa0ec-j
1xxLeHh3g2KHxLbmDqVhkFnskFrADfLS9,Motivacão,1osYvQlH2hMSoCcuwFm8bQ_CqQbokaVFx,2026,0,99_REVIEW,156bSZj5fqG0pi7SFNFLriuX0hhLPmtnl,0%,sem sinal,https://drive.google.com/drive/folders/1xxLeHh3g2KHxLbmDqVhkFnskFrADfLS9
1dGpMZhLvTqJ7JRpKMUVsOH5_QBaaG8KA,Contrato,1jIikYVob2bPunWBtuuyaSuK31JHPsZ2w,2026,0,70_BUSINESS,1g6VsRP42__bKHOj2tqHPPeg-fg2EsGkT,100%,score=15.0 conf=100%,https://drive.google.com/drive/folders/1dGpMZhLvTqJ7JRpKMUVsOH5_QBaaG8KA
1vr9eOwMDo5VRmr-I34jQB9JRX8iiCueh,institucional 5.jpg.files,1JQuKxDmnOePbZEot4RT_tFs0JzeDmdys,2026,0,99_REVIEW,156bSZj5fqG0pi7SFNFLriuX0hhLPmtnl,0%,sem sinal,https://drive.google.com/drive/folders/1vr9eOwMDo5VRmr-I34jQB9JRX8iiCueh
1F885DyGq5wJVSwUVbFtiDYHLkFYgVwSE,institucional final2.jpg.files,1JQuKxDmnOePbZEot4RT_tFs0JzeDmdys,2026,0,99_REVIEW,156bSZj5fqG0pi7SFNFLriuX0hhLPmtnl,0%,sem sinal,https://drive.google.com/drive/folders/1F885DyGq5wJVSwUVbFtiDYHLkFYgVwSE
1DwNtWH7Ha3RaARw4Rm3rcE7owhQU4TqR,institucional 25.jpg.files,1JQuKxDmnOePbZEot4RT_tFs0JzeDmdys,2026,0,99_REVIEW,156bSZj5fqG0pi7SFNFLriuX0hhLPmtnl,0%,sem sinal,https://drive.google.com/drive/folders/1DwNtWH7Ha3RaARw4Rm3rcE7owhQU4TqR
1i4nCwo8kgyHNXIpOiPazuKavY7TNDtxr,institucional 2.jpg.files,1JQuKxDmnOePbZEot4RT_tFs0JzeDmdys,2026,0,99_REVIEW,156bSZj5fqG0pi7SFNFLriuX0hhLPmtnl,0%,sem sinal,https://drive.google.com/drive/folders/1i4nCwo8kgyHNXIpOiPazuKavY7TNDtxr
1GOQHeYoBMUohrTWhhcFvv7WMmRet3eLV,Pagina de  cadastro.png.files,1JQuKxDmnOePbZEot4RT_tFs0JzeDmdys,2026,0,99_REVIEW,156bSZj5fqG0pi7SFNFLriuX0hhLPmtnl,0%,sem sinal,https://drive.google.com/drive/folders/1GOQHeYoBMUohrTWhhcFvv7WMmRet3eLV
1yoNRPD3mO805_VpmT_hwr1yyvVXVRHfC,4WELLNESS RINNING.jpg.files,1JQuKxDmnOePbZEot4RT_tFs0JzeDmdys,2026,0,99_REVIEW,156bSZj5fqG0pi7SFNFLriuX0hhLPmtnl,0%,sem sinal,https://drive.google.com/drive/folders/1yoNRPD3mO805_VpmT_hwr1yyvVXVRHfC
1g2zdN1YMASpnsEGmIN-FbXB8uyVHyJo6,institucional final.jpg.files,1JQuKxDmnOePbZEot4RT_tFs0JzeDmdys,2026,0,99_REVIEW,156bSZj5fqG0pi7SFNFLriuX0hhLPmtnl,0%,sem sinal,https://drive.google.com/drive/folders/1g2zdN1YMASpnsEGmIN-FbXB8uyVHyJo6
1JQuKxDmnOePbZEot4RT_tFs0JzeDmdys,Rascunhos Templates,1jIikYVob2bPunWBtuuyaSuK31JHPsZ2w,2026,0,99_REVIEW,156bSZj5fqG0pi7SFNFLriuX0hhLPmtnl,0%,sem sinal,https://drive.google.com/drive/folders/1JQuKxDmnOePbZEot4RT_tFs0JzeDmdys
1RoEoPG_lLnDXdk3hmqWwmJ6Cs4W_TN2z,Mrketing digital,1jIikYVob2bPunWBtuuyaSuK31JHPsZ2w,2026,0,99_REVIEW,156bSZj5fqG0pi7SFNFLriuX0hhLPmtnl,0%,sem sinal,https://drive.google.com/drive/folders/1RoEoPG_lLnDXdk3hmqWwmJ6Cs4W_TN2z
1rxG_NbNfNH7HD7GszloGujOHUipC8DIV,Briefing,1jIikYVob2bPunWBtuuyaSuK31JHPsZ2w,2026,0,99_REVIEW,156bSZj5fqG0pi7SFNFLriuX0hhLPmtnl,0%,sem sinal,https://drive.google.com/drive/folders/1rxG_NbNfNH7HD7GszloGujOHUipC8DIV
1WVYq9-_v6cqhKimr33oEMag7IabnsPGV,Manual de conduta,1jIikYVob2bPunWBtuuyaSuK31JHPsZ2w,2026,0,99_REVIEW,156bSZj5fqG0pi7SFNFLriuX0hhLPmtnl,0%,sem sinal,https://drive.google.com/drive/folders/1WVYq9-_v6cqhKimr33oEMag7IabnsPGV
1osYvQlH2hMSoCcuwFm8bQ_CqQbokaVFx,PROJETO ASSESSORIA 4WELLNESS,1_zslQWhMNiLK5hZMwWJ7JSj0MlQmNaYQ,2026,0,30_AREAS/Mente,1pggTB9hPdF7f50-Zzt7f74GWW1I4fqp0,73%,score=16.0 conf=73%,https://drive.google.com/drive/folders/1osYvQlH2hMSoCcuwFm8bQ_CqQbokaVFx
1BdLlbTNAY6UAnLdi2g9RJTahy8tPzgyC,pesquisa de concorrencia,1jIikYVob2bPunWBtuuyaSuK31JHPsZ2w,2026,0,40_KNOWLEDGE,1e5BK2bCjDsqzkl08j6DqFHiXo-y02WJX,100%,score=10.0 conf=100%,https://drive.google.com/drive/folders/1BdLlbTNAY6UAnLdi2g9RJTahy8tPzgyC
1jIikYVob2bPunWBtuuyaSuK31JHPsZ2w,Site,1osYvQlH2hMSoCcuwFm8bQ_CqQbokaVFx,2026,0,70_BUSINESS,1g6VsRP42__bKHOj2tqHPPeg-fg2EsGkT,60%,score=3.0 conf=60%,https://drive.google.com/drive/folders/1jIikYVob2bPunWBtuuyaSuK31JHPsZ2w
1mPh8wyUsRBU75dQVF-FnBvBuExMN6AiQ,Plano de negocio,1osYvQlH2hMSoCcuwFm8bQ_CqQbokaVFx,2026,0,30_AREAS/Mente,1pggTB9hPdF7f50-Zzt7f74GWW1I4fqp0,100%,score=20.0 conf=100%,https://drive.google.com/drive/folders/1mPh8wyUsRBU75dQVF-FnBvBuExMN6AiQ
1qWrEO7GFXNy0GW6RUq0Ag3QyO3PHOWjU,Metodologia,1JvYbSW5IrDMsCDIgeA0qQPYiQUw3AnuC,2026,0,99_REVIEW,156bSZj5fqG0pi7SFNFLriuX0hhLPmtnl,0%,sem sinal,https://drive.google.com/drive/folders/1qWrEO7GFXNy0GW6RUq0Ag3QyO3PHOWjU
19n6grKlrgK2R8_H4p7bhrE4NMRwKcPN-,mono,1rcng0nzTY9falBYeKLdwOe424xNA3t4T,2026,0,99_REVIEW,156bSZj5fqG0pi7SFNFLriuX0hhLPmtnl,0%,sem sinal,https://drive.google.com/drive/folders/19n6grKlrgK2R8_H4p7bhrE4NMRwKcPN-
1DLXaDcZi1N0teek-XMS7nTN-6fPNcdOs,4wellness,1UaJPy6HnweNS1D_Wxn6IrgFF0BKrdTps,2026,0,30_AREAS/Mente,1pggTB9hPdF7f50-Zzt7f74GWW1I4fqp0,67%,score=40.0 conf=67%,https://drive.google.com/drive/folders/1DLXaDcZi1N0teek-XMS7nTN-6fPNcdOs
1rcng0nzTY9falBYeKLdwOe424xNA3t4T,Sindrome X,1JvYbSW5IrDMsCDIgeA0qQPYiQUw3AnuC,2026,0,99_REVIEW,156bSZj5fqG0pi7SFNFLriuX0hhLPmtnl,0%,sem sinal,https://drive.google.com/drive/folders/1rcng0nzTY9falBYeKLdwOe424xNA3t4T
1JvYbSW5IrDMsCDIgeA0qQPYiQUw3AnuC,REVIVER,1l2MQU3NL8w5KuTL8pAgydmWUzZP4ktOu,2026,0,99_REVIEW,156bSZj5fqG0pi7SFNFLriuX0hhLPmtnl,0%,sem sinal,https://drive.google.com/drive/folders/1JvYbSW5IrDMsCDIgeA0qQPYiQUw3AnuC
1l2MQU3NL8w5KuTL8pAgydmWUzZP4ktOu,REVIVER,1_zslQWhMNiLK5hZMwWJ7JSj0MlQmNaYQ,2026,0,99_REVIEW,156bSZj5fqG0pi7SFNFLriuX0hhLPmtnl,0%,sem sinal,https://drive.google.com/drive/folders/1l2MQU3NL8w5KuTL8pAgydmWUzZP4ktOu
1_zslQWhMNiLK5hZMwWJ7JSj0MlQmNaYQ,4WELLNESS,1DLXaDcZi1N0teek-XMS7nTN-6fPNcdOs,2026,0,30_AREAS/Mente,1pggTB9hPdF7f50-Zzt7f74GWW1I4fqp0,73%,score=16.0 conf=73%,https://drive.google.com/drive/folders/1_zslQWhMNiLK5hZMwWJ7JSj0MlQmNaYQ
1nCMtTgNR2oPXACQpCvu9kvQiWeSvbs4L,3D MAPS,1wKS21yaXa-DKIHAT5NXbnRQYvLknbS9J,2026,0,99_REVIEW,156bSZj5fqG0pi7SFNFLriuX0hhLPmtnl,0%,sem sinal,https://drive.google.com/drive/folders/1nCMtTgNR2oPXACQpCvu9kvQiWeSvbs4L
1SZgLtBaIfM-aWJ2OwMnOv1ex3G6blPx3,01- MB 1 Leg Sitting Sit Up,1gjxhqyd2xa2_drDEMLJlHoE8RKDv1vD-,2026,0,99_REVIEW,156bSZj5fqG0pi7SFNFLriuX0hhLPmtnl,0%,sem sinal,https://drive.google.com/drive/folders/1SZgLtBaIfM-aWJ2OwMnOv1ex3G6blPx3
1KJrmeDDQjQ6nA4GXIU6k0f7Ti5RfNt2h,02- Step Pump Jump,1gjxhqyd2xa2_drDEMLJlHoE8RKDv1vD-,2026,0,99_REVIEW,156bSZj5fqG0pi7SFNFLriuX0hhLPmtnl,0%,sem sinal,https://drive.google.com/drive/folders/1KJrmeDDQjQ6nA4GXIU6k0f7Ti5RfNt2h
15jvgC8kUOVeLFJlCSvEf4z36ERvBch9W,Planos e Eixos ,1wKS21yaXa-DKIHAT5NXbnRQYvLknbS9J,2026,0,99_REVIEW,156bSZj5fqG0pi7SFNFLriuX0hhLPmtnl,0%,sem sinal,https://drive.google.com/drive/folders/15jvgC8kUOVeLFJlCSvEf4z36ERvBch9W
1llMePLdl1VQ2fJ5VZjIjb4zhpcfBlTLy,Treino futebol,1wKS21yaXa-DKIHAT5NXbnRQYvLknbS9J,2026,0,30_AREAS/Corpo,1sKg_cI7ZnP8Ql6YafIOFyfSs7XEwzqM8,100%,score=20.0 conf=100%,https://drive.google.com/drive/folders/1llMePLdl1VQ2fJ5VZjIjb4zhpcfBlTLy
1o45V91dYS_-KN77--mlBpc_uUa3nqKz6,Atletas ,13EqIRYPufBEhJbp831YWYYX8topMV8RG,2026,0,99_REVIEW,156bSZj5fqG0pi7SFNFLriuX0hhLPmtnl,0%,sem sinal,https://drive.google.com/drive/folders/1o45V91dYS_-KN77--mlBpc_uUa3nqKz6
1wKS21yaXa-DKIHAT5NXbnRQYvLknbS9J,Exercicios,13EqIRYPufBEhJbp831YWYYX8topMV8RG,2026,0,30_AREAS/Corpo,1sKg_cI7ZnP8Ql6YafIOFyfSs7XEwzqM8,100%,score=8.0 conf=100%,https://drive.google.com/drive/folders/1wKS21yaXa-DKIHAT5NXbnRQYvLknbS9J
1njkf3zjZjjkOWJHSzHeopFBGnWCdqkXF,IHP - P TRAINER ,1wKS21yaXa-DKIHAT5NXbnRQYvLknbS9J,2026,0,30_AREAS/Corpo,1sKg_cI7ZnP8Ql6YafIOFyfSs7XEwzqM8,100%,score=20.0 conf=100%,https://drive.google.com/drive/folders/1njkf3zjZjjkOWJHSzHeopFBGnWCdqkXF
1gjxhqyd2xa2_drDEMLJlHoE8RKDv1vD-,Exercicios,1njkf3zjZjjkOWJHSzHeopFBGnWCdqkXF,2026,0,99_REVIEW,156bSZj5fqG0pi7SFNFLriuX0hhLPmtnl,0%,sem sinal,https://drive.google.com/drive/folders/1gjxhqyd2xa2_drDEMLJlHoE8RKDv1vD-
1cYHyZAv3rmq9l1Vi_yqzWP-JkVDEEem6,Media.localized,1EG8jeJYwGzJaXTu9GweJJYPmh7_V86SL,2026,0,60_MEDIA/Reunioes,12oRVG86_N3EejSEwt9kVvW0de5YUIgy-,67%,score=4.0 conf=67%,https://drive.google.com/drive/folders/1cYHyZAv3rmq9l1Vi_yqzWP-JkVDEEem6
1imqoqb0UzW3JKXzHuo-Lmb8QeysYlv9z,WILSON,1o45V91dYS_-KN77--mlBpc_uUa3nqKz6,2026,0,99_REVIEW,156bSZj5fqG0pi7SFNFLriuX0hhLPmtnl,0%,sem sinal,https://drive.google.com/drive/folders/1imqoqb0UzW3JKXzHuo-Lmb8QeysYlv9z
1eWkdezb8I8WlqaJ-LYd3mEu69sL0brWg,DBB80CF0-3DCE-410F-BB63-3AFF4B7EC7A2,1LbU0I3iBjIC45YWMqntv-_fBvd5THiEU,2026,0,99_REVIEW,156bSZj5fqG0pi7SFNFLriuX0hhLPmtnl,0%,sem sinal,https://drive.google.com/drive/folders/1eWkdezb8I8WlqaJ-LYd3mEu69sL0brWg
1X3rgEP3zUHyp91kp3YoMlEGnkW9h4sNA,E0F9D23A-58E9-47B0-89D8-050446A5E4B7,1LbU0I3iBjIC45YWMqntv-_fBvd5THiEU,2026,0,99_REVIEW,156bSZj5fqG0pi7SFNFLriuX0hhLPmtnl,0%,sem sinal,https://drive.google.com/drive/folders/1X3rgEP3zUHyp91kp3YoMlEGnkW9h4sNA
1x0TiNIo6UI7x2lI3E1DaVKuuGi560VVq,B,1KoA7NDgVs6jHwppz8VOk1CBqFfXT0_5g,2026,0,99_REVIEW,156bSZj5fqG0pi7SFNFLriuX0hhLPmtnl,0%,sem sinal,https://drive.google.com/drive/folders/1x0TiNIo6UI7x2lI3E1DaVKuuGi560VVq
1Q60yZ-TRPG7TgDbM22zgMyLRLi8xHj8w,5,1KoA7NDgVs6jHwppz8VOk1CBqFfXT0_5g,2026,0,99_REVIEW,156bSZj5fqG0pi7SFNFLriuX0hhLPmtnl,0%,sem sinal,https://drive.google.com/drive/folders/1Q60yZ-TRPG7TgDbM22zgMyLRLi8xHj8w
1UUBvT-tUqXbAAa-CL1tJJE4CRFgVmpIv,6,1KoA7NDgVs6jHwppz8VOk1CBqFfXT0_5g,2026,0,99_REVIEW,156bSZj5fqG0pi7SFNFLriuX0hhLPmtnl,0%,sem sinal,https://drive.google.com/drive/folders/1UUBvT-tUqXbAAa-CL1tJJE4CRFgVmpIv
1o5Z4_cNO5KmvVuIbE0x3Y7Z1vwvSRN_n,9,1KoA7NDgVs6jHwppz8VOk1CBqFfXT0_5g,2026,0,99_REVIEW,156bSZj5fqG0pi7SFNFLriuX0hhLPmtnl,0%,sem sinal,https://drive.google.com/drive/folders/1o5Z4_cNO5KmvVuIbE0x3Y7Z1vwvSRN_n
1osFGOMsDCb4A9Ka7WETafvU-05G1KATi,C,1KoA7NDgVs6jHwppz8VOk1CBqFfXT0_5g,2026,0,99_REVIEW,156bSZj5fqG0pi7SFNFLriuX0hhLPmtnl,0%,sem sinal,https://drive.google.com/drive/folders/1osFGOMsDCb4A9Ka7WETafvU-05G1KATi
1ouHm3gnOrHyXQu5v6RzIUs-wm_3OsLyA,com.apple.WorkflowKit.ShortcutsViewService,1175A3c5Cqj2zAUaLdAgNfH0v3zZjX5Rs,2026,0,00_SYSTEM,1B6aUQRoESqp8o2tarlse5zCgd12Arc5Q,100%,override: '\b(asset\.resource|output\.layerstack|in',https://drive.google.com/drive/folders/1ouHm3gnOrHyXQu5v6RzIUs-wm_3OsLyA
1Ta-s4r-KkBL4TnnU7fTb69nLkMm2DohE,com.apple.WorkflowKit.ShortcutsViewService,1D9uRrCp28BDGePdNGM5fi8TQfx2N4J3b,2026,0,00_SYSTEM,1B6aUQRoESqp8o2tarlse5zCgd12Arc5Q,100%,override: '\b(asset\.resource|output\.layerstack|in',https://drive.google.com/drive/folders/1Ta-s4r-KkBL4TnnU7fTb69nLkMm2DohE
1D5-C903lX2lC7PAIkBMctmiLTfwat67u,5,1cGO9Mx_NZokYQFirffD-v5Va8cCMCBQN,2026,0,99_REVIEW,156bSZj5fqG0pi7SFNFLriuX0hhLPmtnl,0%,sem sinal,https://drive.google.com/drive/folders/1D5-C903lX2lC7PAIkBMctmiLTfwat67u
164DmHnz837RVV1cFnCslV5eOMG_4ItwT,D,1cGO9Mx_NZokYQFirffD-v5Va8cCMCBQN,2026,11,60_MEDIA/Fotos,1XnU-r5_jas_YWvbQnH_-RdcUtXyMT7B0,100%,score=3.0 conf=100%,https://drive.google.com/drive/folders/164DmHnz837RVV1cFnCslV5eOMG_4ItwT
1pGz3w-JNrJs4oKPrGTeeTsA__88xjkPl,C,1WgGCBFLtO0oRXQHuAegn_yfpnsSZHTTq,2026,0,99_REVIEW,156bSZj5fqG0pi7SFNFLriuX0hhLPmtnl,0%,sem sinal,https://drive.google.com/drive/folders/1pGz3w-JNrJs4oKPrGTeeTsA__88xjkPl
1uoAwUMXc8o_abaHtb6OPNHKB0rubdgLj,1,1WgGCBFLtO0oRXQHuAegn_yfpnsSZHTTq,2026,0,99_REVIEW,156bSZj5fqG0pi7SFNFLriuX0hhLPmtnl,0%,sem sinal,https://drive.google.com/drive/folders/1uoAwUMXc8o_abaHtb6OPNHKB0rubdgLj
1t4eXQcYlD3b98PAkuXlD4rF4uWp1fuoy,7,1WgGCBFLtO0oRXQHuAegn_yfpnsSZHTTq,2026,0,99_REVIEW,156bSZj5fqG0pi7SFNFLriuX0hhLPmtnl,0%,sem sinal,https://drive.google.com/drive/folders/1t4eXQcYlD3b98PAkuXlD4rF4uWp1fuoy
1TYxA_4gyPcRHQRz0gp7iueGX4QHq4t2k,9,1WgGCBFLtO0oRXQHuAegn_yfpnsSZHTTq,2026,0,99_REVIEW,156bSZj5fqG0pi7SFNFLriuX0hhLPmtnl,0%,sem sinal,https://drive.google.com/drive/folders/1TYxA_4gyPcRHQRz0gp7iueGX4QHq4t2k
11hLB_qQlb2zDAmk9CcH-me4Q9XeHJwXC,8,1WgGCBFLtO0oRXQHuAegn_yfpnsSZHTTq,2026,0,99_REVIEW,156bSZj5fqG0pi7SFNFLriuX0hhLPmtnl,0%,sem sinal,https://drive.google.com/drive/folders/11hLB_qQlb2zDAmk9CcH-me4Q9XeHJwXC
1HbEv3rH8HgHgN8D60TPvWwEUu84FTwfP,D,1WgGCBFLtO0oRXQHuAegn_yfpnsSZHTTq,2026,0,99_REVIEW,156bSZj5fqG0pi7SFNFLriuX0hhLPmtnl,0%,sem sinal,https://drive.google.com/drive/folders/1HbEv3rH8HgHgN8D60TPvWwEUu84FTwfP
12FPjD5pKoatCuTvesWPFnFqfALGDcbQG,0,1WgGCBFLtO0oRXQHuAegn_yfpnsSZHTTq,2026,0,99_REVIEW,156bSZj5fqG0pi7SFNFLriuX0hhLPmtnl,0%,sem sinal,https://drive.google.com/drive/folders/12FPjD5pKoatCuTvesWPFnFqfALGDcbQG
1Tc2LZADjGazB54nZQYv8D_OBPr14FKqs,E,1WgGCBFLtO0oRXQHuAegn_yfpnsSZHTTq,2026,0,99_REVIEW,156bSZj5fqG0pi7SFNFLriuX0hhLPmtnl,0%,sem sinal,https://drive.google.com/drive/folders/1Tc2LZADjGazB54nZQYv8D_OBPr14FKqs
1EH6nO7fuFaVFg83z0oFNyX5NvTV4317U,5,1WgGCBFLtO0oRXQHuAegn_yfpnsSZHTTq,2026,0,99_REVIEW,156bSZj5fqG0pi7SFNFLriuX0hhLPmtnl,0%,sem sinal,https://drive.google.com/drive/folders/1EH6nO7fuFaVFg83z0oFNyX5NvTV4317U
1gY8nl1SFs-wrYkI9FY6ZkW-surVYc6hZ,4,1WgGCBFLtO0oRXQHuAegn_yfpnsSZHTTq,2026,0,99_REVIEW,156bSZj5fqG0pi7SFNFLriuX0hhLPmtnl,0%,sem sinal,https://drive.google.com/drive/folders/1gY8nl1SFs-wrYkI9FY6ZkW-surVYc6hZ
1VYPZ8Q0weacYnO6r_s2QXr7FcT-Qr2GJ,3,1WgGCBFLtO0oRXQHuAegn_yfpnsSZHTTq,2026,0,99_REVIEW,156bSZj5fqG0pi7SFNFLriuX0hhLPmtnl,0%,sem sinal,https://drive.google.com/drive/folders/1VYPZ8Q0weacYnO6r_s2QXr7FcT-Qr2GJ
1i-Q_sx5okG2QwQf--AQJydvJqRf6Z-V5,F,1WgGCBFLtO0oRXQHuAegn_yfpnsSZHTTq,2026,0,99_REVIEW,156bSZj5fqG0pi7SFNFLriuX0hhLPmtnl,0%,sem sinal,https://drive.google.com/drive/folders/1i-Q_sx5okG2QwQf--AQJydvJqRf6Z-V5
1LcCQrSxCc6CsXkn4ydgx2oKsxFztx_yM,6,1WgGCBFLtO0oRXQHuAegn_yfpnsSZHTTq,2026,0,99_REVIEW,156bSZj5fqG0pi7SFNFLriuX0hhLPmtnl,0%,sem sinal,https://drive.google.com/drive/folders/1LcCQrSxCc6CsXkn4ydgx2oKsxFztx_yM
1aMg0tCAZ2-2DXf83vK99-w017iXKhMob,B,1WgGCBFLtO0oRXQHuAegn_yfpnsSZHTTq,2026,0,99_REVIEW,156bSZj5fqG0pi7SFNFLriuX0hhLPmtnl,0%,sem sinal,https://drive.google.com/drive/folders/1aMg0tCAZ2-2DXf83vK99-w017iXKhMob
1V4-Vsdx4y56mrqeI8Rcaq640B6EAlWAI,2,1WgGCBFLtO0oRXQHuAegn_yfpnsSZHTTq,2026,0,99_REVIEW,156bSZj5fqG0pi7SFNFLriuX0hhLPmtnl,0%,sem sinal,https://drive.google.com/drive/folders/1V4-Vsdx4y56mrqeI8Rcaq640B6EAlWAI
10lXa9CKdML9CBcp_cGslQXo3iG4pRQLY,A,1WgGCBFLtO0oRXQHuAegn_yfpnsSZHTTq,2026,0,99_REVIEW,156bSZj5fqG0pi7SFNFLriuX0hhLPmtnl,0%,sem sinal,https://drive.google.com/drive/folders/10lXa9CKdML9CBcp_cGslQXo3iG4pRQLY
1mfLn8B9aAHq5JdfIn7Cy1H6CdNDRQHvI,2,1KoA7NDgVs6jHwppz8VOk1CBqFfXT0_5g,2026,0,99_REVIEW,156bSZj5fqG0pi7SFNFLriuX0hhLPmtnl,0%,sem sinal,https://drive.google.com/drive/folders/1mfLn8B9aAHq5JdfIn7Cy1H6CdNDRQHvI
1j1jhuVzsx-YuIuTwMNrqo8CcuMW-ps3Q,E,1KoA7NDgVs6jHwppz8VOk1CBqFfXT0_5g,2026,0,99_REVIEW,156bSZj5fqG0pi7SFNFLriuX0hhLPmtnl,0%,sem sinal,https://drive.google.com/drive/folders/1j1jhuVzsx-YuIuTwMNrqo8CcuMW-ps3Q
1XIQSLq9EqjSjFNHcXJgAnSvJ3HkuepY3,A,1KoA7NDgVs6jHwppz8VOk1CBqFfXT0_5g,2026,0,99_REVIEW,156bSZj5fqG0pi7SFNFLriuX0hhLPmtnl,0%,sem sinal,https://drive.google.com/drive/folders/1XIQSLq9EqjSjFNHcXJgAnSvJ3HkuepY3
1-MJWxQkK4X5GebOahudIi2FZElYpYpNz,7,1KoA7NDgVs6jHwppz8VOk1CBqFfXT0_5g,2026,0,99_REVIEW,156bSZj5fqG0pi7SFNFLriuX0hhLPmtnl,0%,sem sinal,https://drive.google.com/drive/folders/1-MJWxQkK4X5GebOahudIi2FZElYpYpNz
1o44pNFFjkILX-XdE0iwbMyR2VKHCTLva,0,1KoA7NDgVs6jHwppz8VOk1CBqFfXT0_5g,2026,0,99_REVIEW,156bSZj5fqG0pi7SFNFLriuX0hhLPmtnl,0%,sem sinal,https://drive.google.com/drive/folders/1o44pNFFjkILX-XdE0iwbMyR2VKHCTLva
1n5Ow4fEl9vGza67U3rEVlnLBk2H-SMWb,0CC041CB-D98A-4DC2-8982-6E5D1C8D0AFD,1LbU0I3iBjIC45YWMqntv-_fBvd5THiEU,2026,0,99_REVIEW,156bSZj5fqG0pi7SFNFLriuX0hhLPmtnl,0%,sem sinal,https://drive.google.com/drive/folders/1n5Ow4fEl9vGza67U3rEVlnLBk2H-SMWb
1kPIUyIuPRgggb2e6tkgkiG2FbrI_H4UY,1,1KoA7NDgVs6jHwppz8VOk1CBqFfXT0_5g,2026,0,99_REVIEW,156bSZj5fqG0pi7SFNFLriuX0hhLPmtnl,0%,sem sinal,https://drive.google.com/drive/folders/1kPIUyIuPRgggb2e6tkgkiG2FbrI_H4UY
1BHfSSHCy5RETqK5QBCyUKgfOSkqetS4k,F,1KoA7NDgVs6jHwppz8VOk1CBqFfXT0_5g,2026,0,99_REVIEW,156bSZj5fqG0pi7SFNFLriuX0hhLPmtnl,0%,sem sinal,https://drive.google.com/drive/folders/1BHfSSHCy5RETqK5QBCyUKgfOSkqetS4k
1tfatsRJCftqYs2fb6qodnYGY2DDurQZp,8,1KoA7NDgVs6jHwppz8VOk1CBqFfXT0_5g,2026,0,99_REVIEW,156bSZj5fqG0pi7SFNFLriuX0hhLPmtnl,0%,sem sinal,https://drive.google.com/drive/folders/1tfatsRJCftqYs2fb6qodnYGY2DDurQZp
1UaJPy6HnweNS1D_Wxn6IrgFF0BKrdTps,DIVERSOS ,1q2Shbln4-ZwQgs5rnl2EdHWd5M4jVeEo,2026,0,30_AREAS/Mente,1pggTB9hPdF7f50-Zzt7f74GWW1I4fqp0,57%,score=40.0 conf=57%,https://drive.google.com/drive/folders/1UaJPy6HnweNS1D_Wxn6IrgFF0BKrdTps
1JWaOr05Ylp7ZNR_TvlHZO3a6nvqIFV8G,com.apple.intelligenceplatform.IntelligencePlatformComputeService,1175A3c5Cqj2zAUaLdAgNfH0v3zZjX5Rs,2026,0,00_SYSTEM,1B6aUQRoESqp8o2tarlse5zCgd12Arc5Q,100%,override: '\b(asset\.resource|output\.layerstack|in',https://drive.google.com/drive/folders/1JWaOr05Ylp7ZNR_TvlHZO3a6nvqIFV8G
1a31R4lLZoAkQgW-S4Etpx1d7OXLA4tC6,com.apple.intelligenceplatform.IntelligencePlatformComputeService,1D9uRrCp28BDGePdNGM5fi8TQfx2N4J3b,2026,0,00_SYSTEM,1B6aUQRoESqp8o2tarlse5zCgd12Arc5Q,100%,override: '\b(asset\.resource|output\.layerstack|in',https://drive.google.com/drive/folders/1a31R4lLZoAkQgW-S4Etpx1d7OXLA4tC6
1GrXHWAqhsuf0L34mjzZT3G5NXHwZYPRv,variation,1_Sc4n3DyxNhzV31tNvtw3hbU0TlgCZ4u,2026,0,99_REVIEW,156bSZj5fqG0pi7SFNFLriuX0hhLPmtnl,0%,sem sinal,https://drive.google.com/drive/folders/1GrXHWAqhsuf0L34mjzZT3G5NXHwZYPRv
1T20KwZ7mecOHxMER74BR3jdr7-wHw9V8,PhotosGraph,1awqJ9yktpCY2hnE9MMsyG1C0JJwm4sfo,2026,9,60_MEDIA/Fotos,1XnU-r5_jas_YWvbQnH_-RdcUtXyMT7B0,100%,score=28.0 conf=100%,https://drive.google.com/drive/folders/1T20KwZ7mecOHxMER74BR3jdr7-wHw9V8
1eTVmmhv_UqJsYjBVGqzptDo2J0CiKjsN,GABRIEL GOFF,1FH47LzbzMQUgGSp5j46kFNcqDEENSnbz,2017,0,90_ARCHIVE,1b2pFAIL6Cgc6e_t-B-GrZFTkTEwB9QFe,0%,pré-2021 sem sinal,https://drive.google.com/drive/folders/1eTVmmhv_UqJsYjBVGqzptDo2J0CiKjsN
1TLm8S6cVLYZjcUXedFvA4rEVKq6TYaNv,.migration,1Kv26RhU_QfEQ-PnWnt-sTpoi_bwqt4zY,2026,0,99_REVIEW,156bSZj5fqG0pi7SFNFLriuX0hhLPmtnl,0%,sem sinal,https://drive.google.com/drive/folders/1TLm8S6cVLYZjcUXedFvA4rEVKq6TYaNv
1FLHGp1WvdgqizRRlJ2fdnmKqQLNMMxoo,.restore,1Kv26RhU_QfEQ-PnWnt-sTpoi_bwqt4zY,2026,0,99_REVIEW,156bSZj5fqG0pi7SFNFLriuX0hhLPmtnl,0%,sem sinal,https://drive.google.com/drive/folders/1FLHGp1WvdgqizRRlJ2fdnmKqQLNMMxoo
1De_et6DIxV85BeitaGcIVC9Zk3myNLPK,Desktop,1i66J4ZDkDH4hmXAjTwr3tiopxqu9hO6y,2026,0,99_REVIEW,156bSZj5fqG0pi7SFNFLriuX0hhLPmtnl,0%,sem sinal,https://drive.google.com/drive/folders/1De_et6DIxV85BeitaGcIVC9Zk3myNLPK
1kaIsG1vrnqFg38UUWfGUbJOZUfO30Kq0,Pictures,1i66J4ZDkDH4hmXAjTwr3tiopxqu9hO6y,2026,1,00_SYSTEM,1B6aUQRoESqp8o2tarlse5zCgd12Arc5Q,60%,score=30.0 conf=60%,https://drive.google.com/drive/folders/1kaIsG1vrnqFg38UUWfGUbJOZUfO30Kq0
1EG8jeJYwGzJaXTu9GweJJYPmh7_V86SL,Movies,1i66J4ZDkDH4hmXAjTwr3tiopxqu9hO6y,2026,0,60_MEDIA/Reunioes,12oRVG86_N3EejSEwt9kVvW0de5YUIgy-,67%,score=4.0 conf=67%,https://drive.google.com/drive/folders/1EG8jeJYwGzJaXTu9GweJJYPmh7_V86SL
1lJD2M0RrcfTLy-wYCfj6oL3nzYC6THBF,com.apple.knowledgeconstructiond,1D9uRrCp28BDGePdNGM5fi8TQfx2N4J3b,2026,0,00_SYSTEM,1B6aUQRoESqp8o2tarlse5zCgd12Arc5Q,100%,override: '\b(asset\.resource|output\.layerstack|in',https://drive.google.com/drive/folders/1lJD2M0RrcfTLy-wYCfj6oL3nzYC6THBF
1D9uRrCp28BDGePdNGM5fi8TQfx2N4J3b,external,1XIr_7hLbJ7RCQN5HnCRJfmESyuJ3V_y5,2026,0,60_MEDIA/Fotos,1XnU-r5_jas_YWvbQnH_-RdcUtXyMT7B0,100%,score=18.0 conf=100%,https://drive.google.com/drive/folders/1D9uRrCp28BDGePdNGM5fi8TQfx2N4J3b
18gLvb8AdepJlBEeR5qMpD4GZadUPVA52,cs_pc_c,1VRtSjNzMcYPuWyPeGmTMtaCipq5EFpvn,2026,296,00_SYSTEM,1B6aUQRoESqp8o2tarlse5zCgd12Arc5Q,100%,score=30.0 conf=100%,https://drive.google.com/drive/folders/18gLvb8AdepJlBEeR5qMpD4GZadUPVA52
1BZTvvVkwoI5iJX9SjKQavEKeEplQXfBf,journals,1YaBATNhdkBF9kVEbLbl9BVQ5h_2jhnwk,2026,17,00_SYSTEM,1B6aUQRoESqp8o2tarlse5zCgd12Arc5Q,82%,score=27.0 conf=82%,https://drive.google.com/drive/folders/1BZTvvVkwoI5iJX9SjKQavEKeEplQXfBf
1awqJ9yktpCY2hnE9MMsyG1C0JJwm4sfo,graph,1CVJZuHDYpl_KJi0iCwlM9yi4K6c4v2Df,2026,25,60_MEDIA/Fotos,1XnU-r5_jas_YWvbQnH_-RdcUtXyMT7B0,69%,score=20.0 conf=69%,https://drive.google.com/drive/folders/1awqJ9yktpCY2hnE9MMsyG1C0JJwm4sfo
1nRXsTM8yQX5RPwWPIKY6XENCxGBRyHli,5,1ChuWMxuSIGMRujp12Fq-5zU53Rfs0mkT,2026,3,00_SYSTEM,1B6aUQRoESqp8o2tarlse5zCgd12Arc5Q,100%,score=9.0 conf=100%,https://drive.google.com/drive/folders/1nRXsTM8yQX5RPwWPIKY6XENCxGBRyHli
1JJMc0KVImGAFmuYFtEHykMVGKIF1cuGt,0,1-vVpPeN-0v--cI812QLi-G5BLEExOPsK,2026,108,60_MEDIA/Fotos,1XnU-r5_jas_YWvbQnH_-RdcUtXyMT7B0,100%,score=3.0 conf=100%,https://drive.google.com/drive/folders/1JJMc0KVImGAFmuYFtEHykMVGKIF1cuGt
1fHVB9h_YaXcrgbMMlFjruweEzCagdsyJ,E,1-vVpPeN-0v--cI812QLi-G5BLEExOPsK,2026,112,60_MEDIA/Fotos,1XnU-r5_jas_YWvbQnH_-RdcUtXyMT7B0,100%,score=3.0 conf=100%,https://drive.google.com/drive/folders/1fHVB9h_YaXcrgbMMlFjruweEzCagdsyJ
1_GhZNaAGK1OjyPZMk2T7BhTQeRiBRtlK,4,1ChuWMxuSIGMRujp12Fq-5zU53Rfs0mkT,2026,3,00_SYSTEM,1B6aUQRoESqp8o2tarlse5zCgd12Arc5Q,100%,score=9.0 conf=100%,https://drive.google.com/drive/folders/1_GhZNaAGK1OjyPZMk2T7BhTQeRiBRtlK
1btyI6AQ33M8c2zgz8k81bgnXp1h9pjcl,cloudsync.noindex,1rk-nlbqQmcUGC_sox6ILT8t0nRLw37Lt,2026,7,00_SYSTEM,1B6aUQRoESqp8o2tarlse5zCgd12Arc5Q,69%,score=18.0 conf=69%,https://drive.google.com/drive/folders/1btyI6AQ33M8c2zgz8k81bgnXp1h9pjcl
1ldZOyws8s5-jQ7Ry0fg70Nyw-ZIknISc,vision,1diKCdO0OKZB8bGfL2AvPHqgiOva3x0u2,2026,7,00_SYSTEM,1B6aUQRoESqp8o2tarlse5zCgd12Arc5Q,72%,score=5.1 conf=72%,https://drive.google.com/drive/folders/1ldZOyws8s5-jQ7Ry0fg70Nyw-ZIknISc
1aNJiSRDCyUDE5KMaevMYhbUVuAziBwoW,com.apple.knowledgeconstructiond,1175A3c5Cqj2zAUaLdAgNfH0v3zZjX5Rs,2026,0,00_SYSTEM,1B6aUQRoESqp8o2tarlse5zCgd12Arc5Q,100%,override: '\b(asset\.resource|output\.layerstack|in',https://drive.google.com/drive/folders/1aNJiSRDCyUDE5KMaevMYhbUVuAziBwoW
1175A3c5Cqj2zAUaLdAgNfH0v3zZjX5Rs,private,1XIr_7hLbJ7RCQN5HnCRJfmESyuJ3V_y5,2026,0,00_SYSTEM,1B6aUQRoESqp8o2tarlse5zCgd12Arc5Q,51%,score=21.0 conf=51%,https://drive.google.com/drive/folders/1175A3c5Cqj2zAUaLdAgNfH0v3zZjX5Rs
1eOqLY8EGPkH2q8wgbeSip1AcnzS-sQmK,8,1-vVpPeN-0v--cI812QLi-G5BLEExOPsK,2026,95,60_MEDIA/Fotos,1XnU-r5_jas_YWvbQnH_-RdcUtXyMT7B0,100%,score=3.0 conf=100%,https://drive.google.com/drive/folders/1eOqLY8EGPkH2q8wgbeSip1AcnzS-sQmK
1wbKHpQ_woiH9-2pPCD0F7r9FQWfmQhWd,clientservertransaction,1_Sc4n3DyxNhzV31tNvtw3hbU0TlgCZ4u,2026,0,99_REVIEW,156bSZj5fqG0pi7SFNFLriuX0hhLPmtnl,0%,sem sinal,https://drive.google.com/drive/folders/1wbKHpQ_woiH9-2pPCD0F7r9FQWfmQhWd
1AG639UCVgjIs0HZN8WY-bkuuNCSwOPhU,com.apple.mobileslideshow.photospicker,1175A3c5Cqj2zAUaLdAgNfH0v3zZjX5Rs,2026,1,00_SYSTEM,1B6aUQRoESqp8o2tarlse5zCgd12Arc5Q,100%,override: '\b(asset\.resource|output\.layerstack|in',https://drive.google.com/drive/folders/1AG639UCVgjIs0HZN8WY-bkuuNCSwOPhU
1jQs5qa26t9NzfAr4wocFhGtfNcJ8UWNE,com.apple.photolibraryd,1175A3c5Cqj2zAUaLdAgNfH0v3zZjX5Rs,2026,1,00_SYSTEM,1B6aUQRoESqp8o2tarlse5zCgd12Arc5Q,100%,override: '\b(asset\.resource|output\.layerstack|in',https://drive.google.com/drive/folders/1jQs5qa26t9NzfAr4wocFhGtfNcJ8UWNE
1gcn2wBTgUChqPTDekT8kRHdTANlEzUuv,F,1ChuWMxuSIGMRujp12Fq-5zU53Rfs0mkT,2026,0,99_REVIEW,156bSZj5fqG0pi7SFNFLriuX0hhLPmtnl,0%,sem sinal,https://drive.google.com/drive/folders/1gcn2wBTgUChqPTDekT8kRHdTANlEzUuv
1Jw7TLuacPuu-ztxQKfGjM5NozI73_gfx,0,1ChuWMxuSIGMRujp12Fq-5zU53Rfs0mkT,2026,0,99_REVIEW,156bSZj5fqG0pi7SFNFLriuX0hhLPmtnl,0%,sem sinal,https://drive.google.com/drive/folders/1Jw7TLuacPuu-ztxQKfGjM5NozI73_gfx
1cvCUCP0vYofVJVMWg7h1pbXBTIRaqrmo,6,1ChuWMxuSIGMRujp12Fq-5zU53Rfs0mkT,2026,2,00_SYSTEM,1B6aUQRoESqp8o2tarlse5zCgd12Arc5Q,100%,score=6.0 conf=100%,https://drive.google.com/drive/folders/1cvCUCP0vYofVJVMWg7h1pbXBTIRaqrmo
1G-OnAERtfy9yLg4JbalJc_qzZoRDhDVL,C,1ChuWMxuSIGMRujp12Fq-5zU53Rfs0mkT,2026,3,00_SYSTEM,1B6aUQRoESqp8o2tarlse5zCgd12Arc5Q,100%,score=9.0 conf=100%,https://drive.google.com/drive/folders/1G-OnAERtfy9yLg4JbalJc_qzZoRDhDVL
1eqf3N3g2INpQ0cJg4iswWx_S4bVJ31qD,A,1ChuWMxuSIGMRujp12Fq-5zU53Rfs0mkT,2026,3,00_SYSTEM,1B6aUQRoESqp8o2tarlse5zCgd12Arc5Q,100%,score=9.0 conf=100%,https://drive.google.com/drive/folders/1eqf3N3g2INpQ0cJg4iswWx_S4bVJ31qD
1b1Iu5fBVey_xL2Fg8lXdwdUE5UVH5Qdr,9,1ChuWMxuSIGMRujp12Fq-5zU53Rfs0mkT,2026,1,00_SYSTEM,1B6aUQRoESqp8o2tarlse5zCgd12Arc5Q,100%,score=3.0 conf=100%,https://drive.google.com/drive/folders/1b1Iu5fBVey_xL2Fg8lXdwdUE5UVH5Qdr
1O1rcGq-ftFb0-1Ri27YYuBlQruj84ciY,1,1ChuWMxuSIGMRujp12Fq-5zU53Rfs0mkT,2026,0,99_REVIEW,156bSZj5fqG0pi7SFNFLriuX0hhLPmtnl,0%,sem sinal,https://drive.google.com/drive/folders/1O1rcGq-ftFb0-1Ri27YYuBlQruj84ciY
1yfP19tCllbch1gMKk8PDxTXHzmAkTdSQ,D,1ChuWMxuSIGMRujp12Fq-5zU53Rfs0mkT,2026,1,00_SYSTEM,1B6aUQRoESqp8o2tarlse5zCgd12Arc5Q,100%,score=3.0 conf=100%,https://drive.google.com/drive/folders/1yfP19tCllbch1gMKk8PDxTXHzmAkTdSQ
1Beu3G_9qeVLEUFCRd1JIzLvq6BM-n4z6,E,1ChuWMxuSIGMRujp12Fq-5zU53Rfs0mkT,2026,1,00_SYSTEM,1B6aUQRoESqp8o2tarlse5zCgd12Arc5Q,100%,score=3.0 conf=100%,https://drive.google.com/drive/folders/1Beu3G_9qeVLEUFCRd1JIzLvq6BM-n4z6
1tx_jrULUkpUqPbBa9lZWnsGZP-uFe-nr,B,1ChuWMxuSIGMRujp12Fq-5zU53Rfs0mkT,2026,0,99_REVIEW,156bSZj5fqG0pi7SFNFLriuX0hhLPmtnl,0%,sem sinal,https://drive.google.com/drive/folders/1tx_jrULUkpUqPbBa9lZWnsGZP-uFe-nr
1Xeg64ZbcO-EMSq9XovYH_KgLYKFHj5m9,8,1ChuWMxuSIGMRujp12Fq-5zU53Rfs0mkT,2026,2,00_SYSTEM,1B6aUQRoESqp8o2tarlse5zCgd12Arc5Q,100%,score=6.0 conf=100%,https://drive.google.com/drive/folders/1Xeg64ZbcO-EMSq9XovYH_KgLYKFHj5m9
1Q8KN5VhiChFp4ub_9m-DD7ldrhb8aH2b,7,1ChuWMxuSIGMRujp12Fq-5zU53Rfs0mkT,2026,2,00_SYSTEM,1B6aUQRoESqp8o2tarlse5zCgd12Arc5Q,100%,score=6.0 conf=100%,https://drive.google.com/drive/folders/1Q8KN5VhiChFp4ub_9m-DD7ldrhb8aH2b
1DS_iQj7NH0hZSRNwBssjnMy_pNGBQ9tu,3,1ChuWMxuSIGMRujp12Fq-5zU53Rfs0mkT,2026,1,00_SYSTEM,1B6aUQRoESqp8o2tarlse5zCgd12Arc5Q,100%,score=3.0 conf=100%,https://drive.google.com/drive/folders/1DS_iQj7NH0hZSRNwBssjnMy_pNGBQ9tu
1vBwoC9SEOV_XJn17lvsJajfpvOmAPCoi,INFLIGHT_JOBS,1krId4ERYn183VW28kRNl6CUda2vEMnUA,2026,0,99_REVIEW,156bSZj5fqG0pi7SFNFLriuX0hhLPmtnl,0%,sem sinal,https://drive.google.com/drive/folders/1vBwoC9SEOV_XJn17lvsJajfpvOmAPCoi
19CMkYtKsTYhjJgjVXvYhPpc6gZSwglth,3,1yfAKKC5cmtGCwB3CE0XIbDkDoc7fW3lT,2026,5,60_MEDIA/Fotos,1XnU-r5_jas_YWvbQnH_-RdcUtXyMT7B0,100%,score=3.0 conf=100%,https://drive.google.com/drive/folders/19CMkYtKsTYhjJgjVXvYhPpc6gZSwglth
1pV2LZRGSU9UJ5evVufAklazYPLT2z3Ym,storage,1btyI6AQ33M8c2zgz8k81bgnXp1h9pjcl,2026,3,60_MEDIA/Fotos,1XnU-r5_jas_YWvbQnH_-RdcUtXyMT7B0,67%,score=6.0 conf=67%,https://drive.google.com/drive/folders/1pV2LZRGSU9UJ5evVufAklazYPLT2z3Ym
1zimDnAKQdw36fJrA8IkXjqLwx_C7XFOi,3,1KoA7NDgVs6jHwppz8VOk1CBqFfXT0_5g,2026,0,99_REVIEW,156bSZj5fqG0pi7SFNFLriuX0hhLPmtnl,0%,sem sinal,https://drive.google.com/drive/folders/1zimDnAKQdw36fJrA8IkXjqLwx_C7XFOi
18Iuu_WZ10kPg-3nXRjI-XoUiAt5Dmrlj,2,1ChuWMxuSIGMRujp12Fq-5zU53Rfs0mkT,2026,0,99_REVIEW,156bSZj5fqG0pi7SFNFLriuX0hhLPmtnl,0%,sem sinal,https://drive.google.com/drive/folders/18Iuu_WZ10kPg-3nXRjI-XoUiAt5Dmrlj
1FmucVrLEhVeX4XaIE6EY_0NWEkPahvBd,caches,1dbmXB1kLGw3smO6uzbG8iDP0vDO2NJRy,2026,2,00_SYSTEM,1B6aUQRoESqp8o2tarlse5zCgd12Arc5Q,100%,score=7.5 conf=100%,https://drive.google.com/drive/folders/1FmucVrLEhVeX4XaIE6EY_0NWEkPahvBd
1ACHcsWNsE1M48kcEHpAe0rqWzlOnmhf6,Drive ,1i66J4ZDkDH4hmXAjTwr3tiopxqu9hO6y,2026,0,99_REVIEW,156bSZj5fqG0pi7SFNFLriuX0hhLPmtnl,0%,sem sinal,https://drive.google.com/drive/folders/1ACHcsWNsE1M48kcEHpAe0rqWzlOnmhf6
1NnbSwPbZy4CiocO-Ol5BRDxoTx6abEhv,com.apple.Photos.PhotosFileProvider,1D9uRrCp28BDGePdNGM5fi8TQfx2N4J3b,2026,0,00_SYSTEM,1B6aUQRoESqp8o2tarlse5zCgd12Arc5Q,100%,override: '\b(asset\.resource|output\.layerstack|in',https://drive.google.com/drive/folders/1NnbSwPbZy4CiocO-Ol5BRDxoTx6abEhv
1oZSncqVl-iauaLdp_CvWRl3uH0kAVWzo,3,1-vVpPeN-0v--cI812QLi-G5BLEExOPsK,2026,105,60_MEDIA/Fotos,1XnU-r5_jas_YWvbQnH_-RdcUtXyMT7B0,100%,score=3.0 conf=100%,https://drive.google.com/drive/folders/1oZSncqVl-iauaLdp_CvWRl3uH0kAVWzo
1eJRNmC9IYYnOUH_eeg0bGz48sioJqRlp,B,1-vVpPeN-0v--cI812QLi-G5BLEExOPsK,2026,89,60_MEDIA/Fotos,1XnU-r5_jas_YWvbQnH_-RdcUtXyMT7B0,100%,score=3.0 conf=100%,https://drive.google.com/drive/folders/1eJRNmC9IYYnOUH_eeg0bGz48sioJqRlp
1khB4qW1wvE3OHB09dCLeejc12j2TGm7B,B,1yfAKKC5cmtGCwB3CE0XIbDkDoc7fW3lT,2026,6,60_MEDIA/Fotos,1XnU-r5_jas_YWvbQnH_-RdcUtXyMT7B0,100%,score=3.0 conf=100%,https://drive.google.com/drive/folders/1khB4qW1wvE3OHB09dCLeejc12j2TGm7B
1u8SMPklXyT14yENpslXddiK5jolMZQax,4,1KoA7NDgVs6jHwppz8VOk1CBqFfXT0_5g,2026,0,99_REVIEW,156bSZj5fqG0pi7SFNFLriuX0hhLPmtnl,0%,sem sinal,https://drive.google.com/drive/folders/1u8SMPklXyT14yENpslXddiK5jolMZQax
1KoA7NDgVs6jHwppz8VOk1CBqFfXT0_5g,originals,1XIr_7hLbJ7RCQN5HnCRJfmESyuJ3V_y5,2026,0,99_REVIEW,156bSZj5fqG0pi7SFNFLriuX0hhLPmtnl,0%,sem sinal,https://drive.google.com/drive/folders/1KoA7NDgVs6jHwppz8VOk1CBqFfXT0_5g
1P8R3Uk81vDw8fXAwPsS8Q0ilJwZJMywr,com.apple.Photos.PhotosFileProvider,1175A3c5Cqj2zAUaLdAgNfH0v3zZjX5Rs,2026,0,00_SYSTEM,1B6aUQRoESqp8o2tarlse5zCgd12Arc5Q,100%,override: '\b(asset\.resource|output\.layerstack|in',https://drive.google.com/drive/folders/1P8R3Uk81vDw8fXAwPsS8Q0ilJwZJMywr
12ovq7J4a3c1qtYRgA8_xM8ZtMgWKeUK-,6,1-vVpPeN-0v--cI812QLi-G5BLEExOPsK,2026,112,60_MEDIA/Fotos,1XnU-r5_jas_YWvbQnH_-RdcUtXyMT7B0,100%,score=3.0 conf=100%,https://drive.google.com/drive/folders/12ovq7J4a3c1qtYRgA8_xM8ZtMgWKeUK-
1n2TfkYV02Ch6tHZBmhW-rGe2RVRtKHT-,A,1-vVpPeN-0v--cI812QLi-G5BLEExOPsK,2026,153,60_MEDIA/Fotos,1XnU-r5_jas_YWvbQnH_-RdcUtXyMT7B0,100%,score=3.0 conf=100%,https://drive.google.com/drive/folders/1n2TfkYV02Ch6tHZBmhW-rGe2RVRtKHT-
10ZQET5Bac4uMTjTYHKWvqoJoGD83f7Os,5,1-vVpPeN-0v--cI812QLi-G5BLEExOPsK,2026,106,60_MEDIA/Fotos,1XnU-r5_jas_YWvbQnH_-RdcUtXyMT7B0,100%,score=3.0 conf=100%,https://drive.google.com/drive/folders/10ZQET5Bac4uMTjTYHKWvqoJoGD83f7Os
1rcgwa6a1OuROC4EvNsKYLcL8HD25Dec0,D,1-vVpPeN-0v--cI812QLi-G5BLEExOPsK,2026,124,60_MEDIA/Fotos,1XnU-r5_jas_YWvbQnH_-RdcUtXyMT7B0,100%,score=3.0 conf=100%,https://drive.google.com/drive/folders/1rcgwa6a1OuROC4EvNsKYLcL8HD25Dec0
1ZBq5PDC7Tc8g7AOqjBGntfRLYR3ez1yB,2,1-vVpPeN-0v--cI812QLi-G5BLEExOPsK,2026,111,60_MEDIA/Fotos,1XnU-r5_jas_YWvbQnH_-RdcUtXyMT7B0,100%,score=3.0 conf=100%,https://drive.google.com/drive/folders/1ZBq5PDC7Tc8g7AOqjBGntfRLYR3ez1yB
1DlHE70Hq1zvQiZVo6ZvdctEaUrQ_lFpC,C,1-vVpPeN-0v--cI812QLi-G5BLEExOPsK,2026,110,60_MEDIA/Fotos,1XnU-r5_jas_YWvbQnH_-RdcUtXyMT7B0,100%,score=3.0 conf=100%,https://drive.google.com/drive/folders/1DlHE70Hq1zvQiZVo6ZvdctEaUrQ_lFpC
1J6a1ZcFhzpw4vHhnOVnc54pBFJ55Bpd7,1,1-vVpPeN-0v--cI812QLi-G5BLEExOPsK,2026,114,60_MEDIA/Fotos,1XnU-r5_jas_YWvbQnH_-RdcUtXyMT7B0,100%,score=3.0 conf=100%,https://drive.google.com/drive/folders/1J6a1ZcFhzpw4vHhnOVnc54pBFJ55Bpd7
1Cv4WbS9s1DGW2un_VZUBtaBB2-BcyOr-,F,1-vVpPeN-0v--cI812QLi-G5BLEExOPsK,2026,104,60_MEDIA/Fotos,1XnU-r5_jas_YWvbQnH_-RdcUtXyMT7B0,100%,score=3.0 conf=100%,https://drive.google.com/drive/folders/1Cv4WbS9s1DGW2un_VZUBtaBB2-BcyOr-
1PFa3qd5xXRuaEWNqBEbVAMeIFBKohlxw,9,1-vVpPeN-0v--cI812QLi-G5BLEExOPsK,2026,127,60_MEDIA/Fotos,1XnU-r5_jas_YWvbQnH_-RdcUtXyMT7B0,100%,score=3.0 conf=100%,https://drive.google.com/drive/folders/1PFa3qd5xXRuaEWNqBEbVAMeIFBKohlxw
1czAfW9r0XHI4_tj2FANCGavmcTp02pOP,D,1yfAKKC5cmtGCwB3CE0XIbDkDoc7fW3lT,2026,9,60_MEDIA/Fotos,1XnU-r5_jas_YWvbQnH_-RdcUtXyMT7B0,100%,score=3.0 conf=100%,https://drive.google.com/drive/folders/1czAfW9r0XHI4_tj2FANCGavmcTp02pOP
1NXPdAermrKuKuLh-PF9cOvQHx16j_Eg8,F,1yfAKKC5cmtGCwB3CE0XIbDkDoc7fW3lT,2026,0,99_REVIEW,156bSZj5fqG0pi7SFNFLriuX0hhLPmtnl,0%,sem sinal,https://drive.google.com/drive/folders/1NXPdAermrKuKuLh-PF9cOvQHx16j_Eg8
1lGUI40_NaDUejTXE8mKtbuyhP42QaqcJ,9,1yfAKKC5cmtGCwB3CE0XIbDkDoc7fW3lT,2026,3,60_MEDIA/Fotos,1XnU-r5_jas_YWvbQnH_-RdcUtXyMT7B0,100%,score=3.0 conf=100%,https://drive.google.com/drive/folders/1lGUI40_NaDUejTXE8mKtbuyhP42QaqcJ
1LwLeu8FIJ4nEWcuVesIjCjbnYq0W7xgH,com.apple.mobileslideshow.photospicker,1D9uRrCp28BDGePdNGM5fi8TQfx2N4J3b,2026,0,00_SYSTEM,1B6aUQRoESqp8o2tarlse5zCgd12Arc5Q,100%,override: '\b(asset\.resource|output\.layerstack|in',https://drive.google.com/drive/folders/1LwLeu8FIJ4nEWcuVesIjCjbnYq0W7xgH
17_v26ldtlHmUtz-voO3Cg0puzNO2zT8I,com.apple.WorkflowUI.CatalystContentExtension,1D9uRrCp28BDGePdNGM5fi8TQfx2N4J3b,2026,0,00_SYSTEM,1B6aUQRoESqp8o2tarlse5zCgd12Arc5Q,100%,override: '\b(asset\.resource|output\.layerstack|in',https://drive.google.com/drive/folders/17_v26ldtlHmUtz-voO3Cg0puzNO2zT8I
1yPJ07-Xn7HZ8R7R32gc3XCwzTR-0DM2a,E,1yfAKKC5cmtGCwB3CE0XIbDkDoc7fW3lT,2026,10,60_MEDIA/Fotos,1XnU-r5_jas_YWvbQnH_-RdcUtXyMT7B0,100%,score=3.0 conf=100%,https://drive.google.com/drive/folders/1yPJ07-Xn7HZ8R7R32gc3XCwzTR-0DM2a
18kP_JZQstaPibz5l4NX6qMdzS822tsVp,com.apple.shortcuts,1D9uRrCp28BDGePdNGM5fi8TQfx2N4J3b,2026,0,00_SYSTEM,1B6aUQRoESqp8o2tarlse5zCgd12Arc5Q,100%,override: '\b(asset\.resource|output\.layerstack|in',https://drive.google.com/drive/folders/18kP_JZQstaPibz5l4NX6qMdzS822tsVp
13Cc_nwsU22jwViXpVCjA_hHm46gO8O3W,C,1yfAKKC5cmtGCwB3CE0XIbDkDoc7fW3lT,2026,9,60_MEDIA/Fotos,1XnU-r5_jas_YWvbQnH_-RdcUtXyMT7B0,100%,score=3.0 conf=100%,https://drive.google.com/drive/folders/13Cc_nwsU22jwViXpVCjA_hHm46gO8O3W
1sSDQAR9z5JmjHUbtzpbs4VxJsKjpa6SH,1,1yfAKKC5cmtGCwB3CE0XIbDkDoc7fW3lT,2026,7,60_MEDIA/Fotos,1XnU-r5_jas_YWvbQnH_-RdcUtXyMT7B0,100%,score=3.0 conf=100%,https://drive.google.com/drive/folders/1sSDQAR9z5JmjHUbtzpbs4VxJsKjpa6SH
1SV7GvlFjs241jv_KFWBgeOxiGTuQAOgQ,6,1yfAKKC5cmtGCwB3CE0XIbDkDoc7fW3lT,2026,15,60_MEDIA/Fotos,1XnU-r5_jas_YWvbQnH_-RdcUtXyMT7B0,100%,score=3.0 conf=100%,https://drive.google.com/drive/folders/1SV7GvlFjs241jv_KFWBgeOxiGTuQAOgQ
18XjU-PWdADXcbRAJS3c8x7uGDSp8h_d3,8,1yfAKKC5cmtGCwB3CE0XIbDkDoc7fW3lT,2026,7,60_MEDIA/Fotos,1XnU-r5_jas_YWvbQnH_-RdcUtXyMT7B0,100%,score=3.0 conf=100%,https://drive.google.com/drive/folders/18XjU-PWdADXcbRAJS3c8x7uGDSp8h_d3
1C0SvDI845aK1iqD7_piEm_zSVLEJ-gve,4,1yfAKKC5cmtGCwB3CE0XIbDkDoc7fW3lT,2026,5,60_MEDIA/Fotos,1XnU-r5_jas_YWvbQnH_-RdcUtXyMT7B0,100%,score=3.0 conf=100%,https://drive.google.com/drive/folders/1C0SvDI845aK1iqD7_piEm_zSVLEJ-gve
1iRAFGQRn7ckI5MEdBDl6akS5lCS8rDkh,A,1yfAKKC5cmtGCwB3CE0XIbDkDoc7fW3lT,2026,9,60_MEDIA/Fotos,1XnU-r5_jas_YWvbQnH_-RdcUtXyMT7B0,100%,score=3.0 conf=100%,https://drive.google.com/drive/folders/1iRAFGQRn7ckI5MEdBDl6akS5lCS8rDkh
1ttG28hBpio4O1S76kHEzaOJdPujVSgGP,7,1yfAKKC5cmtGCwB3CE0XIbDkDoc7fW3lT,2026,6,60_MEDIA/Fotos,1XnU-r5_jas_YWvbQnH_-RdcUtXyMT7B0,100%,score=3.0 conf=100%,https://drive.google.com/drive/folders/1ttG28hBpio4O1S76kHEzaOJdPujVSgGP
1rBz3RZoa_xb3OjAM8vXfeWhfVhk7y1L0,2,1yfAKKC5cmtGCwB3CE0XIbDkDoc7fW3lT,2026,6,60_MEDIA/Fotos,1XnU-r5_jas_YWvbQnH_-RdcUtXyMT7B0,100%,score=3.0 conf=100%,https://drive.google.com/drive/folders/1rBz3RZoa_xb3OjAM8vXfeWhfVhk7y1L0
1mDHJFYVocnPbSk0AJyV0usDkTntuckhy,0,1yfAKKC5cmtGCwB3CE0XIbDkDoc7fW3lT,2026,7,60_MEDIA/Fotos,1XnU-r5_jas_YWvbQnH_-RdcUtXyMT7B0,100%,score=3.0 conf=100%,https://drive.google.com/drive/folders/1mDHJFYVocnPbSk0AJyV0usDkTntuckhy
12dYIc8-gUHAFgUA6ZcOGLzh9MmN4ntca,4,1-vVpPeN-0v--cI812QLi-G5BLEExOPsK,2026,112,60_MEDIA/Fotos,1XnU-r5_jas_YWvbQnH_-RdcUtXyMT7B0,100%,score=3.0 conf=100%,https://drive.google.com/drive/folders/12dYIc8-gUHAFgUA6ZcOGLzh9MmN4ntca
1V9Zk7jq2dokHUAEEWv-GX2mBEX9hIpuu,5,1yfAKKC5cmtGCwB3CE0XIbDkDoc7fW3lT,2026,11,60_MEDIA/Fotos,1XnU-r5_jas_YWvbQnH_-RdcUtXyMT7B0,100%,score=3.0 conf=100%,https://drive.google.com/drive/folders/1V9Zk7jq2dokHUAEEWv-GX2mBEX9hIpuu
1NKLFYZVy-wGYNZ9IxLrh1KX4Dm_hCbte,7,1-vVpPeN-0v--cI812QLi-G5BLEExOPsK,2026,87,60_MEDIA/Fotos,1XnU-r5_jas_YWvbQnH_-RdcUtXyMT7B0,100%,score=3.0 conf=100%,https://drive.google.com/drive/folders/1NKLFYZVy-wGYNZ9IxLrh1KX4Dm_hCbte
1yfAKKC5cmtGCwB3CE0XIbDkDoc7fW3lT,masters,1-vVpPeN-0v--cI812QLi-G5BLEExOPsK,2026,0,60_MEDIA/Fotos,1XnU-r5_jas_YWvbQnH_-RdcUtXyMT7B0,100%,score=3.0 conf=100%,https://drive.google.com/drive/folders/1yfAKKC5cmtGCwB3CE0XIbDkDoc7fW3lT
1-vVpPeN-0v--cI812QLi-G5BLEExOPsK,derivatives,1YaBATNhdkBF9kVEbLbl9BVQ5h_2jhnwk,2026,0,60_MEDIA/Fotos,1XnU-r5_jas_YWvbQnH_-RdcUtXyMT7B0,100%,score=3.0 conf=100%,https://drive.google.com/drive/folders/1-vVpPeN-0v--cI812QLi-G5BLEExOPsK
1p0oJEG3qJJHZp_-tBWJ3YXB5vt1fzsGv,com.apple.WorkflowUI.CatalystContentExtension,1175A3c5Cqj2zAUaLdAgNfH0v3zZjX5Rs,2026,0,00_SYSTEM,1B6aUQRoESqp8o2tarlse5zCgd12Arc5Q,100%,override: '\b(asset\.resource|output\.layerstack|in',https://drive.google.com/drive/folders/1p0oJEG3qJJHZp_-tBWJ3YXB5vt1fzsGv
1VzO83r5MhfkeY30OM2qeyl1z-6s2qOK0,com.apple.shortcuts,1175A3c5Cqj2zAUaLdAgNfH0v3zZjX5Rs,2026,0,00_SYSTEM,1B6aUQRoESqp8o2tarlse5zCgd12Arc5Q,100%,override: '\b(asset\.resource|output\.layerstack|in',https://drive.google.com/drive/folders/1VzO83r5MhfkeY30OM2qeyl1z-6s2qOK0
14YHO21LBkyJc1euIiz8p1KuH1VA4_4A2,com.apple.Photos,1175A3c5Cqj2zAUaLdAgNfH0v3zZjX5Rs,2026,1,00_SYSTEM,1B6aUQRoESqp8o2tarlse5zCgd12Arc5Q,100%,override: '\b(asset\.resource|output\.layerstack|in',https://drive.google.com/drive/folders/14YHO21LBkyJc1euIiz8p1KuH1VA4_4A2
18TlLSziEd8Rs7HoQyRnlSfzyLcSqn2L7,D,1KoA7NDgVs6jHwppz8VOk1CBqFfXT0_5g,2026,0,99_REVIEW,156bSZj5fqG0pi7SFNFLriuX0hhLPmtnl,0%,sem sinal,https://drive.google.com/drive/folders/18TlLSziEd8Rs7HoQyRnlSfzyLcSqn2L7
13WZ18yiFirAhXMwUdAlu3bbso8iF7aDU,database,1XIr_7hLbJ7RCQN5HnCRJfmESyuJ3V_y5,2026,4,60_MEDIA/Fotos,1XnU-r5_jas_YWvbQnH_-RdcUtXyMT7B0,100%,score=10.0 conf=100%,https://drive.google.com/drive/folders/13WZ18yiFirAhXMwUdAlu3bbso8iF7aDU
1YaBATNhdkBF9kVEbLbl9BVQ5h_2jhnwk,resources,1XIr_7hLbJ7RCQN5HnCRJfmESyuJ3V_y5,2026,0,00_SYSTEM,1B6aUQRoESqp8o2tarlse5zCgd12Arc5Q,79%,score=30.0 conf=79%,https://drive.google.com/drive/folders/1YaBATNhdkBF9kVEbLbl9BVQ5h_2jhnwk
1FEDj_7L3HBpSE-d0KL7aQ42KiwVHmgbq,com.apple.Photos,1D9uRrCp28BDGePdNGM5fi8TQfx2N4J3b,2026,0,00_SYSTEM,1B6aUQRoESqp8o2tarlse5zCgd12Arc5Q,100%,override: '\b(asset\.resource|output\.layerstack|in',https://drive.google.com/drive/folders/1FEDj_7L3HBpSE-d0KL7aQ42KiwVHmgbq
1jsUOqivCfGEFhFEGZQfI7nekDYoucK6V,thumbs,1-vVpPeN-0v--cI812QLi-G5BLEExOPsK,2026,3,00_SYSTEM,1B6aUQRoESqp8o2tarlse5zCgd12Arc5Q,100%,score=3.0 conf=100%,https://drive.google.com/drive/folders/1jsUOqivCfGEFhFEGZQfI7nekDYoucK6V
1iYDUnbSv60Tm7ab6u2YDCKCEbUkqfM4v,com.apple.WorkflowKit.BackgroundShortcutRunner,1D9uRrCp28BDGePdNGM5fi8TQfx2N4J3b,2026,0,00_SYSTEM,1B6aUQRoESqp8o2tarlse5zCgd12Arc5Q,100%,override: '\b(asset\.resource|output\.layerstack|in',https://drive.google.com/drive/folders/1iYDUnbSv60Tm7ab6u2YDCKCEbUkqfM4v
1O6ilyQIba7pWMUzX5PH35PzlI54-X3Ht,7,1cGO9Mx_NZokYQFirffD-v5Va8cCMCBQN,2026,2,60_MEDIA/Fotos,1XnU-r5_jas_YWvbQnH_-RdcUtXyMT7B0,100%,score=3.0 conf=100%,https://drive.google.com/drive/folders/1O6ilyQIba7pWMUzX5PH35PzlI54-X3Ht
1kaRsqzYeN0r-YB6r1RQifX_ccgcW3gAA,4,1cGO9Mx_NZokYQFirffD-v5Va8cCMCBQN,2026,22,60_MEDIA/Fotos,1XnU-r5_jas_YWvbQnH_-RdcUtXyMT7B0,100%,score=3.0 conf=100%,https://drive.google.com/drive/folders/1kaRsqzYeN0r-YB6r1RQifX_ccgcW3gAA
1WdxeviOQDXbzzy_Yv3hmjXddMLeMJ8Ne,9,1cGO9Mx_NZokYQFirffD-v5Va8cCMCBQN,2026,21,60_MEDIA/Fotos,1XnU-r5_jas_YWvbQnH_-RdcUtXyMT7B0,100%,score=3.0 conf=100%,https://drive.google.com/drive/folders/1WdxeviOQDXbzzy_Yv3hmjXddMLeMJ8Ne
1vZACqEBVkG9-rDvxno9Mao64NGUZFh9H,AA92CA6D-8100-4F5E-A02A-82F6354274F6,1LbU0I3iBjIC45YWMqntv-_fBvd5THiEU,2026,0,99_REVIEW,156bSZj5fqG0pi7SFNFLriuX0hhLPmtnl,0%,sem sinal,https://drive.google.com/drive/folders/1vZACqEBVkG9-rDvxno9Mao64NGUZFh9H
1UkK2EOuZHoP6RocBy-NIjTTBtmCI9xuE,F,1cGO9Mx_NZokYQFirffD-v5Va8cCMCBQN,2026,1,60_MEDIA/Fotos,1XnU-r5_jas_YWvbQnH_-RdcUtXyMT7B0,100%,score=3.0 conf=100%,https://drive.google.com/drive/folders/1UkK2EOuZHoP6RocBy-NIjTTBtmCI9xuE
1-2seCqKxE0IFPnpkLOh_TriNe_NjXpnw,INFLIGHT,1krId4ERYn183VW28kRNl6CUda2vEMnUA,2026,0,99_REVIEW,156bSZj5fqG0pi7SFNFLriuX0hhLPmtnl,0%,sem sinal,https://drive.google.com/drive/folders/1-2seCqKxE0IFPnpkLOh_TriNe_NjXpnw
1kgMF3upWTEPhUtpzaVmzN173Xp2VGuBQ,3A11A96A-FFAF-4EAD-AA6E-323964F68FA4,1LbU0I3iBjIC45YWMqntv-_fBvd5THiEU,2026,0,99_REVIEW,156bSZj5fqG0pi7SFNFLriuX0hhLPmtnl,0%,sem sinal,https://drive.google.com/drive/folders/1kgMF3upWTEPhUtpzaVmzN173Xp2VGuBQ
1O6z3co9NGNI65gLstpvHi1Yfk7OzVAPl,3,1cGO9Mx_NZokYQFirffD-v5Va8cCMCBQN,2026,1,60_MEDIA/Fotos,1XnU-r5_jas_YWvbQnH_-RdcUtXyMT7B0,100%,score=3.0 conf=100%,https://drive.google.com/drive/folders/1O6z3co9NGNI65gLstpvHi1Yfk7OzVAPl
1V83TqGXL0ZuiXFpaPmJOUcxSHcy98wTN,1,1cGO9Mx_NZokYQFirffD-v5Va8cCMCBQN,2026,11,60_MEDIA/Fotos,1XnU-r5_jas_YWvbQnH_-RdcUtXyMT7B0,100%,score=3.0 conf=100%,https://drive.google.com/drive/folders/1V83TqGXL0ZuiXFpaPmJOUcxSHcy98wTN
1Q05KtB6Fare-GNZ6RpgM1x6wwWt__f8Q,C,1cGO9Mx_NZokYQFirffD-v5Va8cCMCBQN,2026,2,60_MEDIA/Fotos,1XnU-r5_jas_YWvbQnH_-RdcUtXyMT7B0,100%,score=3.0 conf=100%,https://drive.google.com/drive/folders/1Q05KtB6Fare-GNZ6RpgM1x6wwWt__f8Q
1ChuWMxuSIGMRujp12Fq-5zU53Rfs0mkT,renders,1YaBATNhdkBF9kVEbLbl9BVQ5h_2jhnwk,2026,0,00_SYSTEM,1B6aUQRoESqp8o2tarlse5zCgd12Arc5Q,100%,score=30.0 conf=100%,https://drive.google.com/drive/folders/1ChuWMxuSIGMRujp12Fq-5zU53Rfs0mkT
1aJ5JWAhXtkvm7wtt5v4mQCVs6DO9L4Xe,B,1cGO9Mx_NZokYQFirffD-v5Va8cCMCBQN,2026,0,99_REVIEW,156bSZj5fqG0pi7SFNFLriuX0hhLPmtnl,0%,sem sinal,https://drive.google.com/drive/folders/1aJ5JWAhXtkvm7wtt5v4mQCVs6DO9L4Xe
1Ckf5Ct9_zK2iJytHlF4yM0vaXmyiBj-x,9D80AF20-0F33-4323-8CFA-A82A1257FCEF,1LbU0I3iBjIC45YWMqntv-_fBvd5THiEU,2026,0,99_REVIEW,156bSZj5fqG0pi7SFNFLriuX0hhLPmtnl,0%,sem sinal,https://drive.google.com/drive/folders/1Ckf5Ct9_zK2iJytHlF4yM0vaXmyiBj-x
1i7zcxg1Y3wIn2fSPMIfovir_B9Un-kDk,com.apple.CloudPhotosConfiguration,1D9uRrCp28BDGePdNGM5fi8TQfx2N4J3b,2026,0,00_SYSTEM,1B6aUQRoESqp8o2tarlse5zCgd12Arc5Q,100%,override: '\b(asset\.resource|output\.layerstack|in',https://drive.google.com/drive/folders/1i7zcxg1Y3wIn2fSPMIfovir_B9Un-kDk
1XazoBNDmoJqIknA4Ly3wL1_Z_1ZUVYlt,com.apple.mediastream.mstreamd,1D9uRrCp28BDGePdNGM5fi8TQfx2N4J3b,2026,0,00_SYSTEM,1B6aUQRoESqp8o2tarlse5zCgd12Arc5Q,100%,override: '\b(asset\.resource|output\.layerstack|in',https://drive.google.com/drive/folders/1XazoBNDmoJqIknA4Ly3wL1_Z_1ZUVYlt
18ZstPUFn_r9C6P12AT2Xc6Cg5cXTW3jj,6,1cGO9Mx_NZokYQFirffD-v5Va8cCMCBQN,2026,7,60_MEDIA/Fotos,1XnU-r5_jas_YWvbQnH_-RdcUtXyMT7B0,100%,score=3.0 conf=100%,https://drive.google.com/drive/folders/18ZstPUFn_r9C6P12AT2Xc6Cg5cXTW3jj
1TExBz0pI2Q7bvkgg8GUR1b9NA37SQYCa,E,1cGO9Mx_NZokYQFirffD-v5Va8cCMCBQN,2026,0,99_REVIEW,156bSZj5fqG0pi7SFNFLriuX0hhLPmtnl,0%,sem sinal,https://drive.google.com/drive/folders/1TExBz0pI2Q7bvkgg8GUR1b9NA37SQYCa
1YFUk9hq_FYx9sWjYMfD3DeMp72VXgt_Q,8,1cGO9Mx_NZokYQFirffD-v5Va8cCMCBQN,2026,3,60_MEDIA/Fotos,1XnU-r5_jas_YWvbQnH_-RdcUtXyMT7B0,100%,score=3.0 conf=100%,https://drive.google.com/drive/folders/1YFUk9hq_FYx9sWjYMfD3DeMp72VXgt_Q
1cGO9Mx_NZokYQFirffD-v5Va8cCMCBQN,masters,1WgGCBFLtO0oRXQHuAegn_yfpnsSZHTTq,2026,0,60_MEDIA/Fotos,1XnU-r5_jas_YWvbQnH_-RdcUtXyMT7B0,100%,score=3.0 conf=100%,https://drive.google.com/drive/folders/1cGO9Mx_NZokYQFirffD-v5Va8cCMCBQN
1TmTQqTdZ1D3UfaKJIo__2v_oCg-U36Du,A,1cGO9Mx_NZokYQFirffD-v5Va8cCMCBQN,2026,1,60_MEDIA/Fotos,1XnU-r5_jas_YWvbQnH_-RdcUtXyMT7B0,100%,score=3.0 conf=100%,https://drive.google.com/drive/folders/1TmTQqTdZ1D3UfaKJIo__2v_oCg-U36Du
1ptKRW4A3k9EIqSccOqvSsXvXUaRgAQr7,com.apple.accountsd,1D9uRrCp28BDGePdNGM5fi8TQfx2N4J3b,2026,0,00_SYSTEM,1B6aUQRoESqp8o2tarlse5zCgd12Arc5Q,100%,override: '\b(asset\.resource|output\.layerstack|in',https://drive.google.com/drive/folders/1ptKRW4A3k9EIqSccOqvSsXvXUaRgAQr7
1rrpVhDcHfN3o_nRUyBUi2R1l1fXmKzmo,0,1cGO9Mx_NZokYQFirffD-v5Va8cCMCBQN,2026,44,60_MEDIA/Fotos,1XnU-r5_jas_YWvbQnH_-RdcUtXyMT7B0,100%,score=3.0 conf=100%,https://drive.google.com/drive/folders/1rrpVhDcHfN3o_nRUyBUi2R1l1fXmKzmo
1epFObGpKfN-vaGPJfbEYq49q9tKglGYp,2,1cGO9Mx_NZokYQFirffD-v5Va8cCMCBQN,2026,0,99_REVIEW,156bSZj5fqG0pi7SFNFLriuX0hhLPmtnl,0%,sem sinal,https://drive.google.com/drive/folders/1epFObGpKfN-vaGPJfbEYq49q9tKglGYp
1WgGCBFLtO0oRXQHuAegn_yfpnsSZHTTq,derivatives,1mxA7KH4IrC6zn6MN3dx6tscBE_WWGG3_,2026,0,60_MEDIA/Fotos,1XnU-r5_jas_YWvbQnH_-RdcUtXyMT7B0,100%,score=3.0 conf=100%,https://drive.google.com/drive/folders/1WgGCBFLtO0oRXQHuAegn_yfpnsSZHTTq
1mxA7KH4IrC6zn6MN3dx6tscBE_WWGG3_,resources,1dbmXB1kLGw3smO6uzbG8iDP0vDO2NJRy,2026,0,60_MEDIA/Fotos,1XnU-r5_jas_YWvbQnH_-RdcUtXyMT7B0,100%,score=3.0 conf=100%,https://drive.google.com/drive/folders/1mxA7KH4IrC6zn6MN3dx6tscBE_WWGG3_
1dbmXB1kLGw3smO6uzbG8iDP0vDO2NJRy,cloudsharing,198Awka6j-rrAobQizMvatalGcoCXhLYV,2026,0,00_SYSTEM,1B6aUQRoESqp8o2tarlse5zCgd12Arc5Q,100%,score=7.0 conf=100%,https://drive.google.com/drive/folders/1dbmXB1kLGw3smO6uzbG8iDP0vDO2NJRy
1yYcB-zPnAb0RvG1w0DbyrH5FTGw489FE,ExternalEditSessions,14YHO21LBkyJc1euIiz8p1KuH1VA4_4A2,2026,0,99_REVIEW,156bSZj5fqG0pi7SFNFLriuX0hhLPmtnl,0%,sem sinal,https://drive.google.com/drive/folders/1yYcB-zPnAb0RvG1w0DbyrH5FTGw489FE
1PwiKppDXEVO8lRTcucPFhkHvmkbzCHR5,com.apple.WorkflowKit.BackgroundShortcutRunner,1175A3c5Cqj2zAUaLdAgNfH0v3zZjX5Rs,2026,0,00_SYSTEM,1B6aUQRoESqp8o2tarlse5zCgd12Arc5Q,100%,override: '\b(asset\.resource|output\.layerstack|in',https://drive.google.com/drive/folders/1PwiKppDXEVO8lRTcucPFhkHvmkbzCHR5
12r5pYN2ITQt8ceNdAt4T0qt4O6gjpcFW,com.apple.wallpaper.extension.image,1D9uRrCp28BDGePdNGM5fi8TQfx2N4J3b,2026,0,00_SYSTEM,1B6aUQRoESqp8o2tarlse5zCgd12Arc5Q,100%,override: '\b(asset\.resource|output\.layerstack|in',https://drive.google.com/drive/folders/12r5pYN2ITQt8ceNdAt4T0qt4O6gjpcFW
1ApY33mT_sQ-n1r6kjSivT4QwvIGG66yo,com.apple.Photos.PhotosReliveWidget,1D9uRrCp28BDGePdNGM5fi8TQfx2N4J3b,2026,0,00_SYSTEM,1B6aUQRoESqp8o2tarlse5zCgd12Arc5Q,100%,override: '\b(asset\.resource|output\.layerstack|in',https://drive.google.com/drive/folders/1ApY33mT_sQ-n1r6kjSivT4QwvIGG66yo
1VRtSjNzMcYPuWyPeGmTMtaCipq5EFpvn,12,1wRevoT79QK0z66wHS47UrRXMUop8YqbR,2026,0,00_SYSTEM,1B6aUQRoESqp8o2tarlse5zCgd12Arc5Q,100%,score=30.0 conf=100%,https://drive.google.com/drive/folders/1VRtSjNzMcYPuWyPeGmTMtaCipq5EFpvn
1wRevoT79QK0z66wHS47UrRXMUop8YqbR,journals,1HvCQHNwEqbfPB8-PXWl0uqXNP9Tst0Sf,2026,0,00_SYSTEM,1B6aUQRoESqp8o2tarlse5zCgd12Arc5Q,100%,score=30.0 conf=100%,https://drive.google.com/drive/folders/1wRevoT79QK0z66wHS47UrRXMUop8YqbR
1HvCQHNwEqbfPB8-PXWl0uqXNP9Tst0Sf,index.V2,1P1u69VtUddcqK6B0FMlzyL1KO3DBKy1t,2026,0,00_SYSTEM,1B6aUQRoESqp8o2tarlse5zCgd12Arc5Q,100%,score=30.0 conf=100%,https://drive.google.com/drive/folders/1HvCQHNwEqbfPB8-PXWl0uqXNP9Tst0Sf
1P1u69VtUddcqK6B0FMlzyL1KO3DBKy1t,SpotlightKnowledgeEvents,15iZBx8JyFAqlRMKVzq7Typ7tVnre6pad,2026,0,99_REVIEW,156bSZj5fqG0pi7SFNFLriuX0hhLPmtnl,0%,sem sinal,https://drive.google.com/drive/folders/1P1u69VtUddcqK6B0FMlzyL1KO3DBKy1t
15iZBx8JyFAqlRMKVzq7Typ7tVnre6pad,Spotlight,14Aq0NEHmQZxFeBYgzV2mA8YUpaHcfL6j,2026,1,00_SYSTEM,1B6aUQRoESqp8o2tarlse5zCgd12Arc5Q,100%,score=2.9 conf=100%,https://drive.google.com/drive/folders/15iZBx8JyFAqlRMKVzq7Typ7tVnre6pad
1jm2cRSffCZpRY2ZUXHwRspeSGVOrQCdy,com.apple.photoanalysisd,1D9uRrCp28BDGePdNGM5fi8TQfx2N4J3b,2026,0,00_SYSTEM,1B6aUQRoESqp8o2tarlse5zCgd12Arc5Q,100%,override: '\b(asset\.resource|output\.layerstack|in',https://drive.google.com/drive/folders/1jm2cRSffCZpRY2ZUXHwRspeSGVOrQCdy
19JhKoyXCBiVA_IQIK9GvknjbE-M0KohL,com.apple.mediaanalysisd,1D9uRrCp28BDGePdNGM5fi8TQfx2N4J3b,2026,0,00_SYSTEM,1B6aUQRoESqp8o2tarlse5zCgd12Arc5Q,100%,override: '\b(asset\.resource|output\.layerstack|in',https://drive.google.com/drive/folders/19JhKoyXCBiVA_IQIK9GvknjbE-M0KohL
1ATQm1HpalbrEp0PTGeKD98FsZw-7PzS6,storydiagnostics,1LPvyXXqLtHTknHXo6-wrekryWqWIScD2,2026,0,99_REVIEW,156bSZj5fqG0pi7SFNFLriuX0hhLPmtnl,0%,sem sinal,https://drive.google.com/drive/folders/1ATQm1HpalbrEp0PTGeKD98FsZw-7PzS6
1qjc5AkyM8zpf0DbqMAbk2_xZ5RejlDjX,photosuiconfiguration,1LPvyXXqLtHTknHXo6-wrekryWqWIScD2,2026,0,60_MEDIA/Fotos,1XnU-r5_jas_YWvbQnH_-RdcUtXyMT7B0,100%,score=10.0 conf=100%,https://drive.google.com/drive/folders/1qjc5AkyM8zpf0DbqMAbk2_xZ5RejlDjX
1y1ifXo_sLkkbXG1CiRp9GnVwfWHLZzPd,photosmessagesbackdropdescriptors,1LPvyXXqLtHTknHXo6-wrekryWqWIScD2,2026,0,50_CREATION,15N8xPKHgfnOww38XZXdmhLYv6VKMiuYY,50%,score=30.0 conf=50%,https://drive.google.com/drive/folders/1y1ifXo_sLkkbXG1CiRp9GnVwfWHLZzPd
1PliZ5QQZ7CqUykC-DzLjTh94WuRG8dhI,crowdsourcedthemes,1LPvyXXqLtHTknHXo6-wrekryWqWIScD2,2026,0,99_REVIEW,156bSZj5fqG0pi7SFNFLriuX0hhLPmtnl,0%,sem sinal,https://drive.google.com/drive/folders/1PliZ5QQZ7CqUykC-DzLjTh94WuRG8dhI
186dnn_PE8H7Esz1FlJROsGMTDuGoDO5i,searchdiagnostics,1LPvyXXqLtHTknHXo6-wrekryWqWIScD2,2026,0,99_REVIEW,156bSZj5fqG0pi7SFNFLriuX0hhLPmtnl,0%,sem sinal,https://drive.google.com/drive/folders/186dnn_PE8H7Esz1FlJROsGMTDuGoDO5i
1LPvyXXqLtHTknHXo6-wrekryWqWIScD2,internal,1XIr_7hLbJ7RCQN5HnCRJfmESyuJ3V_y5,2026,0,00_SYSTEM,1B6aUQRoESqp8o2tarlse5zCgd12Arc5Q,60%,score=30.0 conf=60%,https://drive.google.com/drive/folders/1LPvyXXqLtHTknHXo6-wrekryWqWIScD2
10pIFfCbmLyxFdhEVHX33kx4Ws3BTUtAU,csutaxonomy,1LPvyXXqLtHTknHXo6-wrekryWqWIScD2,2026,1,00_SYSTEM,1B6aUQRoESqp8o2tarlse5zCgd12Arc5Q,100%,score=3.0 conf=100%,https://drive.google.com/drive/folders/10pIFfCbmLyxFdhEVHX33kx4Ws3BTUtAU
1dfGu_2vjtdgs26taYl_4_fWQCQ5sq31S,_EXTERNAL_DATA,1M8-9BjFdHR7ZgNDQC7OMdLCNyRI9ZSbc,2026,0,99_REVIEW,156bSZj5fqG0pi7SFNFLriuX0hhLPmtnl,0%,sem sinal,https://drive.google.com/drive/folders/1dfGu_2vjtdgs26taYl_4_fWQCQ5sq31S
1M8-9BjFdHR7ZgNDQC7OMdLCNyRI9ZSbc,.Photos_SUPPORT,13WZ18yiFirAhXMwUdAlu3bbso8iF7aDU,2026,0,60_MEDIA/Fotos,1XnU-r5_jas_YWvbQnH_-RdcUtXyMT7B0,100%,score=10.0 conf=100%,https://drive.google.com/drive/folders/1M8-9BjFdHR7ZgNDQC7OMdLCNyRI9ZSbc
11h9oIwV8oeTJOooXtdhcMKa7cDbeG5l0,smartsharing,1YaBATNhdkBF9kVEbLbl9BVQ5h_2jhnwk,2026,0,99_REVIEW,156bSZj5fqG0pi7SFNFLriuX0hhLPmtnl,0%,sem sinal,https://drive.google.com/drive/folders/11h9oIwV8oeTJOooXtdhcMKa7cDbeG5l0
1lSWv-FHc5wapS5Kn2mV3mc0jyrFcl4nX,NSFileProtectionCompleteUntilFirstUserAuthentication,15iZBx8JyFAqlRMKVzq7Typ7tVnre6pad,2026,0,00_SYSTEM,1B6aUQRoESqp8o2tarlse5zCgd12Arc5Q,100%,score=2.9 conf=100%,https://drive.google.com/drive/folders/1lSWv-FHc5wapS5Kn2mV3mc0jyrFcl4nX
14Aq0NEHmQZxFeBYgzV2mA8YUpaHcfL6j,search,13WZ18yiFirAhXMwUdAlu3bbso8iF7aDU,2026,3,00_SYSTEM,1B6aUQRoESqp8o2tarlse5zCgd12Arc5Q,100%,score=2.9 conf=100%,https://drive.google.com/drive/folders/14Aq0NEHmQZxFeBYgzV2mA8YUpaHcfL6j
1W2ER3VbR9C9y7xg-IDJOS_jGQ_7f1OOV,analytics,1NgrIPo5_-_-V0YK_49TvvSa3mpmpnXxi,2026,1,00_SYSTEM,1B6aUQRoESqp8o2tarlse5zCgd12Arc5Q,100%,score=3.0 conf=100%,https://drive.google.com/drive/folders/1W2ER3VbR9C9y7xg-IDJOS_jGQ_7f1OOV
1NgrIPo5_-_-V0YK_49TvvSa3mpmpnXxi,caches,1YaBATNhdkBF9kVEbLbl9BVQ5h_2jhnwk,2026,0,00_SYSTEM,1B6aUQRoESqp8o2tarlse5zCgd12Arc5Q,100%,score=5.9 conf=100%,https://drive.google.com/drive/folders/1NgrIPo5_-_-V0YK_49TvvSa3mpmpnXxi
1krId4ERYn183VW28kRNl6CUda2vEMnUA,data,1dbmXB1kLGw3smO6uzbG8iDP0vDO2NJRy,2026,0,60_MEDIA/Fotos,1XnU-r5_jas_YWvbQnH_-RdcUtXyMT7B0,100%,score=3.0 conf=100%,https://drive.google.com/drive/folders/1krId4ERYn183VW28kRNl6CUda2vEMnUA
1LbU0I3iBjIC45YWMqntv-_fBvd5THiEU,364185858,1krId4ERYn183VW28kRNl6CUda2vEMnUA,2026,0,60_MEDIA/Fotos,1XnU-r5_jas_YWvbQnH_-RdcUtXyMT7B0,100%,score=3.0 conf=100%,https://drive.google.com/drive/folders/1LbU0I3iBjIC45YWMqntv-_fBvd5THiEU
1gj1IrDKux26crM9G3-oxvVyJN8SkvaSi,compute,1NgrIPo5_-_-V0YK_49TvvSa3mpmpnXxi,2026,0,00_SYSTEM,1B6aUQRoESqp8o2tarlse5zCgd12Arc5Q,100%,score=3.0 conf=100%,https://drive.google.com/drive/folders/1gj1IrDKux26crM9G3-oxvVyJN8SkvaSi
1hUrCMmkuiav1jYZjE1oQHihkVaudSdf9,outgoingRecordComputeStates,1btyI6AQ33M8c2zgz8k81bgnXp1h9pjcl,2026,0,99_REVIEW,156bSZj5fqG0pi7SFNFLriuX0hhLPmtnl,0%,sem sinal,https://drive.google.com/drive/folders/1hUrCMmkuiav1jYZjE1oQHihkVaudSdf9
1nSsmSQyIcEj4fBw7zbCX9Dxio1O_1L-z,com.apple.CloudPhotosConfiguration,1175A3c5Cqj2zAUaLdAgNfH0v3zZjX5Rs,2026,0,00_SYSTEM,1B6aUQRoESqp8o2tarlse5zCgd12Arc5Q,100%,override: '\b(asset\.resource|output\.layerstack|in',https://drive.google.com/drive/folders/1nSsmSQyIcEj4fBw7zbCX9Dxio1O_1L-z
1r0PQHi67IG9b8LMaKwzpRUV0OB4kk8a8,com.apple.mediastream.mstreamd,1175A3c5Cqj2zAUaLdAgNfH0v3zZjX5Rs,2026,0,00_SYSTEM,1B6aUQRoESqp8o2tarlse5zCgd12Arc5Q,100%,override: '\b(asset\.resource|output\.layerstack|in',https://drive.google.com/drive/folders/1r0PQHi67IG9b8LMaKwzpRUV0OB4kk8a8
1H6iWodplt69vyoQwbVTAOk8b9dHCR4HG,com.apple.accountsd,1175A3c5Cqj2zAUaLdAgNfH0v3zZjX5Rs,2026,0,00_SYSTEM,1B6aUQRoESqp8o2tarlse5zCgd12Arc5Q,100%,override: '\b(asset\.resource|output\.layerstack|in',https://drive.google.com/drive/folders/1H6iWodplt69vyoQwbVTAOk8b9dHCR4HG
1q4nDspkUXIMa9PDDEuZlZnrC0fvFl1xd,com.apple.wallpaper.extension.image,1175A3c5Cqj2zAUaLdAgNfH0v3zZjX5Rs,2026,0,00_SYSTEM,1B6aUQRoESqp8o2tarlse5zCgd12Arc5Q,100%,override: '\b(asset\.resource|output\.layerstack|in',https://drive.google.com/drive/folders/1q4nDspkUXIMa9PDDEuZlZnrC0fvFl1xd
1tgUb5_hTD-5TsQ7ER9HZsI3_N6A0lQ5n,computecache,1_Sc4n3DyxNhzV31tNvtw3hbU0TlgCZ4u,2026,0,99_REVIEW,156bSZj5fqG0pi7SFNFLriuX0hhLPmtnl,0%,sem sinal,https://drive.google.com/drive/folders/1tgUb5_hTD-5TsQ7ER9HZsI3_N6A0lQ5n
1Ltx2BZQVLUth3rB5t2xheW_Eu_SCf6cH,com.apple.Photos.PhotosReliveWidget,1175A3c5Cqj2zAUaLdAgNfH0v3zZjX5Rs,2026,0,00_SYSTEM,1B6aUQRoESqp8o2tarlse5zCgd12Arc5Q,100%,override: '\b(asset\.resource|output\.layerstack|in',https://drive.google.com/drive/folders/1Ltx2BZQVLUth3rB5t2xheW_Eu_SCf6cH
1QfuSwdUWoBHdru1LvYU3VnU7WtqrH4mM,derivatives,1rk-nlbqQmcUGC_sox6ILT8t0nRLw37Lt,2026,0,99_REVIEW,156bSZj5fqG0pi7SFNFLriuX0hhLPmtnl,0%,sem sinal,https://drive.google.com/drive/folders/1QfuSwdUWoBHdru1LvYU3VnU7WtqrH4mM
1rk-nlbqQmcUGC_sox6ILT8t0nRLw37Lt,cpl,1YaBATNhdkBF9kVEbLbl9BVQ5h_2jhnwk,2026,0,00_SYSTEM,1B6aUQRoESqp8o2tarlse5zCgd12Arc5Q,69%,score=18.0 conf=69%,https://drive.google.com/drive/folders/1rk-nlbqQmcUGC_sox6ILT8t0nRLw37Lt
1tpIWTRpSDlYfVf74n3TworiCHXGA4VxA,momentshared,198Awka6j-rrAobQizMvatalGcoCXhLYV,2026,0,99_REVIEW,156bSZj5fqG0pi7SFNFLriuX0hhLPmtnl,0%,sem sinal,https://drive.google.com/drive/folders/1tpIWTRpSDlYfVf74n3TworiCHXGA4VxA
1er5V5Uh86QPbDxiWN76B7gQ6UKlqxho3,vector_database,1Kv26RhU_QfEQ-PnWnt-sTpoi_bwqt4zY,2026,3,00_SYSTEM,1B6aUQRoESqp8o2tarlse5zCgd12Arc5Q,100%,score=2.0 conf=100%,https://drive.google.com/drive/folders/1er5V5Uh86QPbDxiWN76B7gQ6UKlqxho3
1Kv26RhU_QfEQ-PnWnt-sTpoi_bwqt4zY,MediaAnalysis,1esFrDYfFP470Rj679JphpyjHqt9oE_ao,2026,3,00_SYSTEM,1B6aUQRoESqp8o2tarlse5zCgd12Arc5Q,100%,score=2.5 conf=100%,https://drive.google.com/drive/folders/1Kv26RhU_QfEQ-PnWnt-sTpoi_bwqt4zY
1diKCdO0OKZB8bGfL2AvPHqgiOva3x0u2,caches,1esFrDYfFP470Rj679JphpyjHqt9oE_ao,2026,0,00_SYSTEM,1B6aUQRoESqp8o2tarlse5zCgd12Arc5Q,72%,score=5.1 conf=72%,https://drive.google.com/drive/folders/1diKCdO0OKZB8bGfL2AvPHqgiOva3x0u2
1esFrDYfFP470Rj679JphpyjHqt9oE_ao,com.apple.mediaanalysisd,1175A3c5Cqj2zAUaLdAgNfH0v3zZjX5Rs,2026,0,00_SYSTEM,1B6aUQRoESqp8o2tarlse5zCgd12Arc5Q,100%,override: '\b(asset\.resource|output\.layerstack|in',https://drive.google.com/drive/folders/1esFrDYfFP470Rj679JphpyjHqt9oE_ao
1CVJZuHDYpl_KJi0iCwlM9yi4K6c4v2Df,caches,1Qv9YutoIi4qrmYQirLEXl6nsDEIChKsh,2026,0,60_MEDIA/Fotos,1XnU-r5_jas_YWvbQnH_-RdcUtXyMT7B0,69%,score=20.0 conf=69%,https://drive.google.com/drive/folders/1CVJZuHDYpl_KJi0iCwlM9yi4K6c4v2Df
1Qv9YutoIi4qrmYQirLEXl6nsDEIChKsh,com.apple.photoanalysisd,1175A3c5Cqj2zAUaLdAgNfH0v3zZjX5Rs,2026,0,00_SYSTEM,1B6aUQRoESqp8o2tarlse5zCgd12Arc5Q,100%,override: '\b(asset\.resource|output\.layerstack|in',https://drive.google.com/drive/folders/1Qv9YutoIi4qrmYQirLEXl6nsDEIChKsh
1KSyc-5lPst6ypwFBYdh_bwvZ_rs-GIog,syndication,198Awka6j-rrAobQizMvatalGcoCXhLYV,2026,0,99_REVIEW,156bSZj5fqG0pi7SFNFLriuX0hhLPmtnl,0%,sem sinal,https://drive.google.com/drive/folders/1KSyc-5lPst6ypwFBYdh_bwvZ_rs-GIog
1mCDpoyS3G6z9J0FuUvce2cnGeU_t61Ad,collectionshare,198Awka6j-rrAobQizMvatalGcoCXhLYV,2026,0,99_REVIEW,156bSZj5fqG0pi7SFNFLriuX0hhLPmtnl,0%,sem sinal,https://drive.google.com/drive/folders/1mCDpoyS3G6z9J0FuUvce2cnGeU_t61Ad
198Awka6j-rrAobQizMvatalGcoCXhLYV,scopes,1XIr_7hLbJ7RCQN5HnCRJfmESyuJ3V_y5,2026,0,00_SYSTEM,1B6aUQRoESqp8o2tarlse5zCgd12Arc5Q,100%,score=7.5 conf=100%,https://drive.google.com/drive/folders/198Awka6j-rrAobQizMvatalGcoCXhLYV
1_Sc4n3DyxNhzV31tNvtw3hbU0TlgCZ4u,caches,1jQs5qa26t9NzfAr4wocFhGtfNcJ8UWNE,2026,0,99_REVIEW,156bSZj5fqG0pi7SFNFLriuX0hhLPmtnl,0%,sem sinal,https://drive.google.com/drive/folders/1_Sc4n3DyxNhzV31tNvtw3hbU0TlgCZ4u
1187DnDbeBkkZXXBxo5av0yK2KmphQu9d,LIZ ,1lklIEkLAmN_Nw8Fu0u1Ry5hWkVjx6GQJ,2024,0,99_REVIEW,156bSZj5fqG0pi7SFNFLriuX0hhLPmtnl,0%,sem sinal,https://drive.google.com/drive/folders/1187DnDbeBkkZXXBxo5av0yK2KmphQu9d
1Oi9RsuT5wcva4Bit2XjFSNEm58olXydK,ESTRATEGIAS,1FH47LzbzMQUgGSp5j46kFNcqDEENSnbz,2016,0,90_ARCHIVE,1b2pFAIL6Cgc6e_t-B-GrZFTkTEwB9QFe,0%,pré-2021 sem sinal,https://drive.google.com/drive/folders/1Oi9RsuT5wcva4Bit2XjFSNEm58olXydK
1iQyABc7W5A4mY45_aLCl1j4Y-e6rcGNE,Comece certo,1n0nBW9BWLnkshmh3mhQfa0nQcqSDoM06,2015,0,90_ARCHIVE,1b2pFAIL6Cgc6e_t-B-GrZFTkTEwB9QFe,0%,pré-2021 sem sinal,https://drive.google.com/drive/folders/1iQyABc7W5A4mY45_aLCl1j4Y-e6rcGNE
16O0H9gmvsZk3c2ZepB9IGGykKvmOnmgw,MATRIXOLOGIA ,1dHAwLvXIoibw1JR1iZNwtCH6y-whqsSo,2023,5,60_MEDIA/Videos,1me7AYaMvDth_2oaOUsKAokzQk5kZHDUK,100%,score=4.4 conf=100%,https://drive.google.com/drive/folders/16O0H9gmvsZk3c2ZepB9IGGykKvmOnmgw
1JpAMyV9g6FYFEG3T6inRZsrpeGpSA3rb,FILMES ,1qQodkbFncc7eifengQtOf3Q1PK2bZ4nE,2021,0,99_REVIEW,156bSZj5fqG0pi7SFNFLriuX0hhLPmtnl,0%,sem sinal,https://drive.google.com/drive/folders/1JpAMyV9g6FYFEG3T6inRZsrpeGpSA3rb
1afnv8_qEY1MxcWm23_WG3i9H3RaoXegI,FILMES ,1q2Shbln4-ZwQgs5rnl2EdHWd5M4jVeEo,2021,0,99_REVIEW,156bSZj5fqG0pi7SFNFLriuX0hhLPmtnl,0%,sem sinal,https://drive.google.com/drive/folders/1afnv8_qEY1MxcWm23_WG3i9H3RaoXegI
1IaVs25obmAE9eyz0lYcNGPHpYhSRMeki,ARTE E DISIGNER ,1qQodkbFncc7eifengQtOf3Q1PK2bZ4nE,2021,0,99_REVIEW,156bSZj5fqG0pi7SFNFLriuX0hhLPmtnl,0%,sem sinal,https://drive.google.com/drive/folders/1IaVs25obmAE9eyz0lYcNGPHpYhSRMeki
1Zgv0iwE3dT9fmJv5vwtjO0_WP9EF1VEb,FISICA QUANTICA ,1xIH8rjK1vhz0V2uGVsIFP7tZKy1aOg2S,2021,0,99_REVIEW,156bSZj5fqG0pi7SFNFLriuX0hhLPmtnl,0%,sem sinal,https://drive.google.com/drive/folders/1Zgv0iwE3dT9fmJv5vwtjO0_WP9EF1VEb
1xIH8rjK1vhz0V2uGVsIFP7tZKy1aOg2S,LIVRO DE REFERENCIA ,1qQodkbFncc7eifengQtOf3Q1PK2bZ4nE,2021,0,40_KNOWLEDGE/Livros,1Cqzk_kuLbncNAVwfs97jSfDSgv2mgIoS,60%,score=15.0 conf=60%,https://drive.google.com/drive/folders/1xIH8rjK1vhz0V2uGVsIFP7tZKy1aOg2S
1ZlbQJuy38G0APgQND3CUSLHeQXe29LO1,O CORPO,1z0B0NTKcKtomTVsUBwIe9HgiHcTbIgNB,2021,0,99_REVIEW,156bSZj5fqG0pi7SFNFLriuX0hhLPmtnl,0%,sem sinal,https://drive.google.com/drive/folders/1ZlbQJuy38G0APgQND3CUSLHeQXe29LO1
1XmNIPmA-9dwFNQ7Re-Oho3Uab-esvF0S,RASCUNHOS ,1yCqk92p0x4cL_lm721GK9rOJu4nP7ifW,2021,0,99_REVIEW,156bSZj5fqG0pi7SFNFLriuX0hhLPmtnl,0%,sem sinal,https://drive.google.com/drive/folders/1XmNIPmA-9dwFNQ7Re-Oho3Uab-esvF0S
1zc5-jLsJNNWqsKzSSoyo9pXrye5Wk3vj,INTEGRANDO TUDO,1z0B0NTKcKtomTVsUBwIe9HgiHcTbIgNB,2021,0,99_REVIEW,156bSZj5fqG0pi7SFNFLriuX0hhLPmtnl,0%,sem sinal,https://drive.google.com/drive/folders/1zc5-jLsJNNWqsKzSSoyo9pXrye5Wk3vj
1fhUwtSXBhZkreBE3hlVluB8-5EqSk5N3,PROJETO META HUMANO,1z0B0NTKcKtomTVsUBwIe9HgiHcTbIgNB,2021,0,99_REVIEW,156bSZj5fqG0pi7SFNFLriuX0hhLPmtnl,0%,sem sinal,https://drive.google.com/drive/folders/1fhUwtSXBhZkreBE3hlVluB8-5EqSk5N3
1xkx92W1NAeHQ-M4YX4e0DAmeNwDLbaN6,PARTE 1,1z0B0NTKcKtomTVsUBwIe9HgiHcTbIgNB,2021,0,99_REVIEW,156bSZj5fqG0pi7SFNFLriuX0hhLPmtnl,0%,sem sinal,https://drive.google.com/drive/folders/1xkx92W1NAeHQ-M4YX4e0DAmeNwDLbaN6
1NhlgBvW_Hxw-cJQQRRd5ZGXlrnJFZddg,PERSONAGENS ,1z0B0NTKcKtomTVsUBwIe9HgiHcTbIgNB,2021,0,99_REVIEW,156bSZj5fqG0pi7SFNFLriuX0hhLPmtnl,0%,sem sinal,https://drive.google.com/drive/folders/1NhlgBvW_Hxw-cJQQRRd5ZGXlrnJFZddg
1WJwdUcU--OxqetST0VFp1b7dY4uAQLtN,O DESERTO ,1z0B0NTKcKtomTVsUBwIe9HgiHcTbIgNB,2021,0,99_REVIEW,156bSZj5fqG0pi7SFNFLriuX0hhLPmtnl,0%,sem sinal,https://drive.google.com/drive/folders/1WJwdUcU--OxqetST0VFp1b7dY4uAQLtN
1z0B0NTKcKtomTVsUBwIe9HgiHcTbIgNB,AS SALAS ,1yCqk92p0x4cL_lm721GK9rOJu4nP7ifW,2021,0,99_REVIEW,156bSZj5fqG0pi7SFNFLriuX0hhLPmtnl,0%,sem sinal,https://drive.google.com/drive/folders/1z0B0NTKcKtomTVsUBwIe9HgiHcTbIgNB
1jqSV5nWycfOcTSx6H7_QDc0wgplhJUL2,A MENTE ,1z0B0NTKcKtomTVsUBwIe9HgiHcTbIgNB,2021,0,99_REVIEW,156bSZj5fqG0pi7SFNFLriuX0hhLPmtnl,0%,sem sinal,https://drive.google.com/drive/folders/1jqSV5nWycfOcTSx6H7_QDc0wgplhJUL2
1VaTkvmnSXlWWmc-negoinLcWNEt_ZNyR,GUIA ,1yCqk92p0x4cL_lm721GK9rOJu4nP7ifW,2021,0,99_REVIEW,156bSZj5fqG0pi7SFNFLriuX0hhLPmtnl,0%,sem sinal,https://drive.google.com/drive/folders/1VaTkvmnSXlWWmc-negoinLcWNEt_ZNyR
14ezaxIn0_YAb7XW6KGGusiFEKhGcoRPW,RASCUNHO ,1xaxrK8KbC51irgzQ-2sv5gZXsvrry0ZZ,2021,0,99_REVIEW,156bSZj5fqG0pi7SFNFLriuX0hhLPmtnl,0%,sem sinal,https://drive.google.com/drive/folders/14ezaxIn0_YAb7XW6KGGusiFEKhGcoRPW
1kuA4I_ms_ENRklPrbE-_iMrNn2papIuY,GAMIFICACÃO,1xaxrK8KbC51irgzQ-2sv5gZXsvrry0ZZ,2021,0,99_REVIEW,156bSZj5fqG0pi7SFNFLriuX0hhLPmtnl,0%,sem sinal,https://drive.google.com/drive/folders/1kuA4I_ms_ENRklPrbE-_iMrNn2papIuY
16VzKLJXzwyhl0R6A6oYpkSPiPUvbE_-u,STORYBOARD,1iYyEZEjNvwuPHpgSfyQF4svN18RMVYjC,2021,0,99_REVIEW,156bSZj5fqG0pi7SFNFLriuX0hhLPmtnl,0%,sem sinal,https://drive.google.com/drive/folders/16VzKLJXzwyhl0R6A6oYpkSPiPUvbE_-u
1Ol9AaE1wPwOslofc7qCsELsqgOkghojG,ESCALETA E ROTEIRO,1iYyEZEjNvwuPHpgSfyQF4svN18RMVYjC,2021,0,99_REVIEW,156bSZj5fqG0pi7SFNFLriuX0hhLPmtnl,0%,sem sinal,https://drive.google.com/drive/folders/1Ol9AaE1wPwOslofc7qCsELsqgOkghojG
1zefpzteP4XmLeG7Vqz4zlKsWFmRD1Tgu,JORNADA DO HERIOI,1iYyEZEjNvwuPHpgSfyQF4svN18RMVYjC,2021,0,99_REVIEW,156bSZj5fqG0pi7SFNFLriuX0hhLPmtnl,0%,sem sinal,https://drive.google.com/drive/folders/1zefpzteP4XmLeG7Vqz4zlKsWFmRD1Tgu
16Q0bU3lFWzh0SGaEAF4S3qqW5fLw1NEj,ESTRURURA DA JORNADA ,1iYyEZEjNvwuPHpgSfyQF4svN18RMVYjC,2021,0,99_REVIEW,156bSZj5fqG0pi7SFNFLriuX0hhLPmtnl,0%,sem sinal,https://drive.google.com/drive/folders/16Q0bU3lFWzh0SGaEAF4S3qqW5fLw1NEj
1iYyEZEjNvwuPHpgSfyQF4svN18RMVYjC,ELEMENTOS PARA ROTEIRO ,1xaxrK8KbC51irgzQ-2sv5gZXsvrry0ZZ,2021,0,99_REVIEW,156bSZj5fqG0pi7SFNFLriuX0hhLPmtnl,0%,sem sinal,https://drive.google.com/drive/folders/1iYyEZEjNvwuPHpgSfyQF4svN18RMVYjC
1fti6nWExU4byXtn263XYzSn9pm8sOqm3,STORYTELLING,1xaxrK8KbC51irgzQ-2sv5gZXsvrry0ZZ,2021,0,99_REVIEW,156bSZj5fqG0pi7SFNFLriuX0hhLPmtnl,0%,sem sinal,https://drive.google.com/drive/folders/1fti6nWExU4byXtn263XYzSn9pm8sOqm3
1DORxWRNFWCEUlSlY8C6HEuciPYYqKAfa,PENSEIRA ,1xaxrK8KbC51irgzQ-2sv5gZXsvrry0ZZ,2021,0,99_REVIEW,156bSZj5fqG0pi7SFNFLriuX0hhLPmtnl,0%,sem sinal,https://drive.google.com/drive/folders/1DORxWRNFWCEUlSlY8C6HEuciPYYqKAfa
1oLZjJoOo6uMRKlOxa3v53pHHTgH7zNg4,COMO FAZER UM ROTEIRO,1xaxrK8KbC51irgzQ-2sv5gZXsvrry0ZZ,2021,0,99_REVIEW,156bSZj5fqG0pi7SFNFLriuX0hhLPmtnl,0%,sem sinal,https://drive.google.com/drive/folders/1oLZjJoOo6uMRKlOxa3v53pHHTgH7zNg4
1xaxrK8KbC51irgzQ-2sv5gZXsvrry0ZZ,LABORATORIO ,1yCqk92p0x4cL_lm721GK9rOJu4nP7ifW,2021,0,99_REVIEW,156bSZj5fqG0pi7SFNFLriuX0hhLPmtnl,0%,sem sinal,https://drive.google.com/drive/folders/1xaxrK8KbC51irgzQ-2sv5gZXsvrry0ZZ
1v_8COX6ULBttC-pcCXMox24pdOHgfmBC,O HEROI ,19_OcU2ktmq2SxSteOPUkaB4vm8PrDNQr,2021,0,99_REVIEW,156bSZj5fqG0pi7SFNFLriuX0hhLPmtnl,0%,sem sinal,https://drive.google.com/drive/folders/1v_8COX6ULBttC-pcCXMox24pdOHgfmBC
1SoFseIAXa3GJfqaW2fu8RtdLIxBJ3sKE,ELEMENTOS PARA OS PERSONAGENS ,19_OcU2ktmq2SxSteOPUkaB4vm8PrDNQr,2021,0,99_REVIEW,156bSZj5fqG0pi7SFNFLriuX0hhLPmtnl,0%,sem sinal,https://drive.google.com/drive/folders/1SoFseIAXa3GJfqaW2fu8RtdLIxBJ3sKE
1v_8COX6ULBttC-pcCXMox24pdOHgfmBC,O HEROI ,19_OcU2ktmq2SxSteOPUkaB4vm8PrDNQr,2021,0,99_REVIEW,156bSZj5fqG0pi7SFNFLriuX0hhLPmtnl,0%,sem sinal,https://drive.google.com/drive/folders/1v_8COX6ULBttC-pcCXMox24pdOHgfmBC
1SoFseIAXa3GJfqaW2fu8RtdLIxBJ3sKE,ELEMENTOS PARA OS PERSONAGENS ,19_OcU2ktmq2SxSteOPUkaB4vm8PrDNQr,2021,0,99_REVIEW,156bSZj5fqG0pi7SFNFLriuX0hhLPmtnl,0%,sem sinal,https://drive.google.com/drive/folders/1SoFseIAXa3GJfqaW2fu8RtdLIxBJ3sKE
1CIwy23dVyZL5YN8KGOP46_rlcdd_NMdU,UM GUIA ,19_OcU2ktmq2SxSteOPUkaB4vm8PrDNQr,2021,0,99_REVIEW,156bSZj5fqG0pi7SFNFLriuX0hhLPmtnl,0%,sem sinal,https://drive.google.com/drive/folders/1CIwy23dVyZL5YN8KGOP46_rlcdd_NMdU
111qwaHgsZBJZZDLzxu02NJK2Upq7qhgO,O ANTAGONISTA ,19_OcU2ktmq2SxSteOPUkaB4vm8PrDNQr,2021,0,99_REVIEW,156bSZj5fqG0pi7SFNFLriuX0hhLPmtnl,0%,sem sinal,https://drive.google.com/drive/folders/111qwaHgsZBJZZDLzxu02NJK2Upq7qhgO
1T-QiFEnpJuuqxZ9o3vde48xNWxhP3fuY,FRASES ,1GD2D6_aJ7n0ZApmeCXiGUblaiGn4mWGW,2021,0,99_REVIEW,156bSZj5fqG0pi7SFNFLriuX0hhLPmtnl,0%,sem sinal,https://drive.google.com/drive/folders/1T-QiFEnpJuuqxZ9o3vde48xNWxhP3fuY
1Mzt4r_DpH6iFcaEVEQufvLhekCNGYiy0,O TERRITORIO ,1yCqk92p0x4cL_lm721GK9rOJu4nP7ifW,2021,0,99_REVIEW,156bSZj5fqG0pi7SFNFLriuX0hhLPmtnl,0%,sem sinal,https://drive.google.com/drive/folders/1Mzt4r_DpH6iFcaEVEQufvLhekCNGYiy0
1tfmRCveiWd5Z0VgO4weMNRfyrBkjHXRF,DICAS ,1yCqk92p0x4cL_lm721GK9rOJu4nP7ifW,2021,0,99_REVIEW,156bSZj5fqG0pi7SFNFLriuX0hhLPmtnl,0%,sem sinal,https://drive.google.com/drive/folders/1tfmRCveiWd5Z0VgO4weMNRfyrBkjHXRF
1ky1bEMAGPxQ5LRjkGGtKgRYzPfV3H41X,PESQUISA ,1yCqk92p0x4cL_lm721GK9rOJu4nP7ifW,2021,0,40_KNOWLEDGE,1e5BK2bCjDsqzkl08j6DqFHiXo-y02WJX,100%,score=10.0 conf=100%,https://drive.google.com/drive/folders/1ky1bEMAGPxQ5LRjkGGtKgRYzPfV3H41X
1NZCEQeG4WjKaaZ4ZzH4TqPGOnA1hY-SX,A CORRIDA HIBRIDA ,1yCqk92p0x4cL_lm721GK9rOJu4nP7ifW,2021,0,30_AREAS/Corpo,1sKg_cI7ZnP8Ql6YafIOFyfSs7XEwzqM8,100%,score=20.0 conf=100%,https://drive.google.com/drive/folders/1NZCEQeG4WjKaaZ4ZzH4TqPGOnA1hY-SX
1iOoylEcYa8WFc54EpxvPqAj-Thg-eLdf,LIVROS,1yCqk92p0x4cL_lm721GK9rOJu4nP7ifW,2021,0,99_REVIEW,156bSZj5fqG0pi7SFNFLriuX0hhLPmtnl,0%,sem sinal,https://drive.google.com/drive/folders/1iOoylEcYa8WFc54EpxvPqAj-Thg-eLdf
1wViAk1NRkQQ8k3ou4a4i3TYz4nuSrdbk,PESQUISA ,1Hnya5pbQ-uDZ_xcv44p4j1bo9z7_GrQY,2021,0,40_KNOWLEDGE,1e5BK2bCjDsqzkl08j6DqFHiXo-y02WJX,100%,score=10.0 conf=100%,https://drive.google.com/drive/folders/1wViAk1NRkQQ8k3ou4a4i3TYz4nuSrdbk
1RxmZ3krTEyxbsxO4e3a9VhZB-1tyXuQw,PROJETO SITEMA ,1Hnya5pbQ-uDZ_xcv44p4j1bo9z7_GrQY,2021,0,99_REVIEW,156bSZj5fqG0pi7SFNFLriuX0hhLPmtnl,0%,sem sinal,https://drive.google.com/drive/folders/1RxmZ3krTEyxbsxO4e3a9VhZB-1tyXuQw
1Hnya5pbQ-uDZ_xcv44p4j1bo9z7_GrQY,O SITEMA ,1yszYfhheKtDXzr2IijWtVn1dSgeXDUke,2021,0,40_KNOWLEDGE,1e5BK2bCjDsqzkl08j6DqFHiXo-y02WJX,100%,score=2.0 conf=100%,https://drive.google.com/drive/folders/1Hnya5pbQ-uDZ_xcv44p4j1bo9z7_GrQY
1kOproni7fhvlWZeKOMrnoG0qmIeX5bj9,ESCOLA DOS DEUSES ,1yszYfhheKtDXzr2IijWtVn1dSgeXDUke,2021,0,99_REVIEW,156bSZj5fqG0pi7SFNFLriuX0hhLPmtnl,0%,sem sinal,https://drive.google.com/drive/folders/1kOproni7fhvlWZeKOMrnoG0qmIeX5bj9
1yszYfhheKtDXzr2IijWtVn1dSgeXDUke,A ESCOLA ,1yCqk92p0x4cL_lm721GK9rOJu4nP7ifW,2021,0,40_KNOWLEDGE,1e5BK2bCjDsqzkl08j6DqFHiXo-y02WJX,100%,score=2.0 conf=100%,https://drive.google.com/drive/folders/1yszYfhheKtDXzr2IijWtVn1dSgeXDUke
1wn-RqxUr5fGv_8fSF9kj73sdMFjWL0yM,EBOOKS,1GZAt1lyDm4APAkKgyGEpJeXdXSiMDna9,2021,0,99_REVIEW,156bSZj5fqG0pi7SFNFLriuX0hhLPmtnl,0%,sem sinal,https://drive.google.com/drive/folders/1wn-RqxUr5fGv_8fSF9kj73sdMFjWL0yM
1rOyo10Omv9ayapd4MaKwkCVguklquDKT,IMAGENS ,1GZAt1lyDm4APAkKgyGEpJeXdXSiMDna9,2021,0,99_REVIEW,156bSZj5fqG0pi7SFNFLriuX0hhLPmtnl,0%,sem sinal,https://drive.google.com/drive/folders/1rOyo10Omv9ayapd4MaKwkCVguklquDKT
1GZAt1lyDm4APAkKgyGEpJeXdXSiMDna9,MARKETING ,1CYgTqQkhVhkLlrfGlM2MgGVNUAMZdQW1,2021,0,30_AREAS/Mente,1pggTB9hPdF7f50-Zzt7f74GWW1I4fqp0,100%,score=20.0 conf=100%,https://drive.google.com/drive/folders/1GZAt1lyDm4APAkKgyGEpJeXdXSiMDna9
1njV7lm6TH2j332vVSGvBVZ3jpXKLYC51,IMAGENS ,1CYgTqQkhVhkLlrfGlM2MgGVNUAMZdQW1,2021,0,99_REVIEW,156bSZj5fqG0pi7SFNFLriuX0hhLPmtnl,0%,sem sinal,https://drive.google.com/drive/folders/1njV7lm6TH2j332vVSGvBVZ3jpXKLYC51
1gBCMSVl-TtfeqaEVoni2UFEKLlA9KEV7,GESTAO ,1CYgTqQkhVhkLlrfGlM2MgGVNUAMZdQW1,2021,0,99_REVIEW,156bSZj5fqG0pi7SFNFLriuX0hhLPmtnl,0%,sem sinal,https://drive.google.com/drive/folders/1gBCMSVl-TtfeqaEVoni2UFEKLlA9KEV7
1mmRan1FaSfzLClZ5EzeOFknhkPFyx6mE,ESTRUTURA DA MATRIX,1Ke9ILFJDgoBVxMO08b-PTU4cC0Dbtu-a,2021,0,99_REVIEW,156bSZj5fqG0pi7SFNFLriuX0hhLPmtnl,0%,sem sinal,https://drive.google.com/drive/folders/1mmRan1FaSfzLClZ5EzeOFknhkPFyx6mE
1OkwFzGUA8JQ9HZOo8vhPAQ6IOYC4rECH,POR TRAS DA MATRIX,1Ke9ILFJDgoBVxMO08b-PTU4cC0Dbtu-a,2021,0,99_REVIEW,156bSZj5fqG0pi7SFNFLriuX0hhLPmtnl,0%,sem sinal,https://drive.google.com/drive/folders/1OkwFzGUA8JQ9HZOo8vhPAQ6IOYC4rECH
1VzQJzVgi3ex_oisWi32DvvMpRT0ykh-Y,O PLANO ,1CYgTqQkhVhkLlrfGlM2MgGVNUAMZdQW1,2021,0,99_REVIEW,156bSZj5fqG0pi7SFNFLriuX0hhLPmtnl,0%,sem sinal,https://drive.google.com/drive/folders/1VzQJzVgi3ex_oisWi32DvvMpRT0ykh-Y
1-8UNYuTCY2lpulukMap01nZILDLZomBp,EMPRENDER ,1CYgTqQkhVhkLlrfGlM2MgGVNUAMZdQW1,2021,0,99_REVIEW,156bSZj5fqG0pi7SFNFLriuX0hhLPmtnl,0%,sem sinal,https://drive.google.com/drive/folders/1-8UNYuTCY2lpulukMap01nZILDLZomBp
15CpwF0U-F6H5D0KQOY4-S0jv6-hy5IuZ,O EGO ,1Ke9ILFJDgoBVxMO08b-PTU4cC0Dbtu-a,2021,0,99_REVIEW,156bSZj5fqG0pi7SFNFLriuX0hhLPmtnl,0%,sem sinal,https://drive.google.com/drive/folders/15CpwF0U-F6H5D0KQOY4-S0jv6-hy5IuZ
1DLSrUt15st49FDr4sXGsYu8VKTpSEhnq,ESTRATEGIAS ,1CYgTqQkhVhkLlrfGlM2MgGVNUAMZdQW1,2021,0,99_REVIEW,156bSZj5fqG0pi7SFNFLriuX0hhLPmtnl,0%,sem sinal,https://drive.google.com/drive/folders/1DLSrUt15st49FDr4sXGsYu8VKTpSEhnq
1fhf5HQe6n_YGNAfJQoB7ARm-xbJceGZ4,O MAPA ,1yCqk92p0x4cL_lm721GK9rOJu4nP7ifW,2021,0,60_MEDIA/Videos,1me7AYaMvDth_2oaOUsKAokzQk5kZHDUK,100%,score=2.0 conf=100%,https://drive.google.com/drive/folders/1fhf5HQe6n_YGNAfJQoB7ARm-xbJceGZ4
1oWfoTwQlmnxz2UlQEWoVZdqnrEOo0vsq,FOTOS,1Ke9ILFJDgoBVxMO08b-PTU4cC0Dbtu-a,2021,0,60_MEDIA/Fotos,1XnU-r5_jas_YWvbQnH_-RdcUtXyMT7B0,100%,score=10.0 conf=100%,https://drive.google.com/drive/folders/1oWfoTwQlmnxz2UlQEWoVZdqnrEOo0vsq
1Ke9ILFJDgoBVxMO08b-PTU4cC0Dbtu-a,A MATRIX ,1qQodkbFncc7eifengQtOf3Q1PK2bZ4nE,2021,0,60_MEDIA/Fotos,1XnU-r5_jas_YWvbQnH_-RdcUtXyMT7B0,100%,score=2.0 conf=100%,https://drive.google.com/drive/folders/1Ke9ILFJDgoBVxMO08b-PTU4cC0Dbtu-a
1vZ7g_CScnj5IxjayGjx7wIcUUDaVI38N,IMPORTANTE ,1qQodkbFncc7eifengQtOf3Q1PK2bZ4nE,2021,0,99_REVIEW,156bSZj5fqG0pi7SFNFLriuX0hhLPmtnl,0%,sem sinal,https://drive.google.com/drive/folders/1vZ7g_CScnj5IxjayGjx7wIcUUDaVI38N
15e55VnO9JMDx27rJcT1oJwdEcdgX0s6T,ATUAL ,1wQvfroPerLVeOl-pwyJY8u-_ZtPt_jZj,2021,0,99_REVIEW,156bSZj5fqG0pi7SFNFLriuX0hhLPmtnl,0%,sem sinal,https://drive.google.com/drive/folders/15e55VnO9JMDx27rJcT1oJwdEcdgX0s6T
1Xw0FWs9eyUhxKG2GmFagsLpuHBUnEvWJ,RASCUNHOS ,1wQvfroPerLVeOl-pwyJY8u-_ZtPt_jZj,2021,0,99_REVIEW,156bSZj5fqG0pi7SFNFLriuX0hhLPmtnl,0%,sem sinal,https://drive.google.com/drive/folders/1Xw0FWs9eyUhxKG2GmFagsLpuHBUnEvWJ
15--oc1shLbFs8KXNsAU8X9hNlS6zoLNV,VERSOES ANTIGAS,1wQvfroPerLVeOl-pwyJY8u-_ZtPt_jZj,2021,0,99_REVIEW,156bSZj5fqG0pi7SFNFLriuX0hhLPmtnl,0%,sem sinal,https://drive.google.com/drive/folders/15--oc1shLbFs8KXNsAU8X9hNlS6zoLNV
19_OcU2ktmq2SxSteOPUkaB4vm8PrDNQr,PERSONAGENS ,1yCqk92p0x4cL_lm721GK9rOJu4nP7ifW,2021,0,99_REVIEW,156bSZj5fqG0pi7SFNFLriuX0hhLPmtnl,0%,sem sinal,https://drive.google.com/drive/folders/19_OcU2ktmq2SxSteOPUkaB4vm8PrDNQr
1yCqk92p0x4cL_lm721GK9rOJu4nP7ifW,ROTEIRO ,1qQodkbFncc7eifengQtOf3Q1PK2bZ4nE,2021,0,30_AREAS/Corpo,1sKg_cI7ZnP8Ql6YafIOFyfSs7XEwzqM8,50%,score=4.0 conf=50%,https://drive.google.com/drive/folders/1yCqk92p0x4cL_lm721GK9rOJu4nP7ifW
1B9RPvLFELz7WvrW0M8IvGNIjvMmTbujP,PESQUISA,1qQodkbFncc7eifengQtOf3Q1PK2bZ4nE,2021,0,40_KNOWLEDGE,1e5BK2bCjDsqzkl08j6DqFHiXo-y02WJX,100%,score=10.0 conf=100%,https://drive.google.com/drive/folders/1B9RPvLFELz7WvrW0M8IvGNIjvMmTbujP
1y7No7eo0dBgwS4BxPOrFX8uO6fY83d7a,META HUMANO,1qQodkbFncc7eifengQtOf3Q1PK2bZ4nE,2021,0,99_REVIEW,156bSZj5fqG0pi7SFNFLriuX0hhLPmtnl,0%,sem sinal,https://drive.google.com/drive/folders/1y7No7eo0dBgwS4BxPOrFX8uO6fY83d7a
1CYgTqQkhVhkLlrfGlM2MgGVNUAMZdQW1,O NEGOCIO,1qQodkbFncc7eifengQtOf3Q1PK2bZ4nE,2021,0,30_AREAS/Mente,1pggTB9hPdF7f50-Zzt7f74GWW1I4fqp0,100%,score=24.0 conf=100%,https://drive.google.com/drive/folders/1CYgTqQkhVhkLlrfGlM2MgGVNUAMZdQW1
1qQodkbFncc7eifengQtOf3Q1PK2bZ4nE, PROJETO O LIVRO MT RUN,1q2Shbln4-ZwQgs5rnl2EdHWd5M4jVeEo,2021,0,40_KNOWLEDGE/Livros,1Cqzk_kuLbncNAVwfs97jSfDSgv2mgIoS,72%,score=21.0 conf=72%,https://drive.google.com/drive/folders/1qQodkbFncc7eifengQtOf3Q1PK2bZ4nE
1wQvfroPerLVeOl-pwyJY8u-_ZtPt_jZj,O LIVRO,1qQodkbFncc7eifengQtOf3Q1PK2bZ4nE,2021,0,40_KNOWLEDGE/Livros,1Cqzk_kuLbncNAVwfs97jSfDSgv2mgIoS,100%,score=15.0 conf=100%,https://drive.google.com/drive/folders/1wQvfroPerLVeOl-pwyJY8u-_ZtPt_jZj
1gJGzFWPG8w6NsOUxFV-jgk88HfipETbG,SITE,1CYgTqQkhVhkLlrfGlM2MgGVNUAMZdQW1,2021,0,99_REVIEW,156bSZj5fqG0pi7SFNFLriuX0hhLPmtnl,0%,sem sinal,https://drive.google.com/drive/folders/1gJGzFWPG8w6NsOUxFV-jgk88HfipETbG
1GD2D6_aJ7n0ZApmeCXiGUblaiGn4mWGW,História Milionária,1fhf5HQe6n_YGNAfJQoB7ARm-xbJceGZ4,2021,0,60_MEDIA/Videos,1me7AYaMvDth_2oaOUsKAokzQk5kZHDUK,100%,score=2.0 conf=100%,https://drive.google.com/drive/folders/1GD2D6_aJ7n0ZApmeCXiGUblaiGn4mWGW
1KJAceNse-wrVPkZmBZ97xGUBshwyDBwv,VIDEOS ,1GD2D6_aJ7n0ZApmeCXiGUblaiGn4mWGW,2021,0,60_MEDIA/Videos,1me7AYaMvDth_2oaOUsKAokzQk5kZHDUK,100%,score=10.0 conf=100%,https://drive.google.com/drive/folders/1KJAceNse-wrVPkZmBZ97xGUBshwyDBwv
1anhwfNWBhoQxFG8p8Bo31CukevMj9RAo,MICHAEL TRAINER ,1p-2BYiDbM2A0MmvG4IJRmN_l2LZ0r-Uk,2020,0,90_ARCHIVE,1b2pFAIL6Cgc6e_t-B-GrZFTkTEwB9QFe,0%,pré-2021 sem sinal,https://drive.google.com/drive/folders/1anhwfNWBhoQxFG8p8Bo31CukevMj9RAo
1nPUan2Srdxq23-ebFmsnkCU1v8NBl0Oa,Livro mt run,1okZDlVm1Sex32R8eQqYPIgER77j6MqB3,2020,0,40_KNOWLEDGE/Livros,1Cqzk_kuLbncNAVwfs97jSfDSgv2mgIoS,100%,score=15.0 conf=100%,https://drive.google.com/drive/folders/1nPUan2Srdxq23-ebFmsnkCU1v8NBl0Oa
1PHkJ1OcA5QakekLH7JM8PELCzX1Tq09I,LIVRO MICHAL ,1p-2BYiDbM2A0MmvG4IJRmN_l2LZ0r-Uk,2020,0,40_KNOWLEDGE/Livros,1Cqzk_kuLbncNAVwfs97jSfDSgv2mgIoS,100%,score=15.0 conf=100%,https://drive.google.com/drive/folders/1PHkJ1OcA5QakekLH7JM8PELCzX1Tq09I
1yysUKNYt1AVcp7vWF9D0hk15jrfV1-VE,CINEMA ,1p-2BYiDbM2A0MmvG4IJRmN_l2LZ0r-Uk,2020,0,90_ARCHIVE,1b2pFAIL6Cgc6e_t-B-GrZFTkTEwB9QFe,0%,pré-2021 sem sinal,https://drive.google.com/drive/folders/1yysUKNYt1AVcp7vWF9D0hk15jrfV1-VE
1Lll4GyGx8qP9jrduLL8seMYdFKF9Ek61,CURSO SUPER HEROIS ,1p-2BYiDbM2A0MmvG4IJRmN_l2LZ0r-Uk,2020,0,40_KNOWLEDGE/Cursos,1VM7Dj_10uf6qn-yTE52iXPkVTMJUbyic,100%,score=15.0 conf=100%,https://drive.google.com/drive/folders/1Lll4GyGx8qP9jrduLL8seMYdFKF9Ek61
1p-2BYiDbM2A0MmvG4IJRmN_l2LZ0r-Uk,TRABALHANDO AGORA ,1okZDlVm1Sex32R8eQqYPIgER77j6MqB3,2020,0,90_ARCHIVE,1b2pFAIL6Cgc6e_t-B-GrZFTkTEwB9QFe,50%,pré-2021 + score baixo (3.0),https://drive.google.com/drive/folders/1p-2BYiDbM2A0MmvG4IJRmN_l2LZ0r-Uk
1DXwX5kdIV4-9sawM5GLkP7quT1ybRq9s,INGESS,1YOGtCUVNUdnxCAMS5jsMBIMusts_bKIH,2020,0,90_ARCHIVE,1b2pFAIL6Cgc6e_t-B-GrZFTkTEwB9QFe,0%,pré-2021 sem sinal,https://drive.google.com/drive/folders/1DXwX5kdIV4-9sawM5GLkP7quT1ybRq9s
12b2YboHPlcGFNOnJuinnfDlStYLoEE_F,MR ROBOLT,1YOGtCUVNUdnxCAMS5jsMBIMusts_bKIH,2020,0,90_ARCHIVE,1b2pFAIL6Cgc6e_t-B-GrZFTkTEwB9QFe,0%,pré-2021 sem sinal,https://drive.google.com/drive/folders/12b2YboHPlcGFNOnJuinnfDlStYLoEE_F
15CbHt4QD86C-v3pWrbDdqt6-EhXuplkH,O HOMEM DO CASTELO ALTO ,1YOGtCUVNUdnxCAMS5jsMBIMusts_bKIH,2020,0,90_ARCHIVE,1b2pFAIL6Cgc6e_t-B-GrZFTkTEwB9QFe,0%,pré-2021 sem sinal,https://drive.google.com/drive/folders/15CbHt4QD86C-v3pWrbDdqt6-EhXuplkH
1De83qyDzBxUK_y-ZT1SHySIIza7miCrR,AMERICAN GODS,1YOGtCUVNUdnxCAMS5jsMBIMusts_bKIH,2020,0,90_ARCHIVE,1b2pFAIL6Cgc6e_t-B-GrZFTkTEwB9QFe,0%,pré-2021 sem sinal,https://drive.google.com/drive/folders/1De83qyDzBxUK_y-ZT1SHySIIza7miCrR
1DQiQWZZZRLQAiOak1bWExnHqzgDTTZBb,WARRION NUN ,1YOGtCUVNUdnxCAMS5jsMBIMusts_bKIH,2020,0,90_ARCHIVE,1b2pFAIL6Cgc6e_t-B-GrZFTkTEwB9QFe,0%,pré-2021 sem sinal,https://drive.google.com/drive/folders/1DQiQWZZZRLQAiOak1bWExnHqzgDTTZBb
1ZvEsA5NrHYDrFJm1ofchLX-dOR2FojJp,DIVERSOS,1YOGtCUVNUdnxCAMS5jsMBIMusts_bKIH,2020,0,90_ARCHIVE,1b2pFAIL6Cgc6e_t-B-GrZFTkTEwB9QFe,0%,pré-2021 sem sinal,https://drive.google.com/drive/folders/1ZvEsA5NrHYDrFJm1ofchLX-dOR2FojJp
14JfUQ1agVgHRg_o1ss0sCgsQgdyxvNqB,VOLTRON,1YOGtCUVNUdnxCAMS5jsMBIMusts_bKIH,2020,0,90_ARCHIVE,1b2pFAIL6Cgc6e_t-B-GrZFTkTEwB9QFe,0%,pré-2021 sem sinal,https://drive.google.com/drive/folders/14JfUQ1agVgHRg_o1ss0sCgsQgdyxvNqB
1vbjaNyeEySZ1uFvgArW3nPO5XeYdK9VR,A EXISTENCIA DE DEUS ,1YOGtCUVNUdnxCAMS5jsMBIMusts_bKIH,2020,0,90_ARCHIVE,1b2pFAIL6Cgc6e_t-B-GrZFTkTEwB9QFe,0%,pré-2021 sem sinal,https://drive.google.com/drive/folders/1vbjaNyeEySZ1uFvgArW3nPO5XeYdK9VR
1558U7lOgCSLJ9itdG19pQwrZINXXZSJO,8 SESSATION ,1YOGtCUVNUdnxCAMS5jsMBIMusts_bKIH,2020,0,90_ARCHIVE,1b2pFAIL6Cgc6e_t-B-GrZFTkTEwB9QFe,0%,pré-2021 sem sinal,https://drive.google.com/drive/folders/1558U7lOgCSLJ9itdG19pQwrZINXXZSJO
15vnh2gLMWKYmLiczjblw9r2jhPq5z601,SERIE UNDONE,1YOGtCUVNUdnxCAMS5jsMBIMusts_bKIH,2020,0,90_ARCHIVE,1b2pFAIL6Cgc6e_t-B-GrZFTkTEwB9QFe,0%,pré-2021 sem sinal,https://drive.google.com/drive/folders/15vnh2gLMWKYmLiczjblw9r2jhPq5z601
1YOGtCUVNUdnxCAMS5jsMBIMusts_bKIH,PESQUISA DE FILMES ,1yVzpw0MgoIe9bmxAH7LKQN4XX255WdaN,2020,0,40_KNOWLEDGE,1e5BK2bCjDsqzkl08j6DqFHiXo-y02WJX,100%,score=10.0 conf=100%,https://drive.google.com/drive/folders/1YOGtCUVNUdnxCAMS5jsMBIMusts_bKIH
1N_zZC33mzTaIhtuMiTkIKmItR7_Os7k2,COMO ESCREVER PERSONAGEM ,1UCTmnGY1vxzR4zFlpmzqtU1mlqrd7XnT,2020,0,90_ARCHIVE,1b2pFAIL6Cgc6e_t-B-GrZFTkTEwB9QFe,0%,pré-2021 sem sinal,https://drive.google.com/drive/folders/1N_zZC33mzTaIhtuMiTkIKmItR7_Os7k2
1AUKe6rjIo-lLoMPxb7t8wV05rVivnotB,TRAMA ,1UCTmnGY1vxzR4zFlpmzqtU1mlqrd7XnT,2020,0,90_ARCHIVE,1b2pFAIL6Cgc6e_t-B-GrZFTkTEwB9QFe,0%,pré-2021 sem sinal,https://drive.google.com/drive/folders/1AUKe6rjIo-lLoMPxb7t8wV05rVivnotB
1pfK515S6ZwciYao2fLZJwGAlzKIKqmOd,COMO ESCREVER HISTÓRIAS ,1UCTmnGY1vxzR4zFlpmzqtU1mlqrd7XnT,2020,0,90_ARCHIVE,1b2pFAIL6Cgc6e_t-B-GrZFTkTEwB9QFe,0%,pré-2021 sem sinal,https://drive.google.com/drive/folders/1pfK515S6ZwciYao2fLZJwGAlzKIKqmOd
1oT0aF9xeOf-W7kyjTjt2vaMbbJC2dIZU,MONOMITO ,1UCTmnGY1vxzR4zFlpmzqtU1mlqrd7XnT,2020,0,90_ARCHIVE,1b2pFAIL6Cgc6e_t-B-GrZFTkTEwB9QFe,0%,pré-2021 sem sinal,https://drive.google.com/drive/folders/1oT0aF9xeOf-W7kyjTjt2vaMbbJC2dIZU
1rWkLtlEtJfiZiuBp1Q4QIzL3H7BXy5gJ,DIALOGO ,1UCTmnGY1vxzR4zFlpmzqtU1mlqrd7XnT,2020,0,90_ARCHIVE,1b2pFAIL6Cgc6e_t-B-GrZFTkTEwB9QFe,0%,pré-2021 sem sinal,https://drive.google.com/drive/folders/1rWkLtlEtJfiZiuBp1Q4QIzL3H7BXy5gJ
1UCTmnGY1vxzR4zFlpmzqtU1mlqrd7XnT,COMO ESCREVER HISTORIAS ,1yVzpw0MgoIe9bmxAH7LKQN4XX255WdaN,2020,0,90_ARCHIVE,1b2pFAIL6Cgc6e_t-B-GrZFTkTEwB9QFe,0%,pré-2021 sem sinal,https://drive.google.com/drive/folders/1UCTmnGY1vxzR4zFlpmzqtU1mlqrd7XnT
18urwzd_DfS91jPqWj7ujINTX7cpImm8o,ABERTURAS DE FILMES  ,1yVzpw0MgoIe9bmxAH7LKQN4XX255WdaN,2020,0,90_ARCHIVE,1b2pFAIL6Cgc6e_t-B-GrZFTkTEwB9QFe,0%,pré-2021 sem sinal,https://drive.google.com/drive/folders/18urwzd_DfS91jPqWj7ujINTX7cpImm8o
1yVzpw0MgoIe9bmxAH7LKQN4XX255WdaN,ROTEIRO ,1q2Shbln4-ZwQgs5rnl2EdHWd5M4jVeEo,2020,0,90_ARCHIVE,1b2pFAIL6Cgc6e_t-B-GrZFTkTEwB9QFe,100%,pré-2021 + score baixo (2.0),https://drive.google.com/drive/folders/1yVzpw0MgoIe9bmxAH7LKQN4XX255WdaN
1qfVjp1XBkL51e3XPDBgnG3ujikVTdrxc,Trabalho agora ,1okZDlVm1Sex32R8eQqYPIgER77j6MqB3,2020,0,90_ARCHIVE,1b2pFAIL6Cgc6e_t-B-GrZFTkTEwB9QFe,0%,pré-2021 sem sinal,https://drive.google.com/drive/folders/1qfVjp1XBkL51e3XPDBgnG3ujikVTdrxc
1EZ9W8u83YQ7sMmuO9xO0ufQmb-Y3KRvb,Los minerales y la transmutacion del cuerpo,1y1A7bUtNXtf3oy9vNq0JbNLBIOY5KBoi,2020,0,90_ARCHIVE,1b2pFAIL6Cgc6e_t-B-GrZFTkTEwB9QFe,0%,pré-2021 sem sinal,https://drive.google.com/drive/folders/1EZ9W8u83YQ7sMmuO9xO0ufQmb-Y3KRvb
13dEf0lOuJGXsGBqmR-iauqGn4RRTYDE6,Minerals 2,1y1A7bUtNXtf3oy9vNq0JbNLBIOY5KBoi,2020,0,90_ARCHIVE,1b2pFAIL6Cgc6e_t-B-GrZFTkTEwB9QFe,0%,pré-2021 sem sinal,https://drive.google.com/drive/folders/13dEf0lOuJGXsGBqmR-iauqGn4RRTYDE6
1y1A7bUtNXtf3oy9vNq0JbNLBIOY5KBoi,RAMTHA Los minerales y la transmutacion del cuerpo,10NOOTKxeFXJAHAq7v5890VS-gYgu2xcP,2020,0,90_ARCHIVE,1b2pFAIL6Cgc6e_t-B-GrZFTkTEwB9QFe,0%,pré-2021 sem sinal,https://drive.google.com/drive/folders/1y1A7bUtNXtf3oy9vNq0JbNLBIOY5KBoi
1KPRYW06DEXfTUEnq40q4gEOXJA2k1Y6y,CULTIVANDO LA NEUROGENESIS Y LA NEUROECONOMIA 2,1qgr8L9dBIglXfvWlzMkshZ8j2WpTs2xe,2020,0,90_ARCHIVE,1b2pFAIL6Cgc6e_t-B-GrZFTkTEwB9QFe,0%,pré-2021 sem sinal,https://drive.google.com/drive/folders/1KPRYW06DEXfTUEnq40q4gEOXJA2k1Y6y
19CNVcjGpNkQ8-z5VIj6Rzaag5LeNa3fr,CULTIVANDO LA NEUROGENESIS Y LA NEUROECONOMIA,1qgr8L9dBIglXfvWlzMkshZ8j2WpTs2xe,2020,0,90_ARCHIVE,1b2pFAIL6Cgc6e_t-B-GrZFTkTEwB9QFe,0%,pré-2021 sem sinal,https://drive.google.com/drive/folders/19CNVcjGpNkQ8-z5VIj6Rzaag5LeNa3fr
1qgr8L9dBIglXfvWlzMkshZ8j2WpTs2xe,RAMTHA NEORENESE 1 & 2,10NOOTKxeFXJAHAq7v5890VS-gYgu2xcP,2020,0,90_ARCHIVE,1b2pFAIL6Cgc6e_t-B-GrZFTkTEwB9QFe,0%,pré-2021 sem sinal,https://drive.google.com/drive/folders/1qgr8L9dBIglXfvWlzMkshZ8j2WpTs2xe
1dN0fxcTFqtNDz_Eh75TPLyUI3NPsNRuj,GRAVACAO 2,16qO88V0IF5quFFQwt4iGeIfuCNXbnicm,2020,0,90_ARCHIVE,1b2pFAIL6Cgc6e_t-B-GrZFTkTEwB9QFe,0%,pré-2021 sem sinal,https://drive.google.com/drive/folders/1dN0fxcTFqtNDz_Eh75TPLyUI3NPsNRuj
1mtuCrwm_PkDlfBscfl9ebO1tQMDXMfyV,lidos,19n6grKlrgK2R8_H4p7bhrE4NMRwKcPN-,2020,0,90_ARCHIVE,1b2pFAIL6Cgc6e_t-B-GrZFTkTEwB9QFe,0%,pré-2021 sem sinal,https://drive.google.com/drive/folders/1mtuCrwm_PkDlfBscfl9ebO1tQMDXMfyV
1ZGE-WgTLt7hd5FCfq_9wW0IHxGcz3uCZ,trabalho feito,1PZVdFJUYoaatdLuemLQg7WpNPOhe-tRJ,2020,0,90_ARCHIVE,1b2pFAIL6Cgc6e_t-B-GrZFTkTEwB9QFe,0%,pré-2021 sem sinal,https://drive.google.com/drive/folders/1ZGE-WgTLt7hd5FCfq_9wW0IHxGcz3uCZ
1PZVdFJUYoaatdLuemLQg7WpNPOhe-tRJ,partes monografia,19n6grKlrgK2R8_H4p7bhrE4NMRwKcPN-,2020,0,90_ARCHIVE,1b2pFAIL6Cgc6e_t-B-GrZFTkTEwB9QFe,0%,pré-2021 sem sinal,https://drive.google.com/drive/folders/1PZVdFJUYoaatdLuemLQg7WpNPOhe-tRJ
1Dgxo_1iyEHn6lntHWTr0mLq8pW9Oeku4,trabalhos apresentados 09,17tXIkCYlpjeV7RO7-21MwyfaHbSXLNv0,2020,0,90_ARCHIVE,1b2pFAIL6Cgc6e_t-B-GrZFTkTEwB9QFe,0%,pré-2021 sem sinal,https://drive.google.com/drive/folders/1Dgxo_1iyEHn6lntHWTr0mLq8pW9Oeku4
17tXIkCYlpjeV7RO7-21MwyfaHbSXLNv0,nutrição,1rcng0nzTY9falBYeKLdwOe424xNA3t4T,2020,0,90_ARCHIVE,1b2pFAIL6Cgc6e_t-B-GrZFTkTEwB9QFe,0%,pré-2021 sem sinal,https://drive.google.com/drive/folders/17tXIkCYlpjeV7RO7-21MwyfaHbSXLNv0
1unlBHB8b8G1rVruKXsH_29tCccC3x4GX,CLASICOS ,1KUr0JPVF0TWexxp9K0vkpkg3XGKJZ-1I,2020,0,90_ARCHIVE,1b2pFAIL6Cgc6e_t-B-GrZFTkTEwB9QFe,0%,pré-2021 sem sinal,https://drive.google.com/drive/folders/1unlBHB8b8G1rVruKXsH_29tCccC3x4GX
19HBbS_K4LnCkUDNAlQguonOhOQ5AoYGY,TREINO FUNCINAL ECORRIDA PARA OS 42K ,1Lb5n4amR7JO9B3P-QhIqB54qF1rtVZ62,2020,0,30_AREAS/Corpo,1sKg_cI7ZnP8Ql6YafIOFyfSs7XEwzqM8,100%,score=20.0 conf=100%,https://drive.google.com/drive/folders/19HBbS_K4LnCkUDNAlQguonOhOQ5AoYGY
1EUWKGdoo1KmHfu_vTn0w06ZBE1ageBq_,ALUNOS ,1Lb5n4amR7JO9B3P-QhIqB54qF1rtVZ62,2020,0,90_ARCHIVE,1b2pFAIL6Cgc6e_t-B-GrZFTkTEwB9QFe,0%,pré-2021 sem sinal,https://drive.google.com/drive/folders/1EUWKGdoo1KmHfu_vTn0w06ZBE1ageBq_
1Nh9r8fVA1PgEpN-RH28yg1t4SGVk0ZI6,RAMTHA ORACAO,1KUr0JPVF0TWexxp9K0vkpkg3XGKJZ-1I,2020,0,90_ARCHIVE,1b2pFAIL6Cgc6e_t-B-GrZFTkTEwB9QFe,0%,pré-2021 sem sinal,https://drive.google.com/drive/folders/1Nh9r8fVA1PgEpN-RH28yg1t4SGVk0ZI6
17wwFRIFEmoFjWGSBDd9z2RhS3D_j8hrY,OSMO POKET,1UaJPy6HnweNS1D_Wxn6IrgFF0BKrdTps,2019,0,30_AREAS/Corpo,1sKg_cI7ZnP8Ql6YafIOFyfSs7XEwzqM8,100%,score=8.0 conf=100%,https://drive.google.com/drive/folders/17wwFRIFEmoFjWGSBDd9z2RhS3D_j8hrY
1Lb5n4amR7JO9B3P-QhIqB54qF1rtVZ62,DCIM,17wwFRIFEmoFjWGSBDd9z2RhS3D_j8hrY,2019,0,30_AREAS/Corpo,1sKg_cI7ZnP8Ql6YafIOFyfSs7XEwzqM8,100%,score=4.0 conf=100%,https://drive.google.com/drive/folders/1Lb5n4amR7JO9B3P-QhIqB54qF1rtVZ62
1h8FurNqlXOHtv225a5uuptEs5F7SgrmY,CANVAS ,1UaJPy6HnweNS1D_Wxn6IrgFF0BKrdTps,2019,0,90_ARCHIVE,1b2pFAIL6Cgc6e_t-B-GrZFTkTEwB9QFe,0%,pré-2021 sem sinal,https://drive.google.com/drive/folders/1h8FurNqlXOHtv225a5uuptEs5F7SgrmY
1nJOmG8AG65bvrc2XixDndHkQlBFodDE-,100MEDIA,17wwFRIFEmoFjWGSBDd9z2RhS3D_j8hrY,2019,0,30_AREAS/Corpo,1sKg_cI7ZnP8Ql6YafIOFyfSs7XEwzqM8,100%,score=4.0 conf=100%,https://drive.google.com/drive/folders/1nJOmG8AG65bvrc2XixDndHkQlBFodDE-
16qO88V0IF5quFFQwt4iGeIfuCNXbnicm,GRAVACAO,1KUr0JPVF0TWexxp9K0vkpkg3XGKJZ-1I,2019,0,90_ARCHIVE,1b2pFAIL6Cgc6e_t-B-GrZFTkTEwB9QFe,0%,pré-2021 sem sinal,https://drive.google.com/drive/folders/16qO88V0IF5quFFQwt4iGeIfuCNXbnicm
1RA1bDvuUIiG4BkFSqScou3skFsniOGkI,DIVERSOS ,1Lb5n4amR7JO9B3P-QhIqB54qF1rtVZ62,2019,0,90_ARCHIVE,1b2pFAIL6Cgc6e_t-B-GrZFTkTEwB9QFe,0%,pré-2021 sem sinal,https://drive.google.com/drive/folders/1RA1bDvuUIiG4BkFSqScou3skFsniOGkI
1SHrX0N1MsL8NmIPrU5UkhXaH6kbsnGaw,CORRIDA ,1nJOmG8AG65bvrc2XixDndHkQlBFodDE-,2019,0,30_AREAS/Corpo,1sKg_cI7ZnP8Ql6YafIOFyfSs7XEwzqM8,100%,score=20.0 conf=100%,https://drive.google.com/drive/folders/1SHrX0N1MsL8NmIPrU5UkhXaH6kbsnGaw
1vybRipYOw4ztrISKX9GAy0IaTSvrMmWG,O CAMINHO DO HEROI ,1q2Shbln4-ZwQgs5rnl2EdHWd5M4jVeEo,2019,0,90_ARCHIVE,1b2pFAIL6Cgc6e_t-B-GrZFTkTEwB9QFe,0%,pré-2021 sem sinal,https://drive.google.com/drive/folders/1vybRipYOw4ztrISKX9GAy0IaTSvrMmWG
1jO0fwcutOUQuDTz2ObLb1O1u4Uw1hIK-,O CAMINHO DO HEROI ,1gNCLgIyGJQlXbgKHfRqaMvg3gQ18TAu2,2019,0,90_ARCHIVE,1b2pFAIL6Cgc6e_t-B-GrZFTkTEwB9QFe,0%,pré-2021 sem sinal,https://drive.google.com/drive/folders/1jO0fwcutOUQuDTz2ObLb1O1u4Uw1hIK-
1okZDlVm1Sex32R8eQqYPIgER77j6MqB3,LIVROS MT ,1q2Shbln4-ZwQgs5rnl2EdHWd5M4jVeEo,2018,0,40_KNOWLEDGE/Livros,1Cqzk_kuLbncNAVwfs97jSfDSgv2mgIoS,67%,score=6.0 conf=67%,https://drive.google.com/drive/folders/1okZDlVm1Sex32R8eQqYPIgER77j6MqB3
1JfEn9ipYw2j3aKEPUXPCJPWRGRivtcNl,MT CLUB,1gNCLgIyGJQlXbgKHfRqaMvg3gQ18TAu2,2018,0,90_ARCHIVE,1b2pFAIL6Cgc6e_t-B-GrZFTkTEwB9QFe,0%,pré-2021 sem sinal,https://drive.google.com/drive/folders/1JfEn9ipYw2j3aKEPUXPCJPWRGRivtcNl
12DkCayIHNSmgsC7IrGF8emsz98NGSqs0,Data,1HxV6JsSoBHrNO-limfDLuz4br0LRCxcj,2018,0,90_ARCHIVE,1b2pFAIL6Cgc6e_t-B-GrZFTkTEwB9QFe,0%,pré-2021 sem sinal,https://drive.google.com/drive/folders/12DkCayIHNSmgsC7IrGF8emsz98NGSqs0
1v0D9k14BJ04iY0zQjHbv4x8nHnlkmNsT,Metadata,1HxV6JsSoBHrNO-limfDLuz4br0LRCxcj,2018,0,90_ARCHIVE,1b2pFAIL6Cgc6e_t-B-GrZFTkTEwB9QFe,0%,pré-2021 sem sinal,https://drive.google.com/drive/folders/1v0D9k14BJ04iY0zQjHbv4x8nHnlkmNsT
1ZtNFbVaEbCWjMzWph5GGK9fFExpHhTYX,Softuwere,1nDzP4fb5JjRIJ9InFdYJJ269bf2I2G9n,2018,0,90_ARCHIVE,1b2pFAIL6Cgc6e_t-B-GrZFTkTEwB9QFe,0%,pré-2021 sem sinal,https://drive.google.com/drive/folders/1ZtNFbVaEbCWjMzWph5GGK9fFExpHhTYX
1cMYc6lLXV6D7RsuMmDJiflnbtS8waphe,DEFINICAO MT,1-sMv15YhBZFxjFFpjDpWPxBrw7Caw0ac,2018,0,90_ARCHIVE,1b2pFAIL6Cgc6e_t-B-GrZFTkTEwB9QFe,0%,pré-2021 sem sinal,https://drive.google.com/drive/folders/1cMYc6lLXV6D7RsuMmDJiflnbtS8waphe
1UcSa5r-jhmA8txwnK9fk0qIYvcf0Y08c,PERSONAL HOLISTICO,1sGkC1OvoTNMQcTwSsE_8GhhA6nc-Hxvq,2018,0,90_ARCHIVE,1b2pFAIL6Cgc6e_t-B-GrZFTkTEwB9QFe,0%,pré-2021 sem sinal,https://drive.google.com/drive/folders/1UcSa5r-jhmA8txwnK9fk0qIYvcf0Y08c
1sGkC1OvoTNMQcTwSsE_8GhhA6nc-Hxvq,PESQUISA,1-sMv15YhBZFxjFFpjDpWPxBrw7Caw0ac,2018,0,40_KNOWLEDGE,1e5BK2bCjDsqzkl08j6DqFHiXo-y02WJX,100%,score=10.0 conf=100%,https://drive.google.com/drive/folders/1sGkC1OvoTNMQcTwSsE_8GhhA6nc-Hxvq
1bXszaUpSs8f1wnuL5qQPpdIFmxeUhPIq,PLANEJAMENTO,1-sMv15YhBZFxjFFpjDpWPxBrw7Caw0ac,2018,0,90_ARCHIVE,1b2pFAIL6Cgc6e_t-B-GrZFTkTEwB9QFe,0%,pré-2021 sem sinal,https://drive.google.com/drive/folders/1bXszaUpSs8f1wnuL5qQPpdIFmxeUhPIq
1vvppTdutp3sk4IpgzLQkL8JmSHlXwAbr,2   Método Convencional,1LblxI_2sjLMIu2z_SZeFGmTgXQFhErDu,2018,0,90_ARCHIVE,1b2pFAIL6Cgc6e_t-B-GrZFTkTEwB9QFe,0%,pré-2021 sem sinal,https://drive.google.com/drive/folders/1vvppTdutp3sk4IpgzLQkL8JmSHlXwAbr
1VcTe0AX3q0drYuaQ3xJRCLzTaNnMmKlQ,14 Método Super-Circuito,1LblxI_2sjLMIu2z_SZeFGmTgXQFhErDu,2018,0,90_ARCHIVE,1b2pFAIL6Cgc6e_t-B-GrZFTkTEwB9QFe,0%,pré-2021 sem sinal,https://drive.google.com/drive/folders/1VcTe0AX3q0drYuaQ3xJRCLzTaNnMmKlQ
1t7Vw97gaWFVSgUog3To6iYGxSMVIHs2p,4   Método de Treinamento Parcelado,1LblxI_2sjLMIu2z_SZeFGmTgXQFhErDu,2018,0,90_ARCHIVE,1b2pFAIL6Cgc6e_t-B-GrZFTkTEwB9QFe,0%,pré-2021 sem sinal,https://drive.google.com/drive/folders/1t7Vw97gaWFVSgUog3To6iYGxSMVIHs2p
17ZtL5xt2A1TSjQxJ3skOXMKERL-EJ1ta,20 Método Heavy-Duty,1LblxI_2sjLMIu2z_SZeFGmTgXQFhErDu,2018,0,90_ARCHIVE,1b2pFAIL6Cgc6e_t-B-GrZFTkTEwB9QFe,0%,pré-2021 sem sinal,https://drive.google.com/drive/folders/17ZtL5xt2A1TSjQxJ3skOXMKERL-EJ1ta
1civG7nLdcEoG0ERwb_cXP73MHBYme5ah,11 Método da Série Gigante,1LblxI_2sjLMIu2z_SZeFGmTgXQFhErDu,2018,0,90_ARCHIVE,1b2pFAIL6Cgc6e_t-B-GrZFTkTEwB9QFe,0%,pré-2021 sem sinal,https://drive.google.com/drive/folders/1civG7nLdcEoG0ERwb_cXP73MHBYme5ah
18yf8nQ7l8MyEawy9CRO8-SFB4sbQhyF3,15 Método da Musculação Intervalada,1LblxI_2sjLMIu2z_SZeFGmTgXQFhErDu,2018,0,90_ARCHIVE,1b2pFAIL6Cgc6e_t-B-GrZFTkTEwB9QFe,0%,pré-2021 sem sinal,https://drive.google.com/drive/folders/18yf8nQ7l8MyEawy9CRO8-SFB4sbQhyF3
1mbjt4eMdyd9fYxQgA1rc4oVAA_fjQ9_G,5   Método da Pirâmide,1LblxI_2sjLMIu2z_SZeFGmTgXQFhErDu,2018,0,90_ARCHIVE,1b2pFAIL6Cgc6e_t-B-GrZFTkTEwB9QFe,0%,pré-2021 sem sinal,https://drive.google.com/drive/folders/1mbjt4eMdyd9fYxQgA1rc4oVAA_fjQ9_G
1qEBiW9Itd9e2Unc1BowUZdf_exBAkUzI,18 Método de Repetição Negativa,1LblxI_2sjLMIu2z_SZeFGmTgXQFhErDu,2018,0,90_ARCHIVE,1b2pFAIL6Cgc6e_t-B-GrZFTkTEwB9QFe,0%,pré-2021 sem sinal,https://drive.google.com/drive/folders/1qEBiW9Itd9e2Unc1BowUZdf_exBAkUzI
15bi6lgUdbbJjKLsZ_FiGbE6ulAl54VN-,17 Método Isométrico,1LblxI_2sjLMIu2z_SZeFGmTgXQFhErDu,2018,0,60_MEDIA,1Sg3jseMMEDuMo9Fc_Ffr7hDqHlXzIE-A,100%,score=5.0 conf=100%,https://drive.google.com/drive/folders/15bi6lgUdbbJjKLsZ_FiGbE6ulAl54VN-
11y5hclwlXORD01X1zyvSN9aBq_HTkvWU,13 Método do Circuito,1LblxI_2sjLMIu2z_SZeFGmTgXQFhErDu,2018,0,90_ARCHIVE,1b2pFAIL6Cgc6e_t-B-GrZFTkTEwB9QFe,0%,pré-2021 sem sinal,https://drive.google.com/drive/folders/11y5hclwlXORD01X1zyvSN9aBq_HTkvWU
107Q68Q2czLoySYiKLu9sv18DiTRuJc8F,9   Método do Tri-Set,1LblxI_2sjLMIu2z_SZeFGmTgXQFhErDu,2018,0,90_ARCHIVE,1b2pFAIL6Cgc6e_t-B-GrZFTkTEwB9QFe,0%,pré-2021 sem sinal,https://drive.google.com/drive/folders/107Q68Q2czLoySYiKLu9sv18DiTRuJc8F
1k4aeK9Xue0UNozgcdGZAJ6HNrXRVQgrS,10 Método de Pré-exaustão,1LblxI_2sjLMIu2z_SZeFGmTgXQFhErDu,2018,0,90_ARCHIVE,1b2pFAIL6Cgc6e_t-B-GrZFTkTEwB9QFe,0%,pré-2021 sem sinal,https://drive.google.com/drive/folders/1k4aeK9Xue0UNozgcdGZAJ6HNrXRVQgrS
1u4IiwGixyA1dZycwtNaM5q6su5CKS9OV,8   Método do Super-Set Múltiplo,1LblxI_2sjLMIu2z_SZeFGmTgXQFhErDu,2018,0,90_ARCHIVE,1b2pFAIL6Cgc6e_t-B-GrZFTkTEwB9QFe,0%,pré-2021 sem sinal,https://drive.google.com/drive/folders/1u4IiwGixyA1dZycwtNaM5q6su5CKS9OV
1jb6iLbMFI-xElCFVIfHexmb4WlgO5kf4,19 Método Nautilus,1LblxI_2sjLMIu2z_SZeFGmTgXQFhErDu,2018,0,90_ARCHIVE,1b2pFAIL6Cgc6e_t-B-GrZFTkTEwB9QFe,0%,pré-2021 sem sinal,https://drive.google.com/drive/folders/1jb6iLbMFI-xElCFVIfHexmb4WlgO5kf4
1KNFwyemT5rEg09i3Tx7jrVcrw22V55Bp,3   Método da Progressão Dupla,1LblxI_2sjLMIu2z_SZeFGmTgXQFhErDu,2018,0,90_ARCHIVE,1b2pFAIL6Cgc6e_t-B-GrZFTkTEwB9QFe,0%,pré-2021 sem sinal,https://drive.google.com/drive/folders/1KNFwyemT5rEg09i3Tx7jrVcrw22V55Bp
1bGCo72k8PFM0wZQnndtBBZrsJq2l91HR,7   Método do Super-Set,1LblxI_2sjLMIu2z_SZeFGmTgXQFhErDu,2018,0,90_ARCHIVE,1b2pFAIL6Cgc6e_t-B-GrZFTkTEwB9QFe,0%,pré-2021 sem sinal,https://drive.google.com/drive/folders/1bGCo72k8PFM0wZQnndtBBZrsJq2l91HR
1iM8YuaxJYp1FVkFueXsFp_uhmXWTUv8i,1   Metodo Alternado por seguimento,1LblxI_2sjLMIu2z_SZeFGmTgXQFhErDu,2018,0,90_ARCHIVE,1b2pFAIL6Cgc6e_t-B-GrZFTkTEwB9QFe,0%,pré-2021 sem sinal,https://drive.google.com/drive/folders/1iM8YuaxJYp1FVkFueXsFp_uhmXWTUv8i
11ekdsPdlM4stcXsxK61D8Wi9ysuvMbNu,12 Método P.H.A,1LblxI_2sjLMIu2z_SZeFGmTgXQFhErDu,2018,0,90_ARCHIVE,1b2pFAIL6Cgc6e_t-B-GrZFTkTEwB9QFe,0%,pré-2021 sem sinal,https://drive.google.com/drive/folders/11ekdsPdlM4stcXsxK61D8Wi9ysuvMbNu
1hNnBf3NUodlDaBU6rCmbeKWkwjkN-W6X,6   Método do Set Descendente,1LblxI_2sjLMIu2z_SZeFGmTgXQFhErDu,2018,0,90_ARCHIVE,1b2pFAIL6Cgc6e_t-B-GrZFTkTEwB9QFe,0%,pré-2021 sem sinal,https://drive.google.com/drive/folders/1hNnBf3NUodlDaBU6rCmbeKWkwjkN-W6X
1Vfj4CiuvOpc6XWXI3KXkFu1Q2_S0dKKt,16 Método Pliométrico,1LblxI_2sjLMIu2z_SZeFGmTgXQFhErDu,2018,0,90_ARCHIVE,1b2pFAIL6Cgc6e_t-B-GrZFTkTEwB9QFe,0%,pré-2021 sem sinal,https://drive.google.com/drive/folders/1Vfj4CiuvOpc6XWXI3KXkFu1Q2_S0dKKt
1LblxI_2sjLMIu2z_SZeFGmTgXQFhErDu,Metodos fracionados,1r480VtNAto5heOjR7G63Hp86VU4GemAp,2018,0,90_ARCHIVE,1b2pFAIL6Cgc6e_t-B-GrZFTkTEwB9QFe,100%,pré-2021 + score baixo (1.0),https://drive.google.com/drive/folders/1LblxI_2sjLMIu2z_SZeFGmTgXQFhErDu
1UUiq3IA04bFszQ1fQl_FT36jwrPec25a,Musculação,1r480VtNAto5heOjR7G63Hp86VU4GemAp,2018,0,90_ARCHIVE,1b2pFAIL6Cgc6e_t-B-GrZFTkTEwB9QFe,0%,pré-2021 sem sinal,https://drive.google.com/drive/folders/1UUiq3IA04bFszQ1fQl_FT36jwrPec25a
1StCrh4glNmmtX9jHfRk1RJ8YW-ePGCJr,Artigos,1g-S-Ih-tucMSvgJCuId6Sx-CcpO7T4lF,2018,0,90_ARCHIVE,1b2pFAIL6Cgc6e_t-B-GrZFTkTEwB9QFe,0%,pré-2021 sem sinal,https://drive.google.com/drive/folders/1StCrh4glNmmtX9jHfRk1RJ8YW-ePGCJr
1g-S-Ih-tucMSvgJCuId6Sx-CcpO7T4lF,Musculaçaõ,1r480VtNAto5heOjR7G63Hp86VU4GemAp,2018,0,90_ARCHIVE,1b2pFAIL6Cgc6e_t-B-GrZFTkTEwB9QFe,0%,pré-2021 sem sinal,https://drive.google.com/drive/folders/1g-S-Ih-tucMSvgJCuId6Sx-CcpO7T4lF
1r480VtNAto5heOjR7G63Hp86VU4GemAp,Metodologia Miketranner,1_Ddws8ddyCN3KhVieDijwozmOW3DEvFV,2018,0,90_ARCHIVE,1b2pFAIL6Cgc6e_t-B-GrZFTkTEwB9QFe,100%,pré-2021 + score baixo (1.0),https://drive.google.com/drive/folders/1r480VtNAto5heOjR7G63Hp86VU4GemAp
1Ec5RzRRb2FY4BwXjWPNguprWvEOmVHzc,trabalhos apresentados 09,1Ktna8qjKL2gXuW9hHlWMTjRRYLwokfiU,2018,0,90_ARCHIVE,1b2pFAIL6Cgc6e_t-B-GrZFTkTEwB9QFe,0%,pré-2021 sem sinal,https://drive.google.com/drive/folders/1Ec5RzRRb2FY4BwXjWPNguprWvEOmVHzc
1Ktna8qjKL2gXuW9hHlWMTjRRYLwokfiU,nutrição,1CxUPK-_MLoETkzn212fyetu11rg5JzRX,2018,0,90_ARCHIVE,1b2pFAIL6Cgc6e_t-B-GrZFTkTEwB9QFe,0%,pré-2021 sem sinal,https://drive.google.com/drive/folders/1Ktna8qjKL2gXuW9hHlWMTjRRYLwokfiU
1mplVzUO3FFdTprgS1jAF3tobrCX3V143,lidos,1m4eXFYKART60h42B0L7jbHzoRIAXEE1G,2018,0,90_ARCHIVE,1b2pFAIL6Cgc6e_t-B-GrZFTkTEwB9QFe,0%,pré-2021 sem sinal,https://drive.google.com/drive/folders/1mplVzUO3FFdTprgS1jAF3tobrCX3V143
1WkZT8jK4_DGm6w-wgjmznsGxJuV6AEzu,trabalho feito,1i3YHYqJZrO8KuKRBVx_0lu-iqTygXiQM,2018,0,90_ARCHIVE,1b2pFAIL6Cgc6e_t-B-GrZFTkTEwB9QFe,0%,pré-2021 sem sinal,https://drive.google.com/drive/folders/1WkZT8jK4_DGm6w-wgjmznsGxJuV6AEzu
1i3YHYqJZrO8KuKRBVx_0lu-iqTygXiQM,partes monografia,1m4eXFYKART60h42B0L7jbHzoRIAXEE1G,2018,0,90_ARCHIVE,1b2pFAIL6Cgc6e_t-B-GrZFTkTEwB9QFe,0%,pré-2021 sem sinal,https://drive.google.com/drive/folders/1i3YHYqJZrO8KuKRBVx_0lu-iqTygXiQM
1m4eXFYKART60h42B0L7jbHzoRIAXEE1G,mono,1CxUPK-_MLoETkzn212fyetu11rg5JzRX,2018,0,90_ARCHIVE,1b2pFAIL6Cgc6e_t-B-GrZFTkTEwB9QFe,0%,pré-2021 sem sinal,https://drive.google.com/drive/folders/1m4eXFYKART60h42B0L7jbHzoRIAXEE1G
1CxUPK-_MLoETkzn212fyetu11rg5JzRX,Professor Marcos,1_Ddws8ddyCN3KhVieDijwozmOW3DEvFV,2018,0,90_ARCHIVE,1b2pFAIL6Cgc6e_t-B-GrZFTkTEwB9QFe,0%,pré-2021 sem sinal,https://drive.google.com/drive/folders/1CxUPK-_MLoETkzn212fyetu11rg5JzRX
1tSLztzXQlfIh64Nsku6t9RwhEs9SMZ9-,Cardiopatas,11JYFCZ59WWDR74PqbTBaSOoWdXfiZ8KS,2018,0,90_ARCHIVE,1b2pFAIL6Cgc6e_t-B-GrZFTkTEwB9QFe,0%,pré-2021 sem sinal,https://drive.google.com/drive/folders/1tSLztzXQlfIh64Nsku6t9RwhEs9SMZ9-
169PR6Yp6w074CQrQ1ZBTpg0owvV5CWFz,Treinamento de Força do Bompa,1h05BE_mfA-AXPyFOq_LTcbL3No9C6SYY,2018,0,90_ARCHIVE,1b2pFAIL6Cgc6e_t-B-GrZFTkTEwB9QFe,0%,pré-2021 sem sinal,https://drive.google.com/drive/folders/169PR6Yp6w074CQrQ1ZBTpg0owvV5CWFz
18gMu39VGP2lVPsOMNPFvvSTTePVTuRkx,Biomecanica da Musculação,1h05BE_mfA-AXPyFOq_LTcbL3No9C6SYY,2018,0,90_ARCHIVE,1b2pFAIL6Cgc6e_t-B-GrZFTkTEwB9QFe,0%,pré-2021 sem sinal,https://drive.google.com/drive/folders/18gMu39VGP2lVPsOMNPFvvSTTePVTuRkx
147SqSI_65q91cXMrZ29fKD2jL1By_KUT,Imagens Musc,1h05BE_mfA-AXPyFOq_LTcbL3No9C6SYY,2018,0,90_ARCHIVE,1b2pFAIL6Cgc6e_t-B-GrZFTkTEwB9QFe,0%,pré-2021 sem sinal,https://drive.google.com/drive/folders/147SqSI_65q91cXMrZ29fKD2jL1By_KUT
1DaMi215EfCwr1Bbe6m0mfHPNnBL-7t6V,Guyton,1h05BE_mfA-AXPyFOq_LTcbL3No9C6SYY,2018,0,90_ARCHIVE,1b2pFAIL6Cgc6e_t-B-GrZFTkTEwB9QFe,0%,pré-2021 sem sinal,https://drive.google.com/drive/folders/1DaMi215EfCwr1Bbe6m0mfHPNnBL-7t6V
1VFV4Q5J-HhKCcKsSOzbotzKJXxgrDJJO,Guia dos Movimentos da Musculação,1h05BE_mfA-AXPyFOq_LTcbL3No9C6SYY,2018,0,90_ARCHIVE,1b2pFAIL6Cgc6e_t-B-GrZFTkTEwB9QFe,0%,pré-2021 sem sinal,https://drive.google.com/drive/folders/1VFV4Q5J-HhKCcKsSOzbotzKJXxgrDJJO
1h05BE_mfA-AXPyFOq_LTcbL3No9C6SYY,Musculação,11JYFCZ59WWDR74PqbTBaSOoWdXfiZ8KS,2018,0,90_ARCHIVE,1b2pFAIL6Cgc6e_t-B-GrZFTkTEwB9QFe,0%,pré-2021 sem sinal,https://drive.google.com/drive/folders/1h05BE_mfA-AXPyFOq_LTcbL3No9C6SYY
18f_XaAQUUNbIgDSGBNZ3g6WU5G1LXtFd,Anatomia da Musculação 2007,1h05BE_mfA-AXPyFOq_LTcbL3No9C6SYY,2018,0,90_ARCHIVE,1b2pFAIL6Cgc6e_t-B-GrZFTkTEwB9QFe,0%,pré-2021 sem sinal,https://drive.google.com/drive/folders/18f_XaAQUUNbIgDSGBNZ3g6WU5G1LXtFd
1uHUU85FI9jNMZjtI8VpIUpCMYLH5GtbZ,Postural Ball,11JYFCZ59WWDR74PqbTBaSOoWdXfiZ8KS,2018,0,90_ARCHIVE,1b2pFAIL6Cgc6e_t-B-GrZFTkTEwB9QFe,0%,pré-2021 sem sinal,https://drive.google.com/drive/folders/1uHUU85FI9jNMZjtI8VpIUpCMYLH5GtbZ
11JYFCZ59WWDR74PqbTBaSOoWdXfiZ8KS,Valmir,1_Ddws8ddyCN3KhVieDijwozmOW3DEvFV,2018,0,90_ARCHIVE,1b2pFAIL6Cgc6e_t-B-GrZFTkTEwB9QFe,0%,pré-2021 sem sinal,https://drive.google.com/drive/folders/11JYFCZ59WWDR74PqbTBaSOoWdXfiZ8KS
1_Ddws8ddyCN3KhVieDijwozmOW3DEvFV,METODO,1nDzP4fb5JjRIJ9InFdYJJ269bf2I2G9n,2018,0,90_ARCHIVE,1b2pFAIL6Cgc6e_t-B-GrZFTkTEwB9QFe,100%,pré-2021 + score baixo (1.0),https://drive.google.com/drive/folders/1_Ddws8ddyCN3KhVieDijwozmOW3DEvFV
1nWAmN9lgfe1rY4T6X-QnGX64vEnJtwEK,TEXTO,1VMzo7ZgLSP0nDk4TyiHhheIH511BCbIN,2018,0,90_ARCHIVE,1b2pFAIL6Cgc6e_t-B-GrZFTkTEwB9QFe,0%,pré-2021 sem sinal,https://drive.google.com/drive/folders/1nWAmN9lgfe1rY4T6X-QnGX64vEnJtwEK
1XhxNFs1E9YokLKtyx2xYj1HTDw_UfDSD,MARKETING DIGITAL,1VMzo7ZgLSP0nDk4TyiHhheIH511BCbIN,2018,0,30_AREAS/Mente,1pggTB9hPdF7f50-Zzt7f74GWW1I4fqp0,100%,score=20.0 conf=100%,https://drive.google.com/drive/folders/1XhxNFs1E9YokLKtyx2xYj1HTDw_UfDSD
1VMzo7ZgLSP0nDk4TyiHhheIH511BCbIN,SITE,1nDzP4fb5JjRIJ9InFdYJJ269bf2I2G9n,2018,0,30_AREAS/Mente,1pggTB9hPdF7f50-Zzt7f74GWW1I4fqp0,100%,score=4.0 conf=100%,https://drive.google.com/drive/folders/1VMzo7ZgLSP0nDk4TyiHhheIH511BCbIN
1ynRlAh-zYJw4yUcwiVBsmkG1SEs4G8r9,TEXTO,1nDzP4fb5JjRIJ9InFdYJJ269bf2I2G9n,2018,0,90_ARCHIVE,1b2pFAIL6Cgc6e_t-B-GrZFTkTEwB9QFe,0%,pré-2021 sem sinal,https://drive.google.com/drive/folders/1ynRlAh-zYJw4yUcwiVBsmkG1SEs4G8r9
1pw8ZQayNWkFwNsDLRVFnDp4TxBT31j4l,MARKETING DIGITAL,1S3c8rwgxzqhLCLLAXW4GALlAsS8hvHzc,2018,0,30_AREAS/Mente,1pggTB9hPdF7f50-Zzt7f74GWW1I4fqp0,100%,score=20.0 conf=100%,https://drive.google.com/drive/folders/1pw8ZQayNWkFwNsDLRVFnDp4TxBT31j4l
1ZTaNdcmTw_pk7d14iccBlDn77t6Z3A17,MIDIA SOCIAIS ,1S3c8rwgxzqhLCLLAXW4GALlAsS8hvHzc,2018,0,90_ARCHIVE,1b2pFAIL6Cgc6e_t-B-GrZFTkTEwB9QFe,0%,pré-2021 sem sinal,https://drive.google.com/drive/folders/1ZTaNdcmTw_pk7d14iccBlDn77t6Z3A17
1V9pdiDUbftGgi258ZkZnrHTf4njZ3CBY,Materias,1S3c8rwgxzqhLCLLAXW4GALlAsS8hvHzc,2018,0,90_ARCHIVE,1b2pFAIL6Cgc6e_t-B-GrZFTkTEwB9QFe,0%,pré-2021 sem sinal,https://drive.google.com/drive/folders/1V9pdiDUbftGgi258ZkZnrHTf4njZ3CBY
1h_dh3R8s6miC9QjGUAV1kUZKPxISOzpe,Site,1S3c8rwgxzqhLCLLAXW4GALlAsS8hvHzc,2018,0,90_ARCHIVE,1b2pFAIL6Cgc6e_t-B-GrZFTkTEwB9QFe,0%,pré-2021 sem sinal,https://drive.google.com/drive/folders/1h_dh3R8s6miC9QjGUAV1kUZKPxISOzpe
1-aMmbffl6PaOOnv3D2C3jtN4y39__8nF,Face Bok,1S3c8rwgxzqhLCLLAXW4GALlAsS8hvHzc,2018,0,90_ARCHIVE,1b2pFAIL6Cgc6e_t-B-GrZFTkTEwB9QFe,0%,pré-2021 sem sinal,https://drive.google.com/drive/folders/1-aMmbffl6PaOOnv3D2C3jtN4y39__8nF
1vYsAOCzQUcSjYHXg8fox3JGx9vjA-CQG,Gestao deconteudos,1S3c8rwgxzqhLCLLAXW4GALlAsS8hvHzc,2018,0,90_ARCHIVE,1b2pFAIL6Cgc6e_t-B-GrZFTkTEwB9QFe,0%,pré-2021 sem sinal,https://drive.google.com/drive/folders/1vYsAOCzQUcSjYHXg8fox3JGx9vjA-CQG
1S3c8rwgxzqhLCLLAXW4GALlAsS8hvHzc,PROJETO WEB,1nDzP4fb5JjRIJ9InFdYJJ269bf2I2G9n,2018,0,30_AREAS/Mente,1pggTB9hPdF7f50-Zzt7f74GWW1I4fqp0,100%,score=4.0 conf=100%,https://drive.google.com/drive/folders/1S3c8rwgxzqhLCLLAXW4GALlAsS8hvHzc
1JCQ_m5wuC02YkRyFKvKI_96CD52RdROF,PERSONAL HOLISTICO,1jByh2NNVNroJWWRCC5_gvfq9FskzJK9P,2018,0,90_ARCHIVE,1b2pFAIL6Cgc6e_t-B-GrZFTkTEwB9QFe,0%,pré-2021 sem sinal,https://drive.google.com/drive/folders/1JCQ_m5wuC02YkRyFKvKI_96CD52RdROF
1jByh2NNVNroJWWRCC5_gvfq9FskzJK9P,Triniti,1nDzP4fb5JjRIJ9InFdYJJ269bf2I2G9n,2018,0,90_ARCHIVE,1b2pFAIL6Cgc6e_t-B-GrZFTkTEwB9QFe,0%,pré-2021 sem sinal,https://drive.google.com/drive/folders/1jByh2NNVNroJWWRCC5_gvfq9FskzJK9P
1klHfRvYC-MNEkT4jh4RWgdRn3SLn9E-B,RODRIGO,1nDzP4fb5JjRIJ9InFdYJJ269bf2I2G9n,2018,0,90_ARCHIVE,1b2pFAIL6Cgc6e_t-B-GrZFTkTEwB9QFe,0%,pré-2021 sem sinal,https://drive.google.com/drive/folders/1klHfRvYC-MNEkT4jh4RWgdRn3SLn9E-B
1F669EjAo7mg0TnIghrd4EZjv4e0Bc4eo,Metadata,1bmi3twt0q9qp0sCFQvG1Xd9mCIo06K38,2018,0,90_ARCHIVE,1b2pFAIL6Cgc6e_t-B-GrZFTkTEwB9QFe,0%,pré-2021 sem sinal,https://drive.google.com/drive/folders/1F669EjAo7mg0TnIghrd4EZjv4e0Bc4eo
1NposOzvNyl7tzwx2g9xKB6Heydm9JAhV,Data,1bmi3twt0q9qp0sCFQvG1Xd9mCIo06K38,2018,0,90_ARCHIVE,1b2pFAIL6Cgc6e_t-B-GrZFTkTEwB9QFe,0%,pré-2021 sem sinal,https://drive.google.com/drive/folders/1NposOzvNyl7tzwx2g9xKB6Heydm9JAhV
1cU9eWYbjKJ_1qxKZ5_HfpKxMRpKJadIj,trabalhos apresentados 09,1YC4Lg85CeDSM2X3HfF6FihUnNHm4jYDt,2018,0,90_ARCHIVE,1b2pFAIL6Cgc6e_t-B-GrZFTkTEwB9QFe,0%,pré-2021 sem sinal,https://drive.google.com/drive/folders/1cU9eWYbjKJ_1qxKZ5_HfpKxMRpKJadIj
1YC4Lg85CeDSM2X3HfF6FihUnNHm4jYDt,cópia de nutrição,1lPG58GEAR2r0yRHQq05snpDw9WZo46Af,2018,0,90_ARCHIVE,1b2pFAIL6Cgc6e_t-B-GrZFTkTEwB9QFe,0%,pré-2021 sem sinal,https://drive.google.com/drive/folders/1YC4Lg85CeDSM2X3HfF6FihUnNHm4jYDt
18dl6X05zloeIVpxNMeA7auTt-3vbnBfX,DISC,1lPG58GEAR2r0yRHQq05snpDw9WZo46Af,2018,0,90_ARCHIVE,1b2pFAIL6Cgc6e_t-B-GrZFTkTEwB9QFe,0%,pré-2021 sem sinal,https://drive.google.com/drive/folders/18dl6X05zloeIVpxNMeA7auTt-3vbnBfX
1PNrZksJ_4KsiVcb2HK8E8y1YKgitsyjV,lidos,1GYJlt4UwY6pzcjltNXmcKj773TPPmtGk,2018,0,90_ARCHIVE,1b2pFAIL6Cgc6e_t-B-GrZFTkTEwB9QFe,0%,pré-2021 sem sinal,https://drive.google.com/drive/folders/1PNrZksJ_4KsiVcb2HK8E8y1YKgitsyjV
1VlYRMdoWIOITZbTeBvzC43bKP4LSXbJ5,trabalho feito,1NPFyHHzH99i2XE6eXk3WLIGUJlo1w0NI,2018,0,90_ARCHIVE,1b2pFAIL6Cgc6e_t-B-GrZFTkTEwB9QFe,0%,pré-2021 sem sinal,https://drive.google.com/drive/folders/1VlYRMdoWIOITZbTeBvzC43bKP4LSXbJ5
1NPFyHHzH99i2XE6eXk3WLIGUJlo1w0NI,partes monografia,1GYJlt4UwY6pzcjltNXmcKj773TPPmtGk,2018,0,90_ARCHIVE,1b2pFAIL6Cgc6e_t-B-GrZFTkTEwB9QFe,0%,pré-2021 sem sinal,https://drive.google.com/drive/folders/1NPFyHHzH99i2XE6eXk3WLIGUJlo1w0NI
1GYJlt4UwY6pzcjltNXmcKj773TPPmtGk,cópia de mono,1lPG58GEAR2r0yRHQq05snpDw9WZo46Af,2018,0,90_ARCHIVE,1b2pFAIL6Cgc6e_t-B-GrZFTkTEwB9QFe,0%,pré-2021 sem sinal,https://drive.google.com/drive/folders/1GYJlt4UwY6pzcjltNXmcKj773TPPmtGk
1fc27AHzYpxwqqm_4bHAXEBQdKv0yvEjZ,ALEX ,1lPG58GEAR2r0yRHQq05snpDw9WZo46Af,2018,0,90_ARCHIVE,1b2pFAIL6Cgc6e_t-B-GrZFTkTEwB9QFe,0%,pré-2021 sem sinal,https://drive.google.com/drive/folders/1fc27AHzYpxwqqm_4bHAXEBQdKv0yvEjZ
1lPG58GEAR2r0yRHQq05snpDw9WZo46Af,PROJETO X,1gNCLgIyGJQlXbgKHfRqaMvg3gQ18TAu2,2018,0,90_ARCHIVE,1b2pFAIL6Cgc6e_t-B-GrZFTkTEwB9QFe,0%,pré-2021 sem sinal,https://drive.google.com/drive/folders/1lPG58GEAR2r0yRHQq05snpDw9WZo46Af
1gNCLgIyGJQlXbgKHfRqaMvg3gQ18TAu2,MICHAEL TRAINER,1UaJPy6HnweNS1D_Wxn6IrgFF0BKrdTps,2018,0,30_AREAS/Mente,1pggTB9hPdF7f50-Zzt7f74GWW1I4fqp0,80%,score=32.0 conf=80%,https://drive.google.com/drive/folders/1gNCLgIyGJQlXbgKHfRqaMvg3gQ18TAu2
1EssJkK2D0hG9v_LoH3rQsKgRLWxKT-mP,templates,1nHOcaqPhsriDqEP6vOmmMFWok1KczrQ2,2017,0,90_ARCHIVE,1b2pFAIL6Cgc6e_t-B-GrZFTkTEwB9QFe,0%,pré-2021 sem sinal,https://drive.google.com/drive/folders/1EssJkK2D0hG9v_LoH3rQsKgRLWxKT-mP
1e7jrj3TJRQDHZqBT1R18Nui767epsT3r,Perfil,1v1-85q6t1-U6lTMUu6Fz_efFFD1u_CAk,2017,0,90_ARCHIVE,1b2pFAIL6Cgc6e_t-B-GrZFTkTEwB9QFe,0%,pré-2021 sem sinal,https://drive.google.com/drive/folders/1e7jrj3TJRQDHZqBT1R18Nui767epsT3r
1cK96TTZZl4CN2a1c6LNMWSiTxpAdVub8,Materias,1v1-85q6t1-U6lTMUu6Fz_efFFD1u_CAk,2017,0,90_ARCHIVE,1b2pFAIL6Cgc6e_t-B-GrZFTkTEwB9QFe,0%,pré-2021 sem sinal,https://drive.google.com/drive/folders/1cK96TTZZl4CN2a1c6LNMWSiTxpAdVub8
1mq2W0X7a4c8YDVcoaqabURauhRDNHIv9,Busca,1v1-85q6t1-U6lTMUu6Fz_efFFD1u_CAk,2017,0,90_ARCHIVE,1b2pFAIL6Cgc6e_t-B-GrZFTkTEwB9QFe,0%,pré-2021 sem sinal,https://drive.google.com/drive/folders/1mq2W0X7a4c8YDVcoaqabURauhRDNHIv9
1oPehk5ZmJKKw75UBToHCczv5_7aoqXFl,Home,1v1-85q6t1-U6lTMUu6Fz_efFFD1u_CAk,2017,0,90_ARCHIVE,1b2pFAIL6Cgc6e_t-B-GrZFTkTEwB9QFe,0%,pré-2021 sem sinal,https://drive.google.com/drive/folders/1oPehk5ZmJKKw75UBToHCczv5_7aoqXFl
1Rz38yO7tg63lPs3yJFLqL-6_X4W577Zb,Post,1v1-85q6t1-U6lTMUu6Fz_efFFD1u_CAk,2017,0,50_CREATION,15N8xPKHgfnOww38XZXdmhLYv6VKMiuYY,100%,score=15.0 conf=100%,https://drive.google.com/drive/folders/1Rz38yO7tg63lPs3yJFLqL-6_X4W577Zb
1hk0d2LF6H5wOLlUMLyOsX3rb0f1SziRH,Orkut,1rm8DQ12dkXVEIG7wT1PMC9rezziFQ-l7,2017,0,90_ARCHIVE,1b2pFAIL6Cgc6e_t-B-GrZFTkTEwB9QFe,0%,pré-2021 sem sinal,https://drive.google.com/drive/folders/1hk0d2LF6H5wOLlUMLyOsX3rb0f1SziRH
1_K5hkIEFVy9uAE3jmtMtbhIMUvNo5aeU,Face book,1rm8DQ12dkXVEIG7wT1PMC9rezziFQ-l7,2017,0,40_KNOWLEDGE/Livros,1Cqzk_kuLbncNAVwfs97jSfDSgv2mgIoS,100%,score=15.0 conf=100%,https://drive.google.com/drive/folders/1_K5hkIEFVy9uAE3jmtMtbhIMUvNo5aeU
12Zl9lhM98iwaKc29D2FPddpU5D2UyPVW,Blogs,1rm8DQ12dkXVEIG7wT1PMC9rezziFQ-l7,2017,0,90_ARCHIVE,1b2pFAIL6Cgc6e_t-B-GrZFTkTEwB9QFe,0%,pré-2021 sem sinal,https://drive.google.com/drive/folders/12Zl9lhM98iwaKc29D2FPddpU5D2UyPVW
1aQrbCjb1Why4JFaZjUipu6y2kbKVZKE2,Twitter,1rm8DQ12dkXVEIG7wT1PMC9rezziFQ-l7,2017,0,90_ARCHIVE,1b2pFAIL6Cgc6e_t-B-GrZFTkTEwB9QFe,0%,pré-2021 sem sinal,https://drive.google.com/drive/folders/1aQrbCjb1Why4JFaZjUipu6y2kbKVZKE2
1ARL4EmkTpl3x_cM5YqQBrNqmgp1Ox7lw,Esportes,1Y-pCSe4lv1J8xhFPRb-9ejh3LkZlDb5y,2017,0,90_ARCHIVE,1b2pFAIL6Cgc6e_t-B-GrZFTkTEwB9QFe,0%,pré-2021 sem sinal,https://drive.google.com/drive/folders/1ARL4EmkTpl3x_cM5YqQBrNqmgp1Ox7lw
1-sDy69Rt0qgnF8SAxulYNzmKrU1diHhK,Clinicas e Spas,14Mv6D0zoBNaPlZxcToQZp2wgAdCDlaIq,2017,0,80_PERSONAL/Saude,1DEcur3QyvUzTP1Z47tgJx9aZgN-4EqRO,100%,score=20.0 conf=100%,https://drive.google.com/drive/folders/1-sDy69Rt0qgnF8SAxulYNzmKrU1diHhK
1YriEbrCY1FIMCHIzKmZl9T2X6tf7sfmw,Materias,1lRkZGRAt1uY2Ol6FS4tgiMhRvdRZOSG2,2017,0,90_ARCHIVE,1b2pFAIL6Cgc6e_t-B-GrZFTkTEwB9QFe,0%,pré-2021 sem sinal,https://drive.google.com/drive/folders/1YriEbrCY1FIMCHIzKmZl9T2X6tf7sfmw
1VPMLlmIQ3UqEQwO2Izf-I9gtLdQqaxr_,Post,1lRkZGRAt1uY2Ol6FS4tgiMhRvdRZOSG2,2017,0,50_CREATION,15N8xPKHgfnOww38XZXdmhLYv6VKMiuYY,100%,score=15.0 conf=100%,https://drive.google.com/drive/folders/1VPMLlmIQ3UqEQwO2Izf-I9gtLdQqaxr_
1lRkZGRAt1uY2Ol6FS4tgiMhRvdRZOSG2,Livros,14Mv6D0zoBNaPlZxcToQZp2wgAdCDlaIq,2017,0,90_ARCHIVE,1b2pFAIL6Cgc6e_t-B-GrZFTkTEwB9QFe,100%,pré-2021 + score baixo (3.0),https://drive.google.com/drive/folders/1lRkZGRAt1uY2Ol6FS4tgiMhRvdRZOSG2
1r85gYu63QEpbOhUSALpWiuskXPn1XUsT,Academias,14Mv6D0zoBNaPlZxcToQZp2wgAdCDlaIq,2017,0,90_ARCHIVE,1b2pFAIL6Cgc6e_t-B-GrZFTkTEwB9QFe,0%,pré-2021 sem sinal,https://drive.google.com/drive/folders/1r85gYu63QEpbOhUSALpWiuskXPn1XUsT
1CQNuf6RzhU_-A938tc1T2KGNnxqKw8QO,Tatros,14Mv6D0zoBNaPlZxcToQZp2wgAdCDlaIq,2017,0,90_ARCHIVE,1b2pFAIL6Cgc6e_t-B-GrZFTkTEwB9QFe,0%,pré-2021 sem sinal,https://drive.google.com/drive/folders/1CQNuf6RzhU_-A938tc1T2KGNnxqKw8QO
1Xn0NOd-8uFUtszM4s-cExiSFau4Dd22d,Gurmet,14Mv6D0zoBNaPlZxcToQZp2wgAdCDlaIq,2017,0,90_ARCHIVE,1b2pFAIL6Cgc6e_t-B-GrZFTkTEwB9QFe,0%,pré-2021 sem sinal,https://drive.google.com/drive/folders/1Xn0NOd-8uFUtszM4s-cExiSFau4Dd22d
1XV12wEzzGm4oX8_EBL_wV5NCHkYS9wQX,Post,1o656YUd1CMr6VOdzYZnZIrEsW6B7dURN,2017,0,50_CREATION,15N8xPKHgfnOww38XZXdmhLYv6VKMiuYY,100%,score=15.0 conf=100%,https://drive.google.com/drive/folders/1XV12wEzzGm4oX8_EBL_wV5NCHkYS9wQX
14jdHP8MXSYArCUxBXQle0pkcRl0R0ZLG,CATEGORIA HOME,1o656YUd1CMr6VOdzYZnZIrEsW6B7dURN,2017,0,90_ARCHIVE,1b2pFAIL6Cgc6e_t-B-GrZFTkTEwB9QFe,0%,pré-2021 sem sinal,https://drive.google.com/drive/folders/14jdHP8MXSYArCUxBXQle0pkcRl0R0ZLG
1rSHnZXr-fX3nYjc2ibQgTuyIotgjulkF,CATEGORIAS INTERNA,1o656YUd1CMr6VOdzYZnZIrEsW6B7dURN,2017,0,90_ARCHIVE,1b2pFAIL6Cgc6e_t-B-GrZFTkTEwB9QFe,0%,pré-2021 sem sinal,https://drive.google.com/drive/folders/1rSHnZXr-fX3nYjc2ibQgTuyIotgjulkF
1o656YUd1CMr6VOdzYZnZIrEsW6B7dURN,Lugares,14Mv6D0zoBNaPlZxcToQZp2wgAdCDlaIq,2017,0,90_ARCHIVE,1b2pFAIL6Cgc6e_t-B-GrZFTkTEwB9QFe,100%,pré-2021 + score baixo (3.0),https://drive.google.com/drive/folders/1o656YUd1CMr6VOdzYZnZIrEsW6B7dURN
1C5MhB_QxBoFlw_NrYnDkezeWMd-M8x80,4news,1Y-pCSe4lv1J8xhFPRb-9ejh3LkZlDb5y,2017,0,90_ARCHIVE,1b2pFAIL6Cgc6e_t-B-GrZFTkTEwB9QFe,0%,pré-2021 sem sinal,https://drive.google.com/drive/folders/1C5MhB_QxBoFlw_NrYnDkezeWMd-M8x80
18pQm2zRE_KBqvCeRAzyy42TWGyenkVLq,Videos,1Y-pCSe4lv1J8xhFPRb-9ejh3LkZlDb5y,2017,0,60_MEDIA/Videos,1me7AYaMvDth_2oaOUsKAokzQk5kZHDUK,100%,score=10.0 conf=100%,https://drive.google.com/drive/folders/18pQm2zRE_KBqvCeRAzyy42TWGyenkVLq
12direSzn__xIlSDi85qBxsb3xixVN4oc,Nova pasta,13ZdSQrXHs6IKN3b6zpJjhJzvlHM5V0mN,2017,0,99_REVIEW/SemNome,1PaSeiS18VMWSQ43FEDg-jjx7pHJ40SIy,100%,vazio/genérico,https://drive.google.com/drive/folders/12direSzn__xIlSDi85qBxsb3xixVN4oc
1skKeHrCqJPORvybIHuikiqIaJh2sBPuN,noticias,1olCgWMQXQ0BEEcLmd0TApOMhH5EG0ef4,2017,0,90_ARCHIVE,1b2pFAIL6Cgc6e_t-B-GrZFTkTEwB9QFe,0%,pré-2021 sem sinal,https://drive.google.com/drive/folders/1skKeHrCqJPORvybIHuikiqIaJh2sBPuN
1QHppNkKvzOJWMxu299aZ2x4pjUNON4Ap,Terapias Holisticas,1VlSt60VXuLhnV7C-BQzhR9cKI-mfPDCs,2017,0,90_ARCHIVE,1b2pFAIL6Cgc6e_t-B-GrZFTkTEwB9QFe,0%,pré-2021 sem sinal,https://drive.google.com/drive/folders/1QHppNkKvzOJWMxu299aZ2x4pjUNON4Ap
1cLMgOAupmKaPntBziU6oQsdIZIN2IBpc,Terapias Naturasi,1VlSt60VXuLhnV7C-BQzhR9cKI-mfPDCs,2017,0,90_ARCHIVE,1b2pFAIL6Cgc6e_t-B-GrZFTkTEwB9QFe,0%,pré-2021 sem sinal,https://drive.google.com/drive/folders/1cLMgOAupmKaPntBziU6oQsdIZIN2IBpc
1A2Atz3nQ_ilTcqBVWIlbOuK0rlUDoAbh,pilates,1KW_vIWq_E8lvfviCsKGA-bz2n3y3NBoR,2017,0,90_ARCHIVE,1b2pFAIL6Cgc6e_t-B-GrZFTkTEwB9QFe,0%,pré-2021 sem sinal,https://drive.google.com/drive/folders/1A2Atz3nQ_ilTcqBVWIlbOuK0rlUDoAbh
1tbYSgLryt4rXuTPoKHHfJPtwSyEY3VCU,Ginastica funcional,1KW_vIWq_E8lvfviCsKGA-bz2n3y3NBoR,2017,0,90_ARCHIVE,1b2pFAIL6Cgc6e_t-B-GrZFTkTEwB9QFe,0%,pré-2021 sem sinal,https://drive.google.com/drive/folders/1tbYSgLryt4rXuTPoKHHfJPtwSyEY3VCU
12OGNbpee-4kjaELbPXQwEvYq1_TAHOph,Musculação,1KW_vIWq_E8lvfviCsKGA-bz2n3y3NBoR,2017,0,90_ARCHIVE,1b2pFAIL6Cgc6e_t-B-GrZFTkTEwB9QFe,0%,pré-2021 sem sinal,https://drive.google.com/drive/folders/12OGNbpee-4kjaELbPXQwEvYq1_TAHOph
1mtzXC5O8uhz8wOptX1cOTeqFcYVKsdux,corrida de rua,1iaxwCa7oL2pKoBGmkjcxs7dXN9-IMhuF,2017,0,30_AREAS/Corpo,1sKg_cI7ZnP8Ql6YafIOFyfSs7XEwzqM8,100%,score=20.0 conf=100%,https://drive.google.com/drive/folders/1mtzXC5O8uhz8wOptX1cOTeqFcYVKsdux
19DYi3-wUeiLD5PV2mK2BOK_z2xjkn5UI,Lugares para levar as crianças,10C94VmlrN6163cHSMaiubq75L2JXlzW1,2017,0,90_ARCHIVE,1b2pFAIL6Cgc6e_t-B-GrZFTkTEwB9QFe,0%,pré-2021 sem sinal,https://drive.google.com/drive/folders/19DYi3-wUeiLD5PV2mK2BOK_z2xjkn5UI
1jEtcVssO6zQq8Tb_Yecz9q-7rBJ_z3Gh,para praticar esportes,10C94VmlrN6163cHSMaiubq75L2JXlzW1,2017,0,90_ARCHIVE,1b2pFAIL6Cgc6e_t-B-GrZFTkTEwB9QFe,0%,pré-2021 sem sinal,https://drive.google.com/drive/folders/1jEtcVssO6zQq8Tb_Yecz9q-7rBJ_z3Gh
1hfLnr7ZmJ460-76f0qlvem3waIknAl6G,estilo de vida,1hS0u0tAl-XTXGv0FnhIWwx9kvv12xZn-,2017,0,90_ARCHIVE,1b2pFAIL6Cgc6e_t-B-GrZFTkTEwB9QFe,0%,pré-2021 sem sinal,https://drive.google.com/drive/folders/1hfLnr7ZmJ460-76f0qlvem3waIknAl6G
1cs3yZ8vElAz335L9HD6J4D_mk8oeFCT_,Dicas,1hS0u0tAl-XTXGv0FnhIWwx9kvv12xZn-,2017,0,90_ARCHIVE,1b2pFAIL6Cgc6e_t-B-GrZFTkTEwB9QFe,0%,pré-2021 sem sinal,https://drive.google.com/drive/folders/1cs3yZ8vElAz335L9HD6J4D_mk8oeFCT_
1_C-42yS1aCrUtYYhku_RRyyc6TJXQvDt,wellness,1_miAPLxyuGTME4w6fEhuqtMa5R8XTPZ2,2017,0,90_ARCHIVE,1b2pFAIL6Cgc6e_t-B-GrZFTkTEwB9QFe,0%,pré-2021 sem sinal,https://drive.google.com/drive/folders/1_C-42yS1aCrUtYYhku_RRyyc6TJXQvDt
1ojVxTF5j-ThWXrk8DWTaKgSSDe5h47n2,Qualidadde de vida No trabalho,1_miAPLxyuGTME4w6fEhuqtMa5R8XTPZ2,2017,0,90_ARCHIVE,1b2pFAIL6Cgc6e_t-B-GrZFTkTEwB9QFe,0%,pré-2021 sem sinal,https://drive.google.com/drive/folders/1ojVxTF5j-ThWXrk8DWTaKgSSDe5h47n2
1rviAFLcsWmiJj4DhjovdZbyYg_a3A_c8,ginastica funcional,1_miAPLxyuGTME4w6fEhuqtMa5R8XTPZ2,2017,0,90_ARCHIVE,1b2pFAIL6Cgc6e_t-B-GrZFTkTEwB9QFe,0%,pré-2021 sem sinal,https://drive.google.com/drive/folders/1rviAFLcsWmiJj4DhjovdZbyYg_a3A_c8
1gSf0efel7MmpyIQsNPHekCZA7-Ucezy0,Ginastica,1vx0nOWQSQIgXCgoSXiKV2h-ZiLVZ1lBg,2017,0,90_ARCHIVE,1b2pFAIL6Cgc6e_t-B-GrZFTkTEwB9QFe,0%,pré-2021 sem sinal,https://drive.google.com/drive/folders/1gSf0efel7MmpyIQsNPHekCZA7-Ucezy0
1OPzi5pI6tvEJErdRF6ZIxnzzAdvHG1qe,Dicas,1vx0nOWQSQIgXCgoSXiKV2h-ZiLVZ1lBg,2017,0,90_ARCHIVE,1b2pFAIL6Cgc6e_t-B-GrZFTkTEwB9QFe,0%,pré-2021 sem sinal,https://drive.google.com/drive/folders/1OPzi5pI6tvEJErdRF6ZIxnzzAdvHG1qe
1oxzTea5wnnCBjGRIStDbxP2bmdilAWir,Corrida,1vx0nOWQSQIgXCgoSXiKV2h-ZiLVZ1lBg,2017,0,30_AREAS/Corpo,1sKg_cI7ZnP8Ql6YafIOFyfSs7XEwzqM8,100%,score=20.0 conf=100%,https://drive.google.com/drive/folders/1oxzTea5wnnCBjGRIStDbxP2bmdilAWir
1ISfb2PLug3bEm9SBkEgNHI2UELTN-MLc,Alongamento,1vx0nOWQSQIgXCgoSXiKV2h-ZiLVZ1lBg,2017,0,90_ARCHIVE,1b2pFAIL6Cgc6e_t-B-GrZFTkTEwB9QFe,0%,pré-2021 sem sinal,https://drive.google.com/drive/folders/1ISfb2PLug3bEm9SBkEgNHI2UELTN-MLc
1wJkGoIpW2o-jri_3GXaTC9hdYe2V6RRK,Musculação,1vx0nOWQSQIgXCgoSXiKV2h-ZiLVZ1lBg,2017,0,90_ARCHIVE,1b2pFAIL6Cgc6e_t-B-GrZFTkTEwB9QFe,0%,pré-2021 sem sinal,https://drive.google.com/drive/folders/1wJkGoIpW2o-jri_3GXaTC9hdYe2V6RRK
16StmyFf-RncflYv8Ojg7EQK7Ox-yTzyX,Pilatis,1vx0nOWQSQIgXCgoSXiKV2h-ZiLVZ1lBg,2017,0,90_ARCHIVE,1b2pFAIL6Cgc6e_t-B-GrZFTkTEwB9QFe,0%,pré-2021 sem sinal,https://drive.google.com/drive/folders/16StmyFf-RncflYv8Ojg7EQK7Ox-yTzyX
1vx0nOWQSQIgXCgoSXiKV2h-ZiLVZ1lBg,Atividade Fisica,1PKuBg7ac2NH7USUIJhl_BJQzqtvmPvX3,2017,0,30_AREAS/Corpo,1sKg_cI7ZnP8Ql6YafIOFyfSs7XEwzqM8,100%,score=4.0 conf=100%,https://drive.google.com/drive/folders/1vx0nOWQSQIgXCgoSXiKV2h-ZiLVZ1lBg
16ZRK3C4GhwgJOPggln5zmL6DjcSPPs5I,Saude da Mente,1HYFgaCVVHjF9RtiyS51pXIEEVR51TTmF,2017,0,80_PERSONAL/Saude,1DEcur3QyvUzTP1Z47tgJx9aZgN-4EqRO,100%,score=20.0 conf=100%,https://drive.google.com/drive/folders/16ZRK3C4GhwgJOPggln5zmL6DjcSPPs5I
1ADUYgISUW0joe5uKAZy0_ZkfsA0bBUrs,Saude do Corpo,1HYFgaCVVHjF9RtiyS51pXIEEVR51TTmF,2017,0,80_PERSONAL/Saude,1DEcur3QyvUzTP1Z47tgJx9aZgN-4EqRO,100%,score=20.0 conf=100%,https://drive.google.com/drive/folders/1ADUYgISUW0joe5uKAZy0_ZkfsA0bBUrs
1vSnjlqChJ4rRZdmIczCXEjN9tU5Ytihs,Saude do Homeme,1HYFgaCVVHjF9RtiyS51pXIEEVR51TTmF,2017,0,80_PERSONAL/Saude,1DEcur3QyvUzTP1Z47tgJx9aZgN-4EqRO,100%,score=20.0 conf=100%,https://drive.google.com/drive/folders/1vSnjlqChJ4rRZdmIczCXEjN9tU5Ytihs
10GuMkOCogJC5istLumz3KJ7-Z3_oiAJ2,Saude da Mulher,1HYFgaCVVHjF9RtiyS51pXIEEVR51TTmF,2017,0,80_PERSONAL/Saude,1DEcur3QyvUzTP1Z47tgJx9aZgN-4EqRO,100%,score=20.0 conf=100%,https://drive.google.com/drive/folders/10GuMkOCogJC5istLumz3KJ7-Z3_oiAJ2
1F4krupb9ih7qjBjqfBdSEbs3X9Poi4BO,Saude Bucal,1HYFgaCVVHjF9RtiyS51pXIEEVR51TTmF,2017,0,80_PERSONAL/Saude,1DEcur3QyvUzTP1Z47tgJx9aZgN-4EqRO,100%,score=20.0 conf=100%,https://drive.google.com/drive/folders/1F4krupb9ih7qjBjqfBdSEbs3X9Poi4BO
1HYFgaCVVHjF9RtiyS51pXIEEVR51TTmF,Saude,1PKuBg7ac2NH7USUIJhl_BJQzqtvmPvX3,2017,0,80_PERSONAL/Saude,1DEcur3QyvUzTP1Z47tgJx9aZgN-4EqRO,100%,score=40.0 conf=100%,https://drive.google.com/drive/folders/1HYFgaCVVHjF9RtiyS51pXIEEVR51TTmF
1sHrNPY_6bMEsDWyeFMKDF9FJWJi7Cznm,Shiatsu,1vtXTjrTNSSC1UZzgrDUTaIxTlEeD--pl,2017,0,90_ARCHIVE,1b2pFAIL6Cgc6e_t-B-GrZFTkTEwB9QFe,0%,pré-2021 sem sinal,https://drive.google.com/drive/folders/1sHrNPY_6bMEsDWyeFMKDF9FJWJi7Cznm
1oYyHqBI9kaYU1bSAwII6H2Sy_HHxxvbg,Acumputura,1vtXTjrTNSSC1UZzgrDUTaIxTlEeD--pl,2017,0,90_ARCHIVE,1b2pFAIL6Cgc6e_t-B-GrZFTkTEwB9QFe,0%,pré-2021 sem sinal,https://drive.google.com/drive/folders/1oYyHqBI9kaYU1bSAwII6H2Sy_HHxxvbg
15gnGmvGTmFJT4Yfr_3bsBC99ZTKDpBuk,Massagems,1vtXTjrTNSSC1UZzgrDUTaIxTlEeD--pl,2017,0,90_ARCHIVE,1b2pFAIL6Cgc6e_t-B-GrZFTkTEwB9QFe,0%,pré-2021 sem sinal,https://drive.google.com/drive/folders/15gnGmvGTmFJT4Yfr_3bsBC99ZTKDpBuk
1vtXTjrTNSSC1UZzgrDUTaIxTlEeD--pl,Terapias,1PKuBg7ac2NH7USUIJhl_BJQzqtvmPvX3,2017,0,90_ARCHIVE,1b2pFAIL6Cgc6e_t-B-GrZFTkTEwB9QFe,0%,pré-2021 sem sinal,https://drive.google.com/drive/folders/1vtXTjrTNSSC1UZzgrDUTaIxTlEeD--pl
1_ZKgzg1vO5YSJUY8I9FXpB-dvfHp89-n,Dicas,1SuiCZEbf4_PoaM0KhT_pgDhkU8lDeQg-,2017,0,90_ARCHIVE,1b2pFAIL6Cgc6e_t-B-GrZFTkTEwB9QFe,0%,pré-2021 sem sinal,https://drive.google.com/drive/folders/1_ZKgzg1vO5YSJUY8I9FXpB-dvfHp89-n
1BYLTgHX0dBYe4hZ42qfaBXZwwfBqYW1u,alimentos,1SuiCZEbf4_PoaM0KhT_pgDhkU8lDeQg-,2017,0,90_ARCHIVE,1b2pFAIL6Cgc6e_t-B-GrZFTkTEwB9QFe,0%,pré-2021 sem sinal,https://drive.google.com/drive/folders/1BYLTgHX0dBYe4hZ42qfaBXZwwfBqYW1u
1h1Q-zThBkgxRMqsVAMpfX6UmwxADCJjs,suplementos,1SuiCZEbf4_PoaM0KhT_pgDhkU8lDeQg-,2017,0,90_ARCHIVE,1b2pFAIL6Cgc6e_t-B-GrZFTkTEwB9QFe,0%,pré-2021 sem sinal,https://drive.google.com/drive/folders/1h1Q-zThBkgxRMqsVAMpfX6UmwxADCJjs
1S6eccgJUK7BVo3i3KFMYcrZM7KQ11DWH,tabelas,1SuiCZEbf4_PoaM0KhT_pgDhkU8lDeQg-,2017,0,90_ARCHIVE,1b2pFAIL6Cgc6e_t-B-GrZFTkTEwB9QFe,0%,pré-2021 sem sinal,https://drive.google.com/drive/folders/1S6eccgJUK7BVo3i3KFMYcrZM7KQ11DWH
1SuiCZEbf4_PoaM0KhT_pgDhkU8lDeQg-,Nutrição,1PKuBg7ac2NH7USUIJhl_BJQzqtvmPvX3,2017,0,90_ARCHIVE,1b2pFAIL6Cgc6e_t-B-GrZFTkTEwB9QFe,0%,pré-2021 sem sinal,https://drive.google.com/drive/folders/1SuiCZEbf4_PoaM0KhT_pgDhkU8lDeQg-
1mYjIpv7E5Av4gYJ-CU-xYy0YUW08dXBb,qualidade de vida,1olPvGaY-jDzz6V4lCem5ek6wsl7iUDE5,2017,0,90_ARCHIVE,1b2pFAIL6Cgc6e_t-B-GrZFTkTEwB9QFe,0%,pré-2021 sem sinal,https://drive.google.com/drive/folders/1mYjIpv7E5Av4gYJ-CU-xYy0YUW08dXBb
1olPvGaY-jDzz6V4lCem5ek6wsl7iUDE5,Bem estar,1PKuBg7ac2NH7USUIJhl_BJQzqtvmPvX3,2017,0,90_ARCHIVE,1b2pFAIL6Cgc6e_t-B-GrZFTkTEwB9QFe,0%,pré-2021 sem sinal,https://drive.google.com/drive/folders/1olPvGaY-jDzz6V4lCem5ek6wsl7iUDE5
1lzM00AJVlA8TZ8tzBmEXwobRgEV0Jz3w,Massagems,1EVVYimGO41KQwT_ON_kaKA9KlBXl9pMu,2017,0,90_ARCHIVE,1b2pFAIL6Cgc6e_t-B-GrZFTkTEwB9QFe,0%,pré-2021 sem sinal,https://drive.google.com/drive/folders/1lzM00AJVlA8TZ8tzBmEXwobRgEV0Jz3w
1sjLohHXGHgg-yM7ANKotb5Vbn4boAAfr,Acumputura,1EVVYimGO41KQwT_ON_kaKA9KlBXl9pMu,2017,0,90_ARCHIVE,1b2pFAIL6Cgc6e_t-B-GrZFTkTEwB9QFe,0%,pré-2021 sem sinal,https://drive.google.com/drive/folders/1sjLohHXGHgg-yM7ANKotb5Vbn4boAAfr
1-L3HJ_EC8g-kk0Vzguir9DcaIAbrDyQ8,Shiatsu,1EVVYimGO41KQwT_ON_kaKA9KlBXl9pMu,2017,0,90_ARCHIVE,1b2pFAIL6Cgc6e_t-B-GrZFTkTEwB9QFe,0%,pré-2021 sem sinal,https://drive.google.com/drive/folders/1-L3HJ_EC8g-kk0Vzguir9DcaIAbrDyQ8
1SrSS3L87znBZ3FdGyfghOprjx73bYXbv,Musculação,1qdg3YOBkASsYMkIuPpBoKpugnPuQ_arZ,2017,0,90_ARCHIVE,1b2pFAIL6Cgc6e_t-B-GrZFTkTEwB9QFe,0%,pré-2021 sem sinal,https://drive.google.com/drive/folders/1SrSS3L87znBZ3FdGyfghOprjx73bYXbv
1vr8ErW6_acsJjsznZiSo3wyj6VcV0SS4,Dicas,1qdg3YOBkASsYMkIuPpBoKpugnPuQ_arZ,2017,0,90_ARCHIVE,1b2pFAIL6Cgc6e_t-B-GrZFTkTEwB9QFe,0%,pré-2021 sem sinal,https://drive.google.com/drive/folders/1vr8ErW6_acsJjsznZiSo3wyj6VcV0SS4
1qGs3nBPgFZD0z-2VbSGdM3SfAiMAy5DK,Pilatis,1qdg3YOBkASsYMkIuPpBoKpugnPuQ_arZ,2017,0,90_ARCHIVE,1b2pFAIL6Cgc6e_t-B-GrZFTkTEwB9QFe,0%,pré-2021 sem sinal,https://drive.google.com/drive/folders/1qGs3nBPgFZD0z-2VbSGdM3SfAiMAy5DK
1XQxgVlNjhns05c29wT9gBmi7cRgtmQYB,Alongamento,1qdg3YOBkASsYMkIuPpBoKpugnPuQ_arZ,2017,0,90_ARCHIVE,1b2pFAIL6Cgc6e_t-B-GrZFTkTEwB9QFe,0%,pré-2021 sem sinal,https://drive.google.com/drive/folders/1XQxgVlNjhns05c29wT9gBmi7cRgtmQYB
15THN_ZeGeaXGEhmdSsEpLlZIliEO6CJz,Corrida,1qdg3YOBkASsYMkIuPpBoKpugnPuQ_arZ,2017,0,30_AREAS/Corpo,1sKg_cI7ZnP8Ql6YafIOFyfSs7XEwzqM8,100%,score=20.0 conf=100%,https://drive.google.com/drive/folders/15THN_ZeGeaXGEhmdSsEpLlZIliEO6CJz
1YTua9iOnUz728VzJlywXAy7MbHOzGrR9,Ginastica,1qdg3YOBkASsYMkIuPpBoKpugnPuQ_arZ,2017,0,90_ARCHIVE,1b2pFAIL6Cgc6e_t-B-GrZFTkTEwB9QFe,0%,pré-2021 sem sinal,https://drive.google.com/drive/folders/1YTua9iOnUz728VzJlywXAy7MbHOzGrR9
1uvVTceWU8F41mw16kZyPZUlYPOm4tL-S,tabelas,1SG-pbgPRwlZDc63UlFHRpcCW8HqupcZe,2017,0,90_ARCHIVE,1b2pFAIL6Cgc6e_t-B-GrZFTkTEwB9QFe,0%,pré-2021 sem sinal,https://drive.google.com/drive/folders/1uvVTceWU8F41mw16kZyPZUlYPOm4tL-S
1-RmgjXX1XMdA4H85IUqr7oslewiaxqwU,Dicas,1SG-pbgPRwlZDc63UlFHRpcCW8HqupcZe,2017,0,90_ARCHIVE,1b2pFAIL6Cgc6e_t-B-GrZFTkTEwB9QFe,0%,pré-2021 sem sinal,https://drive.google.com/drive/folders/1-RmgjXX1XMdA4H85IUqr7oslewiaxqwU
1SfygoyqBjeQum4L-2llmII7iQq_bamKa,alimentos,1SG-pbgPRwlZDc63UlFHRpcCW8HqupcZe,2017,0,90_ARCHIVE,1b2pFAIL6Cgc6e_t-B-GrZFTkTEwB9QFe,0%,pré-2021 sem sinal,https://drive.google.com/drive/folders/1SfygoyqBjeQum4L-2llmII7iQq_bamKa
1wVAHSMQuji1FQ5BcKFyWeaKJWgPxQe12,suplementos,1SG-pbgPRwlZDc63UlFHRpcCW8HqupcZe,2017,0,90_ARCHIVE,1b2pFAIL6Cgc6e_t-B-GrZFTkTEwB9QFe,0%,pré-2021 sem sinal,https://drive.google.com/drive/folders/1wVAHSMQuji1FQ5BcKFyWeaKJWgPxQe12
1ezUsCWng1hQLHFNWWSo8zLoBPEFd5psP,qualidade de vida,1xlO_w3HkTbTKM0_VkOmuH4O1LCZ0KFLl,2017,0,90_ARCHIVE,1b2pFAIL6Cgc6e_t-B-GrZFTkTEwB9QFe,0%,pré-2021 sem sinal,https://drive.google.com/drive/folders/1ezUsCWng1hQLHFNWWSo8zLoBPEFd5psP
1HH7PGf55UqD0fLGcYNaCwka4w37lx9-1,Saude do Homeme,1KDTEjJFghSAl3jTZ6MqsZDKeB20_4dGm,2017,0,80_PERSONAL/Saude,1DEcur3QyvUzTP1Z47tgJx9aZgN-4EqRO,100%,score=20.0 conf=100%,https://drive.google.com/drive/folders/1HH7PGf55UqD0fLGcYNaCwka4w37lx9-1
1wqNen4eSz7ROa1LL4FLqOUOjslSVudKh,Saude da Mente,1KDTEjJFghSAl3jTZ6MqsZDKeB20_4dGm,2017,0,80_PERSONAL/Saude,1DEcur3QyvUzTP1Z47tgJx9aZgN-4EqRO,100%,score=20.0 conf=100%,https://drive.google.com/drive/folders/1wqNen4eSz7ROa1LL4FLqOUOjslSVudKh
1cNKjzCrKbVzwHt0fhzp_gQBAY5BOBTLP,Saude Bucal,1KDTEjJFghSAl3jTZ6MqsZDKeB20_4dGm,2017,0,80_PERSONAL/Saude,1DEcur3QyvUzTP1Z47tgJx9aZgN-4EqRO,100%,score=20.0 conf=100%,https://drive.google.com/drive/folders/1cNKjzCrKbVzwHt0fhzp_gQBAY5BOBTLP
1kLnOHbYFQV-B6BcL0Rc8P2T9P_fmQzui,Saude do Corpo,1KDTEjJFghSAl3jTZ6MqsZDKeB20_4dGm,2017,0,80_PERSONAL/Saude,1DEcur3QyvUzTP1Z47tgJx9aZgN-4EqRO,100%,score=20.0 conf=100%,https://drive.google.com/drive/folders/1kLnOHbYFQV-B6BcL0Rc8P2T9P_fmQzui
1bRgF2-i8ANoDNFgwEYRwUrTTwzfVUrCf,Saude da Mulher,1KDTEjJFghSAl3jTZ6MqsZDKeB20_4dGm,2017,0,80_PERSONAL/Saude,1DEcur3QyvUzTP1Z47tgJx9aZgN-4EqRO,100%,score=20.0 conf=100%,https://drive.google.com/drive/folders/1bRgF2-i8ANoDNFgwEYRwUrTTwzfVUrCf
1Sgt_1UOxdkUL19E52MY7fK60xaphE5F_,Site,1ydlrO98ZXuN510Fjbe9NzVRmg-lSD7Vc,2017,0,90_ARCHIVE,1b2pFAIL6Cgc6e_t-B-GrZFTkTEwB9QFe,0%,pré-2021 sem sinal,https://drive.google.com/drive/folders/1Sgt_1UOxdkUL19E52MY7fK60xaphE5F_
1hIIppiz-klmD3ot1j4sEYb2o3ajhVabN,Rede sociais,1ydlrO98ZXuN510Fjbe9NzVRmg-lSD7Vc,2017,0,90_ARCHIVE,1b2pFAIL6Cgc6e_t-B-GrZFTkTEwB9QFe,0%,pré-2021 sem sinal,https://drive.google.com/drive/folders/1hIIppiz-klmD3ot1j4sEYb2o3ajhVabN
1-sMv15YhBZFxjFFpjDpWPxBrw7Caw0ac,PROJETO,1nDzP4fb5JjRIJ9InFdYJJ269bf2I2G9n,2017,0,30_AREAS/Mente,1pggTB9hPdF7f50-Zzt7f74GWW1I4fqp0,67%,score=4.0 conf=67%,https://drive.google.com/drive/folders/1-sMv15YhBZFxjFFpjDpWPxBrw7Caw0ac
1nDzP4fb5JjRIJ9InFdYJJ269bf2I2G9n,PROJETO MICHAEL TRAINER,1gNCLgIyGJQlXbgKHfRqaMvg3gQ18TAu2,2017,0,30_AREAS/Mente,1pggTB9hPdF7f50-Zzt7f74GWW1I4fqp0,80%,score=16.0 conf=80%,https://drive.google.com/drive/folders/1nDzP4fb5JjRIJ9InFdYJJ269bf2I2G9n
1qrw3wGkL1czaMsOlsBNlO7EQfXGa5H67,Atila,1ispD9OHCY_tmJD2KXJ84u-PL8A43xDJo,2017,0,90_ARCHIVE,1b2pFAIL6Cgc6e_t-B-GrZFTkTEwB9QFe,0%,pré-2021 sem sinal,https://drive.google.com/drive/folders/1qrw3wGkL1czaMsOlsBNlO7EQfXGa5H67
15UBBDMkuT-PGlx2eyH_JNU-nsVoMmV0Y,HORARIO,1cXCFvB6-aP9UufgMXczTDC2I_QLiXla7,2017,0,90_ARCHIVE,1b2pFAIL6Cgc6e_t-B-GrZFTkTEwB9QFe,0%,pré-2021 sem sinal,https://drive.google.com/drive/folders/15UBBDMkuT-PGlx2eyH_JNU-nsVoMmV0Y
1cXCFvB6-aP9UufgMXczTDC2I_QLiXla7,Adriano,1ispD9OHCY_tmJD2KXJ84u-PL8A43xDJo,2017,0,90_ARCHIVE,1b2pFAIL6Cgc6e_t-B-GrZFTkTEwB9QFe,0%,pré-2021 sem sinal,https://drive.google.com/drive/folders/1cXCFvB6-aP9UufgMXczTDC2I_QLiXla7
1RRcE_0XWIIVwWMxOyBPUFXKlo_QY9V-J,BRUNO,1ispD9OHCY_tmJD2KXJ84u-PL8A43xDJo,2017,0,90_ARCHIVE,1b2pFAIL6Cgc6e_t-B-GrZFTkTEwB9QFe,0%,pré-2021 sem sinal,https://drive.google.com/drive/folders/1RRcE_0XWIIVwWMxOyBPUFXKlo_QY9V-J
1DcJKy-hXqWAySWuPVH1dy2wDEwZ4Jiig,Carlos,1ispD9OHCY_tmJD2KXJ84u-PL8A43xDJo,2017,0,90_ARCHIVE,1b2pFAIL6Cgc6e_t-B-GrZFTkTEwB9QFe,0%,pré-2021 sem sinal,https://drive.google.com/drive/folders/1DcJKy-hXqWAySWuPVH1dy2wDEwZ4Jiig
1G-ZD-bQ4JWQD3eoveFK0eYjIH-ovecdL,David,1ispD9OHCY_tmJD2KXJ84u-PL8A43xDJo,2017,0,90_ARCHIVE,1b2pFAIL6Cgc6e_t-B-GrZFTkTEwB9QFe,0%,pré-2021 sem sinal,https://drive.google.com/drive/folders/1G-ZD-bQ4JWQD3eoveFK0eYjIH-ovecdL
17iOI1gZ8g9YuAXpRBbpQJupCvpX7jILv,Anatomia da Musculação 2007,1qmf_6ShV2kYIWexEFFegn3uOr1ZpOGPP,2017,0,90_ARCHIVE,1b2pFAIL6Cgc6e_t-B-GrZFTkTEwB9QFe,0%,pré-2021 sem sinal,https://drive.google.com/drive/folders/17iOI1gZ8g9YuAXpRBbpQJupCvpX7jILv
1qmf_6ShV2kYIWexEFFegn3uOr1ZpOGPP,Guia dos Movimentos da Musculação,1-mNu_vFLd76inZUPLg5LtHAxxjmPzpR0,2017,0,90_ARCHIVE,1b2pFAIL6Cgc6e_t-B-GrZFTkTEwB9QFe,0%,pré-2021 sem sinal,https://drive.google.com/drive/folders/1qmf_6ShV2kYIWexEFFegn3uOr1ZpOGPP
1XBZOAWGBf0X236A0JWwHnlSw6Rya3XWF,Guyton,1-mNu_vFLd76inZUPLg5LtHAxxjmPzpR0,2017,0,90_ARCHIVE,1b2pFAIL6Cgc6e_t-B-GrZFTkTEwB9QFe,0%,pré-2021 sem sinal,https://drive.google.com/drive/folders/1XBZOAWGBf0X236A0JWwHnlSw6Rya3XWF
1OuhvjzY0TJmT4jDXMd2Ru1_tcmj-QPEp,Treinamento de Força do Bompa,1-mNu_vFLd76inZUPLg5LtHAxxjmPzpR0,2017,0,90_ARCHIVE,1b2pFAIL6Cgc6e_t-B-GrZFTkTEwB9QFe,0%,pré-2021 sem sinal,https://drive.google.com/drive/folders/1OuhvjzY0TJmT4jDXMd2Ru1_tcmj-QPEp
13E0YTHOIY1b8iQ13dkgthOwOtiFhFzhr,Personal,1-mNu_vFLd76inZUPLg5LtHAxxjmPzpR0,2017,0,90_ARCHIVE,1b2pFAIL6Cgc6e_t-B-GrZFTkTEwB9QFe,0%,pré-2021 sem sinal,https://drive.google.com/drive/folders/13E0YTHOIY1b8iQ13dkgthOwOtiFhFzhr
1-mNu_vFLd76inZUPLg5LtHAxxjmPzpR0,Livros,1-tcoPvGqMDYgwYV3T0NQsg6UgiC3tOe2,2017,0,90_ARCHIVE,1b2pFAIL6Cgc6e_t-B-GrZFTkTEwB9QFe,0%,pré-2021 sem sinal,https://drive.google.com/drive/folders/1-mNu_vFLd76inZUPLg5LtHAxxjmPzpR0
1H3oMyEm1JOmUFkTnNzzy4QoAeRKMvH8V,Biomecanica da Musculação,1-mNu_vFLd76inZUPLg5LtHAxxjmPzpR0,2017,0,90_ARCHIVE,1b2pFAIL6Cgc6e_t-B-GrZFTkTEwB9QFe,0%,pré-2021 sem sinal,https://drive.google.com/drive/folders/1H3oMyEm1JOmUFkTnNzzy4QoAeRKMvH8V
1YQiBViz0zC6F3hZhQytdlh7-q8U-U45K,Load (1996),1QLyy4Y9Awm2W4xADY0cBSXW0RzPGtu4k,2017,0,90_ARCHIVE,1b2pFAIL6Cgc6e_t-B-GrZFTkTEwB9QFe,0%,pré-2021 sem sinal,https://drive.google.com/drive/folders/1YQiBViz0zC6F3hZhQytdlh7-q8U-U45K
1jAYruPGVrmkrAM1waJjiOr5-MLofo9HC,Bianca e Marcelle,1ispD9OHCY_tmJD2KXJ84u-PL8A43xDJo,2017,0,90_ARCHIVE,1b2pFAIL6Cgc6e_t-B-GrZFTkTEwB9QFe,0%,pré-2021 sem sinal,https://drive.google.com/drive/folders/1jAYruPGVrmkrAM1waJjiOr5-MLofo9HC
14KHvcN4OavjFVLSV267FG9880Q-oB3r4,Pagamentos,1ESg94GBDu5H-J0gT1dd0jNmG6AKU5-_x,2017,0,90_ARCHIVE,1b2pFAIL6Cgc6e_t-B-GrZFTkTEwB9QFe,0%,pré-2021 sem sinal,https://drive.google.com/drive/folders/14KHvcN4OavjFVLSV267FG9880Q-oB3r4
1ICladUrDnr9ceGAa8X5PSgh7kMkzWwms,gastos,1ESg94GBDu5H-J0gT1dd0jNmG6AKU5-_x,2017,0,90_ARCHIVE,1b2pFAIL6Cgc6e_t-B-GrZFTkTEwB9QFe,0%,pré-2021 sem sinal,https://drive.google.com/drive/folders/1ICladUrDnr9ceGAa8X5PSgh7kMkzWwms
1RnfHm2rQ6tm4ldiw8cBLdEYJO_4sRrqU,licen_files,1tVIdNBw1evjQjK7h47SdNjf-uKfnS2NZ,2017,0,90_ARCHIVE,1b2pFAIL6Cgc6e_t-B-GrZFTkTEwB9QFe,0%,pré-2021 sem sinal,https://drive.google.com/drive/folders/1RnfHm2rQ6tm4ldiw8cBLdEYJO_4sRrqU
1tVIdNBw1evjQjK7h47SdNjf-uKfnS2NZ,PREFEITURA,1ESg94GBDu5H-J0gT1dd0jNmG6AKU5-_x,2017,0,90_ARCHIVE,1b2pFAIL6Cgc6e_t-B-GrZFTkTEwB9QFe,0%,pré-2021 sem sinal,https://drive.google.com/drive/folders/1tVIdNBw1evjQjK7h47SdNjf-uKfnS2NZ
1IGAJiD0osi339G7FBzDE4Mk0DHrIWEgX,Microsoft Clip Organizer,1tAK4YVMSoc7egXBk00xtW7PxNKkTJDcT,2017,0,90_ARCHIVE,1b2pFAIL6Cgc6e_t-B-GrZFTkTEwB9QFe,0%,pré-2021 sem sinal,https://drive.google.com/drive/folders/1IGAJiD0osi339G7FBzDE4Mk0DHrIWEgX
1ss6VOdiDlPFp9Kxg21-PGrz__YjHETYP,avaliação postural,1tAK4YVMSoc7egXBk00xtW7PxNKkTJDcT,2017,0,90_ARCHIVE,1b2pFAIL6Cgc6e_t-B-GrZFTkTEwB9QFe,0%,pré-2021 sem sinal,https://drive.google.com/drive/folders/1ss6VOdiDlPFp9Kxg21-PGrz__YjHETYP
1ChkweVvU78vXTnvPhqfsZM7V2_6aeazX,VO2 VN,12LZ3uPSJUmmkkxWMhCvtOys0tcERzWYL,2017,0,90_ARCHIVE,1b2pFAIL6Cgc6e_t-B-GrZFTkTEwB9QFe,0%,pré-2021 sem sinal,https://drive.google.com/drive/folders/1ChkweVvU78vXTnvPhqfsZM7V2_6aeazX
12LZ3uPSJUmmkkxWMhCvtOys0tcERzWYL,jbortone,13lMbquG_j52szdWkF849J7pHXrPyUsby,2017,0,90_ARCHIVE,1b2pFAIL6Cgc6e_t-B-GrZFTkTEwB9QFe,0%,pré-2021 sem sinal,https://drive.google.com/drive/folders/12LZ3uPSJUmmkkxWMhCvtOys0tcERzWYL
13lMbquG_j52szdWkF849J7pHXrPyUsby,Downloaded Albums,1tAK4YVMSoc7egXBk00xtW7PxNKkTJDcT,2017,0,90_ARCHIVE,1b2pFAIL6Cgc6e_t-B-GrZFTkTEwB9QFe,0%,pré-2021 sem sinal,https://drive.google.com/drive/folders/13lMbquG_j52szdWkF849J7pHXrPyUsby
1tAK4YVMSoc7egXBk00xtW7PxNKkTJDcT,My Pictures,1XAcS7Uz0AkhcpWGAl57orNvh8PQwKqfy,2017,0,90_ARCHIVE,1b2pFAIL6Cgc6e_t-B-GrZFTkTEwB9QFe,0%,pré-2021 sem sinal,https://drive.google.com/drive/folders/1tAK4YVMSoc7egXBk00xtW7PxNKkTJDcT
1_qTvkNSiIdutQMJZMFuNIkS1h1mTztda,Previous iTunes Libraries,1YHJTlEHPxQukQGSMNnRPSMuHdcEWm0DO,2017,0,90_ARCHIVE,1b2pFAIL6Cgc6e_t-B-GrZFTkTEwB9QFe,0%,pré-2021 sem sinal,https://drive.google.com/drive/folders/1_qTvkNSiIdutQMJZMFuNIkS1h1mTztda
1PWsAvkIkTaKac_iWmSePDNxDhmqpq0y1,12,1cHnKdKKsGwupGU1b0NBSHZxkGYPJpIKu,2017,0,90_ARCHIVE,1b2pFAIL6Cgc6e_t-B-GrZFTkTEwB9QFe,0%,pré-2021 sem sinal,https://drive.google.com/drive/folders/1PWsAvkIkTaKac_iWmSePDNxDhmqpq0y1
1cHnKdKKsGwupGU1b0NBSHZxkGYPJpIKu,01,14Bb2fCguM-HuKbdUIiDsU0G_ssij3cMN,2017,0,90_ARCHIVE,1b2pFAIL6Cgc6e_t-B-GrZFTkTEwB9QFe,0%,pré-2021 sem sinal,https://drive.google.com/drive/folders/1cHnKdKKsGwupGU1b0NBSHZxkGYPJpIKu
1h9VtEZO9sIKIXRT_NmUyo53vJSt3lPK0,02,1JMOAVwON_A8D8BI1rvzd_6-qJoCm-NOx,2017,0,90_ARCHIVE,1b2pFAIL6Cgc6e_t-B-GrZFTkTEwB9QFe,0%,pré-2021 sem sinal,https://drive.google.com/drive/folders/1h9VtEZO9sIKIXRT_NmUyo53vJSt3lPK0
1JMOAVwON_A8D8BI1rvzd_6-qJoCm-NOx,06,14Bb2fCguM-HuKbdUIiDsU0G_ssij3cMN,2017,0,90_ARCHIVE,1b2pFAIL6Cgc6e_t-B-GrZFTkTEwB9QFe,0%,pré-2021 sem sinal,https://drive.google.com/drive/folders/1JMOAVwON_A8D8BI1rvzd_6-qJoCm-NOx
1xonCsGaL_rOZF_urcTHTH7qn4Xt4NNRm,03,1rWMIKDxqi6VYPVE8OMWMVTj0RX_wzJdr,2017,0,90_ARCHIVE,1b2pFAIL6Cgc6e_t-B-GrZFTkTEwB9QFe,0%,pré-2021 sem sinal,https://drive.google.com/drive/folders/1xonCsGaL_rOZF_urcTHTH7qn4Xt4NNRm
1rWMIKDxqi6VYPVE8OMWMVTj0RX_wzJdr,07,14Bb2fCguM-HuKbdUIiDsU0G_ssij3cMN,2017,0,90_ARCHIVE,1b2pFAIL6Cgc6e_t-B-GrZFTkTEwB9QFe,0%,pré-2021 sem sinal,https://drive.google.com/drive/folders/1rWMIKDxqi6VYPVE8OMWMVTj0RX_wzJdr
1ZNfKPiNkAUpKDAV-B_2A0VX_S4mmeerh,00,18hIt06GtiSrjeOokTpH6XukZFTcTvhs-,2017,0,90_ARCHIVE,1b2pFAIL6Cgc6e_t-B-GrZFTkTEwB9QFe,0%,pré-2021 sem sinal,https://drive.google.com/drive/folders/1ZNfKPiNkAUpKDAV-B_2A0VX_S4mmeerh
18hIt06GtiSrjeOokTpH6XukZFTcTvhs-,13,14Bb2fCguM-HuKbdUIiDsU0G_ssij3cMN,2017,0,90_ARCHIVE,1b2pFAIL6Cgc6e_t-B-GrZFTkTEwB9QFe,0%,pré-2021 sem sinal,https://drive.google.com/drive/folders/18hIt06GtiSrjeOokTpH6XukZFTcTvhs-
13YlR7oevkwcOA-9Hgp8bHTE7fIPsgNku,00,1qfxqFRjFW53wXHBclOn79EHxGeZnCyDH,2017,0,90_ARCHIVE,1b2pFAIL6Cgc6e_t-B-GrZFTkTEwB9QFe,0%,pré-2021 sem sinal,https://drive.google.com/drive/folders/13YlR7oevkwcOA-9Hgp8bHTE7fIPsgNku
1qfxqFRjFW53wXHBclOn79EHxGeZnCyDH,00,14Bb2fCguM-HuKbdUIiDsU0G_ssij3cMN,2017,0,90_ARCHIVE,1b2pFAIL6Cgc6e_t-B-GrZFTkTEwB9QFe,0%,pré-2021 sem sinal,https://drive.google.com/drive/folders/1qfxqFRjFW53wXHBclOn79EHxGeZnCyDH
1mkuM_E5btn3_K_TV2cLLKHrJxb6juUlf,08,1Wp-fbbSGt0ZDKxkIImuKAxW_BQSNENf9,2017,0,90_ARCHIVE,1b2pFAIL6Cgc6e_t-B-GrZFTkTEwB9QFe,0%,pré-2021 sem sinal,https://drive.google.com/drive/folders/1mkuM_E5btn3_K_TV2cLLKHrJxb6juUlf
1Wp-fbbSGt0ZDKxkIImuKAxW_BQSNENf9,09,14Bb2fCguM-HuKbdUIiDsU0G_ssij3cMN,2017,0,90_ARCHIVE,1b2pFAIL6Cgc6e_t-B-GrZFTkTEwB9QFe,0%,pré-2021 sem sinal,https://drive.google.com/drive/folders/1Wp-fbbSGt0ZDKxkIImuKAxW_BQSNENf9
14Bb2fCguM-HuKbdUIiDsU0G_ssij3cMN,07,1PNqf9UYaVqaS997VacZbBYoR6C0X2kwr,2017,0,90_ARCHIVE,1b2pFAIL6Cgc6e_t-B-GrZFTkTEwB9QFe,0%,pré-2021 sem sinal,https://drive.google.com/drive/folders/14Bb2fCguM-HuKbdUIiDsU0G_ssij3cMN
1nVpS8t6xROLGejdS4UX7ZcicmbRMAhDi,12,1VU4VUKIJN4-VBZ6rJp1WdN5pgioTz4P-,2017,0,90_ARCHIVE,1b2pFAIL6Cgc6e_t-B-GrZFTkTEwB9QFe,0%,pré-2021 sem sinal,https://drive.google.com/drive/folders/1nVpS8t6xROLGejdS4UX7ZcicmbRMAhDi
1VU4VUKIJN4-VBZ6rJp1WdN5pgioTz4P-,07,1FgoXiMW0dvOk20qPchKJp3d0MmFV4XZn,2017,0,90_ARCHIVE,1b2pFAIL6Cgc6e_t-B-GrZFTkTEwB9QFe,0%,pré-2021 sem sinal,https://drive.google.com/drive/folders/1VU4VUKIJN4-VBZ6rJp1WdN5pgioTz4P-
1Jlaoe8h7LaMOct2G__plKWwQKRFoiHxa,01,1h1yVgCWnalswGY_WAgP63HWZ5bzPez5T,2017,0,90_ARCHIVE,1b2pFAIL6Cgc6e_t-B-GrZFTkTEwB9QFe,0%,pré-2021 sem sinal,https://drive.google.com/drive/folders/1Jlaoe8h7LaMOct2G__plKWwQKRFoiHxa
1gI558vAVrpdUy5YcBGAYA56km_OrM65n,04,1h1yVgCWnalswGY_WAgP63HWZ5bzPez5T,2017,0,90_ARCHIVE,1b2pFAIL6Cgc6e_t-B-GrZFTkTEwB9QFe,0%,pré-2021 sem sinal,https://drive.google.com/drive/folders/1gI558vAVrpdUy5YcBGAYA56km_OrM65n
1h1yVgCWnalswGY_WAgP63HWZ5bzPez5T,01,1FgoXiMW0dvOk20qPchKJp3d0MmFV4XZn,2017,0,90_ARCHIVE,1b2pFAIL6Cgc6e_t-B-GrZFTkTEwB9QFe,0%,pré-2021 sem sinal,https://drive.google.com/drive/folders/1h1yVgCWnalswGY_WAgP63HWZ5bzPez5T
1AFUs9BMX8NE2a9LfAh_UlSNoCq30pBjI,04,1HYXtUVoc2221ZtxeTG4KO0pSuLqU60P-,2017,0,90_ARCHIVE,1b2pFAIL6Cgc6e_t-B-GrZFTkTEwB9QFe,0%,pré-2021 sem sinal,https://drive.google.com/drive/folders/1AFUs9BMX8NE2a9LfAh_UlSNoCq30pBjI
1HYXtUVoc2221ZtxeTG4KO0pSuLqU60P-,11,1FgoXiMW0dvOk20qPchKJp3d0MmFV4XZn,2017,0,90_ARCHIVE,1b2pFAIL6Cgc6e_t-B-GrZFTkTEwB9QFe,0%,pré-2021 sem sinal,https://drive.google.com/drive/folders/1HYXtUVoc2221ZtxeTG4KO0pSuLqU60P-
1FgoXiMW0dvOk20qPchKJp3d0MmFV4XZn,06,1PNqf9UYaVqaS997VacZbBYoR6C0X2kwr,2017,0,90_ARCHIVE,1b2pFAIL6Cgc6e_t-B-GrZFTkTEwB9QFe,0%,pré-2021 sem sinal,https://drive.google.com/drive/folders/1FgoXiMW0dvOk20qPchKJp3d0MmFV4XZn
1wuiMgMJLbyxO_frlHcEBS0sQRxvSDQ6p,05,1Fbb8vXiTCujEbqR_9Vsm94BZdtLEEnyS,2017,0,90_ARCHIVE,1b2pFAIL6Cgc6e_t-B-GrZFTkTEwB9QFe,0%,pré-2021 sem sinal,https://drive.google.com/drive/folders/1wuiMgMJLbyxO_frlHcEBS0sQRxvSDQ6p
1Fbb8vXiTCujEbqR_9Vsm94BZdtLEEnyS,03,1FvYb4Z1SGP5brqJXu8raUSRBeuaFRffy,2017,0,90_ARCHIVE,1b2pFAIL6Cgc6e_t-B-GrZFTkTEwB9QFe,0%,pré-2021 sem sinal,https://drive.google.com/drive/folders/1Fbb8vXiTCujEbqR_9Vsm94BZdtLEEnyS
1xhhcFpUFAWQWl5909yLhM0ZmHea5ufe2,10,1DgIoBr-_HutZGIeNm7iMS_LpkGAieFkF,2017,0,90_ARCHIVE,1b2pFAIL6Cgc6e_t-B-GrZFTkTEwB9QFe,0%,pré-2021 sem sinal,https://drive.google.com/drive/folders/1xhhcFpUFAWQWl5909yLhM0ZmHea5ufe2
1DgIoBr-_HutZGIeNm7iMS_LpkGAieFkF,14,1FvYb4Z1SGP5brqJXu8raUSRBeuaFRffy,2017,0,90_ARCHIVE,1b2pFAIL6Cgc6e_t-B-GrZFTkTEwB9QFe,0%,pré-2021 sem sinal,https://drive.google.com/drive/folders/1DgIoBr-_HutZGIeNm7iMS_LpkGAieFkF
1jRKJGANh6jhruJn_K5RrIN-AEBYanOwm,12,1Mp8AL7ACGBExYeMfuN_SvVaDRL1oiP33,2017,0,90_ARCHIVE,1b2pFAIL6Cgc6e_t-B-GrZFTkTEwB9QFe,0%,pré-2021 sem sinal,https://drive.google.com/drive/folders/1jRKJGANh6jhruJn_K5RrIN-AEBYanOwm
1Mp8AL7ACGBExYeMfuN_SvVaDRL1oiP33,02,1FvYb4Z1SGP5brqJXu8raUSRBeuaFRffy,2017,0,90_ARCHIVE,1b2pFAIL6Cgc6e_t-B-GrZFTkTEwB9QFe,0%,pré-2021 sem sinal,https://drive.google.com/drive/folders/1Mp8AL7ACGBExYeMfuN_SvVaDRL1oiP33
1t0YuZOSIyE4FCB8zM-jssbJBxvRN9Wvc,12,1XpVXE1UIDfGatSLWPjPhINm0crzfU3t5,2017,0,90_ARCHIVE,1b2pFAIL6Cgc6e_t-B-GrZFTkTEwB9QFe,0%,pré-2021 sem sinal,https://drive.google.com/drive/folders/1t0YuZOSIyE4FCB8zM-jssbJBxvRN9Wvc
1XpVXE1UIDfGatSLWPjPhINm0crzfU3t5,12,1FvYb4Z1SGP5brqJXu8raUSRBeuaFRffy,2017,0,90_ARCHIVE,1b2pFAIL6Cgc6e_t-B-GrZFTkTEwB9QFe,0%,pré-2021 sem sinal,https://drive.google.com/drive/folders/1XpVXE1UIDfGatSLWPjPhINm0crzfU3t5
1FvYb4Z1SGP5brqJXu8raUSRBeuaFRffy,08,1PNqf9UYaVqaS997VacZbBYoR6C0X2kwr,2017,0,90_ARCHIVE,1b2pFAIL6Cgc6e_t-B-GrZFTkTEwB9QFe,0%,pré-2021 sem sinal,https://drive.google.com/drive/folders/1FvYb4Z1SGP5brqJXu8raUSRBeuaFRffy
1bJUaiQvx948N_jmITC385P710DIDANTP,03,1RAimh9gJQaDt1BucIvxp7IX3-mlRrCV0,2017,0,90_ARCHIVE,1b2pFAIL6Cgc6e_t-B-GrZFTkTEwB9QFe,0%,pré-2021 sem sinal,https://drive.google.com/drive/folders/1bJUaiQvx948N_jmITC385P710DIDANTP
1GWSTKW7E9meEOFiyRDG9PumDkvibj2pG,09,1RAimh9gJQaDt1BucIvxp7IX3-mlRrCV0,2017,0,90_ARCHIVE,1b2pFAIL6Cgc6e_t-B-GrZFTkTEwB9QFe,0%,pré-2021 sem sinal,https://drive.google.com/drive/folders/1GWSTKW7E9meEOFiyRDG9PumDkvibj2pG
1RAimh9gJQaDt1BucIvxp7IX3-mlRrCV0,04,1uUSUbmiWQX5E80FmZEOvXpVuJ7DRvell,2017,0,90_ARCHIVE,1b2pFAIL6Cgc6e_t-B-GrZFTkTEwB9QFe,0%,pré-2021 sem sinal,https://drive.google.com/drive/folders/1RAimh9gJQaDt1BucIvxp7IX3-mlRrCV0
11XieM3AW20pjHmIdzAI7VN8-L_AK30zk,00,1bqb7v7uy8ipD4kZF5AGFTnixaiwLEAU4,2017,0,90_ARCHIVE,1b2pFAIL6Cgc6e_t-B-GrZFTkTEwB9QFe,0%,pré-2021 sem sinal,https://drive.google.com/drive/folders/11XieM3AW20pjHmIdzAI7VN8-L_AK30zk
1bqb7v7uy8ipD4kZF5AGFTnixaiwLEAU4,13,1uUSUbmiWQX5E80FmZEOvXpVuJ7DRvell,2017,0,90_ARCHIVE,1b2pFAIL6Cgc6e_t-B-GrZFTkTEwB9QFe,0%,pré-2021 sem sinal,https://drive.google.com/drive/folders/1bqb7v7uy8ipD4kZF5AGFTnixaiwLEAU4
1uUSUbmiWQX5E80FmZEOvXpVuJ7DRvell,13,1PNqf9UYaVqaS997VacZbBYoR6C0X2kwr,2017,0,90_ARCHIVE,1b2pFAIL6Cgc6e_t-B-GrZFTkTEwB9QFe,0%,pré-2021 sem sinal,https://drive.google.com/drive/folders/1uUSUbmiWQX5E80FmZEOvXpVuJ7DRvell
1Mzj1utmizpJIvz_COuj58lv3lj20TNv7,04,1hbg3FjUbRcWRBInRg5h0lpJ7UK1d4-T_,2017,0,90_ARCHIVE,1b2pFAIL6Cgc6e_t-B-GrZFTkTEwB9QFe,0%,pré-2021 sem sinal,https://drive.google.com/drive/folders/1Mzj1utmizpJIvz_COuj58lv3lj20TNv7
1hbg3FjUbRcWRBInRg5h0lpJ7UK1d4-T_,02,1T2xKofVPsdyA7HWfjD2W9E4WnxBnjTry,2017,0,90_ARCHIVE,1b2pFAIL6Cgc6e_t-B-GrZFTkTEwB9QFe,0%,pré-2021 sem sinal,https://drive.google.com/drive/folders/1hbg3FjUbRcWRBInRg5h0lpJ7UK1d4-T_
1fYUAIF_SGPnxXElI6DkKbr75QY9F4rRA,11,1wJxuN2yhhJQNnKzZGv7BSTuRqiQ1eWa5,2017,0,90_ARCHIVE,1b2pFAIL6Cgc6e_t-B-GrZFTkTEwB9QFe,0%,pré-2021 sem sinal,https://drive.google.com/drive/folders/1fYUAIF_SGPnxXElI6DkKbr75QY9F4rRA
1wJxuN2yhhJQNnKzZGv7BSTuRqiQ1eWa5,03,1T2xKofVPsdyA7HWfjD2W9E4WnxBnjTry,2017,0,90_ARCHIVE,1b2pFAIL6Cgc6e_t-B-GrZFTkTEwB9QFe,0%,pré-2021 sem sinal,https://drive.google.com/drive/folders/1wJxuN2yhhJQNnKzZGv7BSTuRqiQ1eWa5
1pWbYnaLY5P3xC3dVWJKvZNGVQW7BMujo,04,1H7fUjzSU4R71YcCpu8WDIaDKZEjN6Je6,2017,0,90_ARCHIVE,1b2pFAIL6Cgc6e_t-B-GrZFTkTEwB9QFe,0%,pré-2021 sem sinal,https://drive.google.com/drive/folders/1pWbYnaLY5P3xC3dVWJKvZNGVQW7BMujo
1H7fUjzSU4R71YcCpu8WDIaDKZEjN6Je6,09,1T2xKofVPsdyA7HWfjD2W9E4WnxBnjTry,2017,0,90_ARCHIVE,1b2pFAIL6Cgc6e_t-B-GrZFTkTEwB9QFe,0%,pré-2021 sem sinal,https://drive.google.com/drive/folders/1H7fUjzSU4R71YcCpu8WDIaDKZEjN6Je6
1iPgwhpFnjlhIirYVQY69C7kUAxdhvkHX,10,1u8fY0LiJBWVmZ3iNy5G5iuR-mvzFwPHI,2017,0,90_ARCHIVE,1b2pFAIL6Cgc6e_t-B-GrZFTkTEwB9QFe,0%,pré-2021 sem sinal,https://drive.google.com/drive/folders/1iPgwhpFnjlhIirYVQY69C7kUAxdhvkHX
1C-WEMcScTWK0MGJLlqd0vcAjpUD12bPz,14,1u8fY0LiJBWVmZ3iNy5G5iuR-mvzFwPHI,2017,0,90_ARCHIVE,1b2pFAIL6Cgc6e_t-B-GrZFTkTEwB9QFe,0%,pré-2021 sem sinal,https://drive.google.com/drive/folders/1C-WEMcScTWK0MGJLlqd0vcAjpUD12bPz
1u8fY0LiJBWVmZ3iNy5G5iuR-mvzFwPHI,14,1T2xKofVPsdyA7HWfjD2W9E4WnxBnjTry,2017,0,90_ARCHIVE,1b2pFAIL6Cgc6e_t-B-GrZFTkTEwB9QFe,0%,pré-2021 sem sinal,https://drive.google.com/drive/folders/1u8fY0LiJBWVmZ3iNy5G5iuR-mvzFwPHI
1T2xKofVPsdyA7HWfjD2W9E4WnxBnjTry,03,1PNqf9UYaVqaS997VacZbBYoR6C0X2kwr,2017,0,90_ARCHIVE,1b2pFAIL6Cgc6e_t-B-GrZFTkTEwB9QFe,0%,pré-2021 sem sinal,https://drive.google.com/drive/folders/1T2xKofVPsdyA7HWfjD2W9E4WnxBnjTry
1ba_5eohoPePRzodGElcqRfoAphRh2ecn,11,1ajXpthXXhG-2LTtEkWiTsCI09fbz-dQL,2017,0,90_ARCHIVE,1b2pFAIL6Cgc6e_t-B-GrZFTkTEwB9QFe,0%,pré-2021 sem sinal,https://drive.google.com/drive/folders/1ba_5eohoPePRzodGElcqRfoAphRh2ecn
1ajXpthXXhG-2LTtEkWiTsCI09fbz-dQL,05,1TYHAn0GFG1cMr_rATRMPRZ35Efl8eBmL,2017,0,90_ARCHIVE,1b2pFAIL6Cgc6e_t-B-GrZFTkTEwB9QFe,0%,pré-2021 sem sinal,https://drive.google.com/drive/folders/1ajXpthXXhG-2LTtEkWiTsCI09fbz-dQL
1g6Bety5E5e44lTWf3RHt-L5Igus_LlnK,05,1IHVIHuOUk2goxBQfL2w5Qef1T1_RdBJo,2017,0,90_ARCHIVE,1b2pFAIL6Cgc6e_t-B-GrZFTkTEwB9QFe,0%,pré-2021 sem sinal,https://drive.google.com/drive/folders/1g6Bety5E5e44lTWf3RHt-L5Igus_LlnK
1IHVIHuOUk2goxBQfL2w5Qef1T1_RdBJo,13,1TYHAn0GFG1cMr_rATRMPRZ35Efl8eBmL,2017,0,90_ARCHIVE,1b2pFAIL6Cgc6e_t-B-GrZFTkTEwB9QFe,0%,pré-2021 sem sinal,https://drive.google.com/drive/folders/1IHVIHuOUk2goxBQfL2w5Qef1T1_RdBJo
1S-9ABnJYhUQGxiLkyCW6MKHtGOjnakvU,12,1fAd8oiAbDK6o1AURswbWtCFVZ7zBSlQh,2017,0,90_ARCHIVE,1b2pFAIL6Cgc6e_t-B-GrZFTkTEwB9QFe,0%,pré-2021 sem sinal,https://drive.google.com/drive/folders/1S-9ABnJYhUQGxiLkyCW6MKHtGOjnakvU
1fAd8oiAbDK6o1AURswbWtCFVZ7zBSlQh,09,1TYHAn0GFG1cMr_rATRMPRZ35Efl8eBmL,2017,0,90_ARCHIVE,1b2pFAIL6Cgc6e_t-B-GrZFTkTEwB9QFe,0%,pré-2021 sem sinal,https://drive.google.com/drive/folders/1fAd8oiAbDK6o1AURswbWtCFVZ7zBSlQh
1opm9PtjGxj2R6Czkf7HLlbWdW8bFIqxu,15,1Kbxs4_PY6urWKK0Ych87K6EPGcvsfmry,2017,0,90_ARCHIVE,1b2pFAIL6Cgc6e_t-B-GrZFTkTEwB9QFe,0%,pré-2021 sem sinal,https://drive.google.com/drive/folders/1opm9PtjGxj2R6Czkf7HLlbWdW8bFIqxu
1Kbxs4_PY6urWKK0Ych87K6EPGcvsfmry,10,1TYHAn0GFG1cMr_rATRMPRZ35Efl8eBmL,2017,0,90_ARCHIVE,1b2pFAIL6Cgc6e_t-B-GrZFTkTEwB9QFe,0%,pré-2021 sem sinal,https://drive.google.com/drive/folders/1Kbxs4_PY6urWKK0Ych87K6EPGcvsfmry
1T7MeuZfOq1kNzvqaoeQ5JDdAUVje476J,11,1R0mqJouxuk3whHDJYtJA_hVjeWXp1Rdz,2017,0,90_ARCHIVE,1b2pFAIL6Cgc6e_t-B-GrZFTkTEwB9QFe,0%,pré-2021 sem sinal,https://drive.google.com/drive/folders/1T7MeuZfOq1kNzvqaoeQ5JDdAUVje476J
1R0mqJouxuk3whHDJYtJA_hVjeWXp1Rdz,00,1TYHAn0GFG1cMr_rATRMPRZ35Efl8eBmL,2017,0,90_ARCHIVE,1b2pFAIL6Cgc6e_t-B-GrZFTkTEwB9QFe,0%,pré-2021 sem sinal,https://drive.google.com/drive/folders/1R0mqJouxuk3whHDJYtJA_hVjeWXp1Rdz
1qQFDSiNp_fvvZzgHzA1Al9UlReeajeYz,00,10ISq_MoEAVfJDsfXBysINfws_J27PU1f,2017,0,90_ARCHIVE,1b2pFAIL6Cgc6e_t-B-GrZFTkTEwB9QFe,0%,pré-2021 sem sinal,https://drive.google.com/drive/folders/1qQFDSiNp_fvvZzgHzA1Al9UlReeajeYz
1TYHAn0GFG1cMr_rATRMPRZ35Efl8eBmL,04,1PNqf9UYaVqaS997VacZbBYoR6C0X2kwr,2017,0,90_ARCHIVE,1b2pFAIL6Cgc6e_t-B-GrZFTkTEwB9QFe,0%,pré-2021 sem sinal,https://drive.google.com/drive/folders/1TYHAn0GFG1cMr_rATRMPRZ35Efl8eBmL
1R63jBa3RyEFXxKKFn1RV2Sllq9p9Ijh4,05,10ISq_MoEAVfJDsfXBysINfws_J27PU1f,2017,0,90_ARCHIVE,1b2pFAIL6Cgc6e_t-B-GrZFTkTEwB9QFe,0%,pré-2021 sem sinal,https://drive.google.com/drive/folders/1R63jBa3RyEFXxKKFn1RV2Sllq9p9Ijh4
10ISq_MoEAVfJDsfXBysINfws_J27PU1f,14,1YIPBDf1kX74jVqLpPqx41SnEHtWy_aWv,2017,0,90_ARCHIVE,1b2pFAIL6Cgc6e_t-B-GrZFTkTEwB9QFe,0%,pré-2021 sem sinal,https://drive.google.com/drive/folders/10ISq_MoEAVfJDsfXBysINfws_J27PU1f
1spEZwx9bUzSxpPbRIEj5VD-DSWWF3HGK,12,1oMmfpdYiqf-BgJcuIsK4ULxG0g400ZGr,2017,0,90_ARCHIVE,1b2pFAIL6Cgc6e_t-B-GrZFTkTEwB9QFe,0%,pré-2021 sem sinal,https://drive.google.com/drive/folders/1spEZwx9bUzSxpPbRIEj5VD-DSWWF3HGK
1oMmfpdYiqf-BgJcuIsK4ULxG0g400ZGr,02,1YIPBDf1kX74jVqLpPqx41SnEHtWy_aWv,2017,0,90_ARCHIVE,1b2pFAIL6Cgc6e_t-B-GrZFTkTEwB9QFe,0%,pré-2021 sem sinal,https://drive.google.com/drive/folders/1oMmfpdYiqf-BgJcuIsK4ULxG0g400ZGr
1Jysv-RqwgvIE48ael3R3Q_h-RtM_zrql,12,1VWuZTdM8sHKTmBo6CBbJW_P9xWHsvYSe,2017,0,90_ARCHIVE,1b2pFAIL6Cgc6e_t-B-GrZFTkTEwB9QFe,0%,pré-2021 sem sinal,https://drive.google.com/drive/folders/1Jysv-RqwgvIE48ael3R3Q_h-RtM_zrql
1VWuZTdM8sHKTmBo6CBbJW_P9xWHsvYSe,08,1YIPBDf1kX74jVqLpPqx41SnEHtWy_aWv,2017,0,90_ARCHIVE,1b2pFAIL6Cgc6e_t-B-GrZFTkTEwB9QFe,0%,pré-2021 sem sinal,https://drive.google.com/drive/folders/1VWuZTdM8sHKTmBo6CBbJW_P9xWHsvYSe
1yGdsvj-cS281vNQjqX9qdTvbY_5SSLX1,05,10Cs0f_yak_d_mc-5U2pVFusLsDkfiWMg,2017,0,90_ARCHIVE,1b2pFAIL6Cgc6e_t-B-GrZFTkTEwB9QFe,0%,pré-2021 sem sinal,https://drive.google.com/drive/folders/1yGdsvj-cS281vNQjqX9qdTvbY_5SSLX1
10Cs0f_yak_d_mc-5U2pVFusLsDkfiWMg,12,1YIPBDf1kX74jVqLpPqx41SnEHtWy_aWv,2017,0,90_ARCHIVE,1b2pFAIL6Cgc6e_t-B-GrZFTkTEwB9QFe,0%,pré-2021 sem sinal,https://drive.google.com/drive/folders/10Cs0f_yak_d_mc-5U2pVFusLsDkfiWMg
1YIPBDf1kX74jVqLpPqx41SnEHtWy_aWv,15,1PNqf9UYaVqaS997VacZbBYoR6C0X2kwr,2017,0,90_ARCHIVE,1b2pFAIL6Cgc6e_t-B-GrZFTkTEwB9QFe,0%,pré-2021 sem sinal,https://drive.google.com/drive/folders/1YIPBDf1kX74jVqLpPqx41SnEHtWy_aWv
1m31N8hmCnFiDBJTptM8S0G1oQ8EgJkUs,12,109shy-igadCXFquFqKbzb1PZ6PibHRwv,2017,0,90_ARCHIVE,1b2pFAIL6Cgc6e_t-B-GrZFTkTEwB9QFe,0%,pré-2021 sem sinal,https://drive.google.com/drive/folders/1m31N8hmCnFiDBJTptM8S0G1oQ8EgJkUs
109shy-igadCXFquFqKbzb1PZ6PibHRwv,01,1wstHzuotKCPGJBTsm0Cxt7Es1WHkX65w,2017,0,90_ARCHIVE,1b2pFAIL6Cgc6e_t-B-GrZFTkTEwB9QFe,0%,pré-2021 sem sinal,https://drive.google.com/drive/folders/109shy-igadCXFquFqKbzb1PZ6PibHRwv
1dBBtS1LvusV_VRTIRystGB7bx5dAXOro,03,10sf5B94EwWJITbj5EPylzU8Uj5m9xy9c,2017,0,90_ARCHIVE,1b2pFAIL6Cgc6e_t-B-GrZFTkTEwB9QFe,0%,pré-2021 sem sinal,https://drive.google.com/drive/folders/1dBBtS1LvusV_VRTIRystGB7bx5dAXOro
10sf5B94EwWJITbj5EPylzU8Uj5m9xy9c,08,1wstHzuotKCPGJBTsm0Cxt7Es1WHkX65w,2017,0,90_ARCHIVE,1b2pFAIL6Cgc6e_t-B-GrZFTkTEwB9QFe,0%,pré-2021 sem sinal,https://drive.google.com/drive/folders/10sf5B94EwWJITbj5EPylzU8Uj5m9xy9c
1-bjTOYx5IGGYNWyE8owVjVOeaD3AaxOe,10,1km2tJwtofIFnS0RquTH0Zgh6CDMDlgOY,2017,0,90_ARCHIVE,1b2pFAIL6Cgc6e_t-B-GrZFTkTEwB9QFe,0%,pré-2021 sem sinal,https://drive.google.com/drive/folders/1-bjTOYx5IGGYNWyE8owVjVOeaD3AaxOe
1km2tJwtofIFnS0RquTH0Zgh6CDMDlgOY,07,1wstHzuotKCPGJBTsm0Cxt7Es1WHkX65w,2017,0,90_ARCHIVE,1b2pFAIL6Cgc6e_t-B-GrZFTkTEwB9QFe,0%,pré-2021 sem sinal,https://drive.google.com/drive/folders/1km2tJwtofIFnS0RquTH0Zgh6CDMDlgOY
1wstHzuotKCPGJBTsm0Cxt7Es1WHkX65w,11,1PNqf9UYaVqaS997VacZbBYoR6C0X2kwr,2017,0,90_ARCHIVE,1b2pFAIL6Cgc6e_t-B-GrZFTkTEwB9QFe,0%,pré-2021 sem sinal,https://drive.google.com/drive/folders/1wstHzuotKCPGJBTsm0Cxt7Es1WHkX65w
1nJjSWuKxL8HGrTouHvhg3Il836i8DdxJ,06,1gib53ZXjjQOnaDSDMkou9tHj02XnvteK,2017,0,90_ARCHIVE,1b2pFAIL6Cgc6e_t-B-GrZFTkTEwB9QFe,0%,pré-2021 sem sinal,https://drive.google.com/drive/folders/1nJjSWuKxL8HGrTouHvhg3Il836i8DdxJ
1gib53ZXjjQOnaDSDMkou9tHj02XnvteK,09,1_nE7JCSneHFWKOJ6LSCdzMeYT6f-XMth,2017,0,90_ARCHIVE,1b2pFAIL6Cgc6e_t-B-GrZFTkTEwB9QFe,0%,pré-2021 sem sinal,https://drive.google.com/drive/folders/1gib53ZXjjQOnaDSDMkou9tHj02XnvteK
1F-9SwemieF-dOgvBm5CuOGWRbl-CYgPm,14,1znJ8jkqhPl24OCzeOBkGqzhfFQiv1vkD,2017,0,90_ARCHIVE,1b2pFAIL6Cgc6e_t-B-GrZFTkTEwB9QFe,0%,pré-2021 sem sinal,https://drive.google.com/drive/folders/1F-9SwemieF-dOgvBm5CuOGWRbl-CYgPm
1znJ8jkqhPl24OCzeOBkGqzhfFQiv1vkD,07,1_nE7JCSneHFWKOJ6LSCdzMeYT6f-XMth,2017,0,90_ARCHIVE,1b2pFAIL6Cgc6e_t-B-GrZFTkTEwB9QFe,0%,pré-2021 sem sinal,https://drive.google.com/drive/folders/1znJ8jkqhPl24OCzeOBkGqzhfFQiv1vkD
1pGPeA_KWEKrcDtfE_Aibawl8JGdmbldk,11,1YKVP4pkYjasbga-Cw_OKnByCEc99UIw7,2017,0,90_ARCHIVE,1b2pFAIL6Cgc6e_t-B-GrZFTkTEwB9QFe,0%,pré-2021 sem sinal,https://drive.google.com/drive/folders/1pGPeA_KWEKrcDtfE_Aibawl8JGdmbldk
1YKVP4pkYjasbga-Cw_OKnByCEc99UIw7,12,1_nE7JCSneHFWKOJ6LSCdzMeYT6f-XMth,2017,0,90_ARCHIVE,1b2pFAIL6Cgc6e_t-B-GrZFTkTEwB9QFe,0%,pré-2021 sem sinal,https://drive.google.com/drive/folders/1YKVP4pkYjasbga-Cw_OKnByCEc99UIw7
1kbmtR4Cbz4Xe0PRPvV7caR1IMbjyKVrP,03,1zSWTESGTYptsxKM4hnKlxOXetyi2bLzR,2017,0,90_ARCHIVE,1b2pFAIL6Cgc6e_t-B-GrZFTkTEwB9QFe,0%,pré-2021 sem sinal,https://drive.google.com/drive/folders/1kbmtR4Cbz4Xe0PRPvV7caR1IMbjyKVrP
1zSWTESGTYptsxKM4hnKlxOXetyi2bLzR,02,1_nE7JCSneHFWKOJ6LSCdzMeYT6f-XMth,2017,0,90_ARCHIVE,1b2pFAIL6Cgc6e_t-B-GrZFTkTEwB9QFe,0%,pré-2021 sem sinal,https://drive.google.com/drive/folders/1zSWTESGTYptsxKM4hnKlxOXetyi2bLzR
1f-QSlCVnD_WwpUxcOmoVjQUuFEWzBizR,08,1xEG--1_iKnzeaERUsjaaPHjkmu-T3fcV,2017,0,90_ARCHIVE,1b2pFAIL6Cgc6e_t-B-GrZFTkTEwB9QFe,0%,pré-2021 sem sinal,https://drive.google.com/drive/folders/1f-QSlCVnD_WwpUxcOmoVjQUuFEWzBizR
1xEG--1_iKnzeaERUsjaaPHjkmu-T3fcV,06,1_nE7JCSneHFWKOJ6LSCdzMeYT6f-XMth,2017,0,90_ARCHIVE,1b2pFAIL6Cgc6e_t-B-GrZFTkTEwB9QFe,0%,pré-2021 sem sinal,https://drive.google.com/drive/folders/1xEG--1_iKnzeaERUsjaaPHjkmu-T3fcV
1tQvu5b1nbdBbI4gcyYDwas4eh0jGPmoQ,10,1XgO9KSTqr3TixR1Eonm8eMpyZFaRvgPV,2017,0,90_ARCHIVE,1b2pFAIL6Cgc6e_t-B-GrZFTkTEwB9QFe,0%,pré-2021 sem sinal,https://drive.google.com/drive/folders/1tQvu5b1nbdBbI4gcyYDwas4eh0jGPmoQ
1XgO9KSTqr3TixR1Eonm8eMpyZFaRvgPV,00,1_nE7JCSneHFWKOJ6LSCdzMeYT6f-XMth,2017,0,90_ARCHIVE,1b2pFAIL6Cgc6e_t-B-GrZFTkTEwB9QFe,0%,pré-2021 sem sinal,https://drive.google.com/drive/folders/1XgO9KSTqr3TixR1Eonm8eMpyZFaRvgPV
1_nE7JCSneHFWKOJ6LSCdzMeYT6f-XMth,00,1PNqf9UYaVqaS997VacZbBYoR6C0X2kwr,2017,0,90_ARCHIVE,1b2pFAIL6Cgc6e_t-B-GrZFTkTEwB9QFe,0%,pré-2021 sem sinal,https://drive.google.com/drive/folders/1_nE7JCSneHFWKOJ6LSCdzMeYT6f-XMth
1s0tSKvKDGvdKOtefmA4wr1jPncbG54i0,01,1vppHVkdL4fE_q6uXdLMLhFr4_xa1sbXb,2017,0,90_ARCHIVE,1b2pFAIL6Cgc6e_t-B-GrZFTkTEwB9QFe,0%,pré-2021 sem sinal,https://drive.google.com/drive/folders/1s0tSKvKDGvdKOtefmA4wr1jPncbG54i0
1vppHVkdL4fE_q6uXdLMLhFr4_xa1sbXb,04,1aC55aYrU2RcOriAEiqBBrL0CiVDvOh7A,2017,0,90_ARCHIVE,1b2pFAIL6Cgc6e_t-B-GrZFTkTEwB9QFe,0%,pré-2021 sem sinal,https://drive.google.com/drive/folders/1vppHVkdL4fE_q6uXdLMLhFr4_xa1sbXb
10tOW-oWhvFDEKaRuybsg0D0WUE6ytd7S,02,1NCf7nONOVk8m9QE5j2AJ72MSRAgaCMwP,2017,0,90_ARCHIVE,1b2pFAIL6Cgc6e_t-B-GrZFTkTEwB9QFe,0%,pré-2021 sem sinal,https://drive.google.com/drive/folders/10tOW-oWhvFDEKaRuybsg0D0WUE6ytd7S
1GevZgEBsrf_G0nwLttNTKd48TIO-Kf-S,05,1NCf7nONOVk8m9QE5j2AJ72MSRAgaCMwP,2017,0,90_ARCHIVE,1b2pFAIL6Cgc6e_t-B-GrZFTkTEwB9QFe,0%,pré-2021 sem sinal,https://drive.google.com/drive/folders/1GevZgEBsrf_G0nwLttNTKd48TIO-Kf-S
1NCf7nONOVk8m9QE5j2AJ72MSRAgaCMwP,10,1aC55aYrU2RcOriAEiqBBrL0CiVDvOh7A,2017,0,90_ARCHIVE,1b2pFAIL6Cgc6e_t-B-GrZFTkTEwB9QFe,0%,pré-2021 sem sinal,https://drive.google.com/drive/folders/1NCf7nONOVk8m9QE5j2AJ72MSRAgaCMwP
1SSfee-LuCqYmh0LAyqxgyno2-Y5O6YYn,03,1wjBZzvPLk6i_Z_OICi3550SFxDKJbU69,2017,0,90_ARCHIVE,1b2pFAIL6Cgc6e_t-B-GrZFTkTEwB9QFe,0%,pré-2021 sem sinal,https://drive.google.com/drive/folders/1SSfee-LuCqYmh0LAyqxgyno2-Y5O6YYn
1wjBZzvPLk6i_Z_OICi3550SFxDKJbU69,01,1aC55aYrU2RcOriAEiqBBrL0CiVDvOh7A,2017,0,90_ARCHIVE,1b2pFAIL6Cgc6e_t-B-GrZFTkTEwB9QFe,0%,pré-2021 sem sinal,https://drive.google.com/drive/folders/1wjBZzvPLk6i_Z_OICi3550SFxDKJbU69
11NrYory-fr0iJAEhsOhwLTR1raCkNpXU,07,1yu0TF3VD2c6ynASXlzyltBwEd_Evtl0g,2017,0,90_ARCHIVE,1b2pFAIL6Cgc6e_t-B-GrZFTkTEwB9QFe,0%,pré-2021 sem sinal,https://drive.google.com/drive/folders/11NrYory-fr0iJAEhsOhwLTR1raCkNpXU
1yu0TF3VD2c6ynASXlzyltBwEd_Evtl0g,01,1-V9qZPGobDTVsbnpagNTiVdIBdklponk,2017,0,90_ARCHIVE,1b2pFAIL6Cgc6e_t-B-GrZFTkTEwB9QFe,0%,pré-2021 sem sinal,https://drive.google.com/drive/folders/1yu0TF3VD2c6ynASXlzyltBwEd_Evtl0g
1-V9qZPGobDTVsbnpagNTiVdIBdklponk,10,1PNqf9UYaVqaS997VacZbBYoR6C0X2kwr,2017,0,90_ARCHIVE,1b2pFAIL6Cgc6e_t-B-GrZFTkTEwB9QFe,0%,pré-2021 sem sinal,https://drive.google.com/drive/folders/1-V9qZPGobDTVsbnpagNTiVdIBdklponk
1CvAD6mgy1AThVgbiub5UTT_dAdZ1m5XX,11,1bNtb3amitiCHzEmSfOGYQR_T-Aj6J9iI,2017,0,90_ARCHIVE,1b2pFAIL6Cgc6e_t-B-GrZFTkTEwB9QFe,0%,pré-2021 sem sinal,https://drive.google.com/drive/folders/1CvAD6mgy1AThVgbiub5UTT_dAdZ1m5XX
1bNtb3amitiCHzEmSfOGYQR_T-Aj6J9iI,03,1RNHsY6qPbB0dms4FKnKhB9hMYllLSHng,2017,0,90_ARCHIVE,1b2pFAIL6Cgc6e_t-B-GrZFTkTEwB9QFe,0%,pré-2021 sem sinal,https://drive.google.com/drive/folders/1bNtb3amitiCHzEmSfOGYQR_T-Aj6J9iI
1pYlZaDBJ_X7aasPRZlQoyq7xhPthLItO,02,1ldgZlYdmazmKle-mMSi5zcYWmpxzl3XH,2017,0,90_ARCHIVE,1b2pFAIL6Cgc6e_t-B-GrZFTkTEwB9QFe,0%,pré-2021 sem sinal,https://drive.google.com/drive/folders/1pYlZaDBJ_X7aasPRZlQoyq7xhPthLItO
1ldgZlYdmazmKle-mMSi5zcYWmpxzl3XH,05,1RNHsY6qPbB0dms4FKnKhB9hMYllLSHng,2017,0,90_ARCHIVE,1b2pFAIL6Cgc6e_t-B-GrZFTkTEwB9QFe,0%,pré-2021 sem sinal,https://drive.google.com/drive/folders/1ldgZlYdmazmKle-mMSi5zcYWmpxzl3XH
1hI1qmqlI_W2f3aS4ZUSmxBdp88sDLnoa,11,1D-vyz6POdGdnQ0kDaOj0qFPPoeHiniss,2017,0,90_ARCHIVE,1b2pFAIL6Cgc6e_t-B-GrZFTkTEwB9QFe,0%,pré-2021 sem sinal,https://drive.google.com/drive/folders/1hI1qmqlI_W2f3aS4ZUSmxBdp88sDLnoa
1D-vyz6POdGdnQ0kDaOj0qFPPoeHiniss,11,1RNHsY6qPbB0dms4FKnKhB9hMYllLSHng,2017,0,90_ARCHIVE,1b2pFAIL6Cgc6e_t-B-GrZFTkTEwB9QFe,0%,pré-2021 sem sinal,https://drive.google.com/drive/folders/1D-vyz6POdGdnQ0kDaOj0qFPPoeHiniss
154WE5gREEyvqAvV5FTp_WuDsqQG35lVp,02,1xw26rguyx5MFpYaDFy7tj5oZpcZUN9ib,2017,0,90_ARCHIVE,1b2pFAIL6Cgc6e_t-B-GrZFTkTEwB9QFe,0%,pré-2021 sem sinal,https://drive.google.com/drive/folders/154WE5gREEyvqAvV5FTp_WuDsqQG35lVp
1xw26rguyx5MFpYaDFy7tj5oZpcZUN9ib,06,1RNHsY6qPbB0dms4FKnKhB9hMYllLSHng,2017,0,90_ARCHIVE,1b2pFAIL6Cgc6e_t-B-GrZFTkTEwB9QFe,0%,pré-2021 sem sinal,https://drive.google.com/drive/folders/1xw26rguyx5MFpYaDFy7tj5oZpcZUN9ib
1BbBM6pvS86OAyb7MBoSz1XPKZbge7xP7,00,1kQZ55l5spXdn4Yzc7qzBZ9oSg-2Idpcx,2017,0,90_ARCHIVE,1b2pFAIL6Cgc6e_t-B-GrZFTkTEwB9QFe,0%,pré-2021 sem sinal,https://drive.google.com/drive/folders/1BbBM6pvS86OAyb7MBoSz1XPKZbge7xP7
1kQZ55l5spXdn4Yzc7qzBZ9oSg-2Idpcx,10,1RNHsY6qPbB0dms4FKnKhB9hMYllLSHng,2017,0,90_ARCHIVE,1b2pFAIL6Cgc6e_t-B-GrZFTkTEwB9QFe,0%,pré-2021 sem sinal,https://drive.google.com/drive/folders/1kQZ55l5spXdn4Yzc7qzBZ9oSg-2Idpcx
1VerTz6kwCDdOHNE4yMHgejDSNqOqBIHP,02,13q3bk49g0_KPy4Ec8GeGskVWU-C-5eAP,2017,0,90_ARCHIVE,1b2pFAIL6Cgc6e_t-B-GrZFTkTEwB9QFe,0%,pré-2021 sem sinal,https://drive.google.com/drive/folders/1VerTz6kwCDdOHNE4yMHgejDSNqOqBIHP
13q3bk49g0_KPy4Ec8GeGskVWU-C-5eAP,02,1RNHsY6qPbB0dms4FKnKhB9hMYllLSHng,2017,0,90_ARCHIVE,1b2pFAIL6Cgc6e_t-B-GrZFTkTEwB9QFe,0%,pré-2021 sem sinal,https://drive.google.com/drive/folders/13q3bk49g0_KPy4Ec8GeGskVWU-C-5eAP
1RNHsY6qPbB0dms4FKnKhB9hMYllLSHng,09,1PNqf9UYaVqaS997VacZbBYoR6C0X2kwr,2017,0,90_ARCHIVE,1b2pFAIL6Cgc6e_t-B-GrZFTkTEwB9QFe,0%,pré-2021 sem sinal,https://drive.google.com/drive/folders/1RNHsY6qPbB0dms4FKnKhB9hMYllLSHng
1vgWoiJM4vs79-VXlk4F33BwVUDD6cO0P,15,1BFu0rMGh4_6kAkwEicxxjpZMByNdWp4z,2017,0,90_ARCHIVE,1b2pFAIL6Cgc6e_t-B-GrZFTkTEwB9QFe,0%,pré-2021 sem sinal,https://drive.google.com/drive/folders/1vgWoiJM4vs79-VXlk4F33BwVUDD6cO0P
1BFu0rMGh4_6kAkwEicxxjpZMByNdWp4z,07,1xHh0yGd00LE4rSsYhTn0-sn1jiorB39R,2017,0,90_ARCHIVE,1b2pFAIL6Cgc6e_t-B-GrZFTkTEwB9QFe,0%,pré-2021 sem sinal,https://drive.google.com/drive/folders/1BFu0rMGh4_6kAkwEicxxjpZMByNdWp4z
1f6qJm9Qxmmy6PyjPqeUWc3QWiOp6_Eqi,09,1sF9nfMxvQj4k-7O5KrQG6ExNdL_0BNOx,2017,0,90_ARCHIVE,1b2pFAIL6Cgc6e_t-B-GrZFTkTEwB9QFe,0%,pré-2021 sem sinal,https://drive.google.com/drive/folders/1f6qJm9Qxmmy6PyjPqeUWc3QWiOp6_Eqi
1sF9nfMxvQj4k-7O5KrQG6ExNdL_0BNOx,04,1xHh0yGd00LE4rSsYhTn0-sn1jiorB39R,2017,0,90_ARCHIVE,1b2pFAIL6Cgc6e_t-B-GrZFTkTEwB9QFe,0%,pré-2021 sem sinal,https://drive.google.com/drive/folders/1sF9nfMxvQj4k-7O5KrQG6ExNdL_0BNOx
1xHh0yGd00LE4rSsYhTn0-sn1jiorB39R,05,1PNqf9UYaVqaS997VacZbBYoR6C0X2kwr,2017,0,90_ARCHIVE,1b2pFAIL6Cgc6e_t-B-GrZFTkTEwB9QFe,0%,pré-2021 sem sinal,https://drive.google.com/drive/folders/1xHh0yGd00LE4rSsYhTn0-sn1jiorB39R
1f1LVN9gz4LgxkrGPZ4MVbbiXDO_EGmhb,12,1kWEV6DBDpL7l2IufkCwfYJ3OuIb1-JTr,2017,0,90_ARCHIVE,1b2pFAIL6Cgc6e_t-B-GrZFTkTEwB9QFe,0%,pré-2021 sem sinal,https://drive.google.com/drive/folders/1f1LVN9gz4LgxkrGPZ4MVbbiXDO_EGmhb
1kWEV6DBDpL7l2IufkCwfYJ3OuIb1-JTr,11,1dxodk_fT0vfZ6qcxfiwXcue4_Jbv9wyS,2017,0,90_ARCHIVE,1b2pFAIL6Cgc6e_t-B-GrZFTkTEwB9QFe,0%,pré-2021 sem sinal,https://drive.google.com/drive/folders/1kWEV6DBDpL7l2IufkCwfYJ3OuIb1-JTr
1D5kllDZoNyDJjcBofSZZGrGep621rkqd,11,1U2OcXMF5fPghG7zFirqMU6TmxJFxWEz0,2017,0,90_ARCHIVE,1b2pFAIL6Cgc6e_t-B-GrZFTkTEwB9QFe,0%,pré-2021 sem sinal,https://drive.google.com/drive/folders/1D5kllDZoNyDJjcBofSZZGrGep621rkqd
1U2OcXMF5fPghG7zFirqMU6TmxJFxWEz0,04,1dxodk_fT0vfZ6qcxfiwXcue4_Jbv9wyS,2017,0,90_ARCHIVE,1b2pFAIL6Cgc6e_t-B-GrZFTkTEwB9QFe,0%,pré-2021 sem sinal,https://drive.google.com/drive/folders/1U2OcXMF5fPghG7zFirqMU6TmxJFxWEz0
1bSv6xWO5K6FQwJiz3mBcbU_S5ypAG0mk,04,1UM8802VwAo8OhJrQiB4-VQ_fLlyE8_g7,2017,0,90_ARCHIVE,1b2pFAIL6Cgc6e_t-B-GrZFTkTEwB9QFe,0%,pré-2021 sem sinal,https://drive.google.com/drive/folders/1bSv6xWO5K6FQwJiz3mBcbU_S5ypAG0mk
1UM8802VwAo8OhJrQiB4-VQ_fLlyE8_g7,14,1dxodk_fT0vfZ6qcxfiwXcue4_Jbv9wyS,2017,0,90_ARCHIVE,1b2pFAIL6Cgc6e_t-B-GrZFTkTEwB9QFe,0%,pré-2021 sem sinal,https://drive.google.com/drive/folders/1UM8802VwAo8OhJrQiB4-VQ_fLlyE8_g7
1dxodk_fT0vfZ6qcxfiwXcue4_Jbv9wyS,01,1PNqf9UYaVqaS997VacZbBYoR6C0X2kwr,2017,0,90_ARCHIVE,1b2pFAIL6Cgc6e_t-B-GrZFTkTEwB9QFe,0%,pré-2021 sem sinal,https://drive.google.com/drive/folders/1dxodk_fT0vfZ6qcxfiwXcue4_Jbv9wyS
1iqEwM0dulXDDngwo5UKsp56gQ--rzBDl,06,1HyTBTyR4SBaBXipA6Z2TQWXxZv9GN6hR,2017,0,90_ARCHIVE,1b2pFAIL6Cgc6e_t-B-GrZFTkTEwB9QFe,0%,pré-2021 sem sinal,https://drive.google.com/drive/folders/1iqEwM0dulXDDngwo5UKsp56gQ--rzBDl
1HyTBTyR4SBaBXipA6Z2TQWXxZv9GN6hR,06,1v8NRIjLSej-OI3CkqCxfSaVT_WmdEi0m,2017,0,90_ARCHIVE,1b2pFAIL6Cgc6e_t-B-GrZFTkTEwB9QFe,0%,pré-2021 sem sinal,https://drive.google.com/drive/folders/1HyTBTyR4SBaBXipA6Z2TQWXxZv9GN6hR
1dxUWIujkdUt5MQvTyVIptRCBgAWcRuuO,00,1X_RcS-IIHJJNLY1PfczkqI4D8D4YnbO_,2017,0,90_ARCHIVE,1b2pFAIL6Cgc6e_t-B-GrZFTkTEwB9QFe,0%,pré-2021 sem sinal,https://drive.google.com/drive/folders/1dxUWIujkdUt5MQvTyVIptRCBgAWcRuuO
1X_RcS-IIHJJNLY1PfczkqI4D8D4YnbO_,13,1v8NRIjLSej-OI3CkqCxfSaVT_WmdEi0m,2017,0,90_ARCHIVE,1b2pFAIL6Cgc6e_t-B-GrZFTkTEwB9QFe,0%,pré-2021 sem sinal,https://drive.google.com/drive/folders/1X_RcS-IIHJJNLY1PfczkqI4D8D4YnbO_
1uU_AerFV1v1HQyzkXcdRveI0TYO23iwV,01,1sXImwsUzz5qSkANliZD0lxO5IH0lCl7z,2017,0,90_ARCHIVE,1b2pFAIL6Cgc6e_t-B-GrZFTkTEwB9QFe,0%,pré-2021 sem sinal,https://drive.google.com/drive/folders/1uU_AerFV1v1HQyzkXcdRveI0TYO23iwV
1sXImwsUzz5qSkANliZD0lxO5IH0lCl7z,11,1v8NRIjLSej-OI3CkqCxfSaVT_WmdEi0m,2017,0,90_ARCHIVE,1b2pFAIL6Cgc6e_t-B-GrZFTkTEwB9QFe,0%,pré-2021 sem sinal,https://drive.google.com/drive/folders/1sXImwsUzz5qSkANliZD0lxO5IH0lCl7z
1v8NRIjLSej-OI3CkqCxfSaVT_WmdEi0m,02,1PNqf9UYaVqaS997VacZbBYoR6C0X2kwr,2017,0,90_ARCHIVE,1b2pFAIL6Cgc6e_t-B-GrZFTkTEwB9QFe,0%,pré-2021 sem sinal,https://drive.google.com/drive/folders/1v8NRIjLSej-OI3CkqCxfSaVT_WmdEi0m
1RZ9UduY5ky-IJvH70nTLxj7bY-EYc6Ap,14,1z3R9qBthAK8idvQyM_cOXrRuWektD4mc,2017,0,90_ARCHIVE,1b2pFAIL6Cgc6e_t-B-GrZFTkTEwB9QFe,0%,pré-2021 sem sinal,https://drive.google.com/drive/folders/1RZ9UduY5ky-IJvH70nTLxj7bY-EYc6Ap
1z3R9qBthAK8idvQyM_cOXrRuWektD4mc,09,14OzN0sA_8k7u06WFwkjHy4vheroELIt3,2017,0,90_ARCHIVE,1b2pFAIL6Cgc6e_t-B-GrZFTkTEwB9QFe,0%,pré-2021 sem sinal,https://drive.google.com/drive/folders/1z3R9qBthAK8idvQyM_cOXrRuWektD4mc
1WsbbrGxLVMrnhQrl6UjncMvO_qVCZQqI,08,1HkjujvGTLx2L3497vLHQs46D4M-P9d9y,2017,0,90_ARCHIVE,1b2pFAIL6Cgc6e_t-B-GrZFTkTEwB9QFe,0%,pré-2021 sem sinal,https://drive.google.com/drive/folders/1WsbbrGxLVMrnhQrl6UjncMvO_qVCZQqI
1HkjujvGTLx2L3497vLHQs46D4M-P9d9y,03,14OzN0sA_8k7u06WFwkjHy4vheroELIt3,2017,0,90_ARCHIVE,1b2pFAIL6Cgc6e_t-B-GrZFTkTEwB9QFe,0%,pré-2021 sem sinal,https://drive.google.com/drive/folders/1HkjujvGTLx2L3497vLHQs46D4M-P9d9y
1wyvmf0oUUSneMRDBrtDl2mSE7uk9CB12,06,12pwoFSGO63AKTdEvjiav62h_Knrrs6Sn,2017,0,90_ARCHIVE,1b2pFAIL6Cgc6e_t-B-GrZFTkTEwB9QFe,0%,pré-2021 sem sinal,https://drive.google.com/drive/folders/1wyvmf0oUUSneMRDBrtDl2mSE7uk9CB12
12pwoFSGO63AKTdEvjiav62h_Knrrs6Sn,01,14OzN0sA_8k7u06WFwkjHy4vheroELIt3,2017,0,90_ARCHIVE,1b2pFAIL6Cgc6e_t-B-GrZFTkTEwB9QFe,0%,pré-2021 sem sinal,https://drive.google.com/drive/folders/12pwoFSGO63AKTdEvjiav62h_Knrrs6Sn
14OzN0sA_8k7u06WFwkjHy4vheroELIt3,12,1PNqf9UYaVqaS997VacZbBYoR6C0X2kwr,2017,0,90_ARCHIVE,1b2pFAIL6Cgc6e_t-B-GrZFTkTEwB9QFe,0%,pré-2021 sem sinal,https://drive.google.com/drive/folders/14OzN0sA_8k7u06WFwkjHy4vheroELIt3
1DFb-VGtSg9PF0X9GHxlntf9qPjg-7Wj-,00,15C5OSTeo8fnrsfuMdBmib_n9--wBecuB,2017,0,90_ARCHIVE,1b2pFAIL6Cgc6e_t-B-GrZFTkTEwB9QFe,0%,pré-2021 sem sinal,https://drive.google.com/drive/folders/1DFb-VGtSg9PF0X9GHxlntf9qPjg-7Wj-
15C5OSTeo8fnrsfuMdBmib_n9--wBecuB,10,1_8wuF3YU_t0WUD8LjBG2aPxoQMofUy1Y,2017,0,90_ARCHIVE,1b2pFAIL6Cgc6e_t-B-GrZFTkTEwB9QFe,0%,pré-2021 sem sinal,https://drive.google.com/drive/folders/15C5OSTeo8fnrsfuMdBmib_n9--wBecuB
1ntStcMZT6EFdELJyaSoTHBpD4-KgqDnN,02,1BBi2TG50F5zKq-_loNbAgSRNhxu7Rt6Y,2017,0,90_ARCHIVE,1b2pFAIL6Cgc6e_t-B-GrZFTkTEwB9QFe,0%,pré-2021 sem sinal,https://drive.google.com/drive/folders/1ntStcMZT6EFdELJyaSoTHBpD4-KgqDnN
1BBi2TG50F5zKq-_loNbAgSRNhxu7Rt6Y,02,1_8wuF3YU_t0WUD8LjBG2aPxoQMofUy1Y,2017,0,90_ARCHIVE,1b2pFAIL6Cgc6e_t-B-GrZFTkTEwB9QFe,0%,pré-2021 sem sinal,https://drive.google.com/drive/folders/1BBi2TG50F5zKq-_loNbAgSRNhxu7Rt6Y
1r_HXbbxag_ZwEVNlUpJU-_TPzlciXDAa,02,122uIWOa8RSgk5-W2OWzzDUfXlomL0OBn,2017,0,90_ARCHIVE,1b2pFAIL6Cgc6e_t-B-GrZFTkTEwB9QFe,0%,pré-2021 sem sinal,https://drive.google.com/drive/folders/1r_HXbbxag_ZwEVNlUpJU-_TPzlciXDAa
122uIWOa8RSgk5-W2OWzzDUfXlomL0OBn,05,1_8wuF3YU_t0WUD8LjBG2aPxoQMofUy1Y,2017,0,90_ARCHIVE,1b2pFAIL6Cgc6e_t-B-GrZFTkTEwB9QFe,0%,pré-2021 sem sinal,https://drive.google.com/drive/folders/122uIWOa8RSgk5-W2OWzzDUfXlomL0OBn
1_8wuF3YU_t0WUD8LjBG2aPxoQMofUy1Y,09,1Ip2I-2lXtNehm6rug2AcCdQHxX80hLDu,2017,0,90_ARCHIVE,1b2pFAIL6Cgc6e_t-B-GrZFTkTEwB9QFe,0%,pré-2021 sem sinal,https://drive.google.com/drive/folders/1_8wuF3YU_t0WUD8LjBG2aPxoQMofUy1Y
1RHS-93ndGYW4uwqnb2UQ8KcF5DofJteC,10,1DRYwY09sxy206D5OSPG88iE41lflZVwg,2017,0,90_ARCHIVE,1b2pFAIL6Cgc6e_t-B-GrZFTkTEwB9QFe,0%,pré-2021 sem sinal,https://drive.google.com/drive/folders/1RHS-93ndGYW4uwqnb2UQ8KcF5DofJteC
1DRYwY09sxy206D5OSPG88iE41lflZVwg,00,1Ou7lp69DZWDC7dypoXCfW1Wq4cvmsXCp,2017,0,90_ARCHIVE,1b2pFAIL6Cgc6e_t-B-GrZFTkTEwB9QFe,0%,pré-2021 sem sinal,https://drive.google.com/drive/folders/1DRYwY09sxy206D5OSPG88iE41lflZVwg
12aprp0mOfYrZpv_IcVBSGeoBvD4GMQcI,14,1IYUCjf8ZfLFj3WNKmCTow6eaNgfP0kgG,2017,0,90_ARCHIVE,1b2pFAIL6Cgc6e_t-B-GrZFTkTEwB9QFe,0%,pré-2021 sem sinal,https://drive.google.com/drive/folders/12aprp0mOfYrZpv_IcVBSGeoBvD4GMQcI
1IYUCjf8ZfLFj3WNKmCTow6eaNgfP0kgG,07,1Ou7lp69DZWDC7dypoXCfW1Wq4cvmsXCp,2017,0,90_ARCHIVE,1b2pFAIL6Cgc6e_t-B-GrZFTkTEwB9QFe,0%,pré-2021 sem sinal,https://drive.google.com/drive/folders/1IYUCjf8ZfLFj3WNKmCTow6eaNgfP0kgG
1Ou7lp69DZWDC7dypoXCfW1Wq4cvmsXCp,00,1Ip2I-2lXtNehm6rug2AcCdQHxX80hLDu,2017,0,90_ARCHIVE,1b2pFAIL6Cgc6e_t-B-GrZFTkTEwB9QFe,0%,pré-2021 sem sinal,https://drive.google.com/drive/folders/1Ou7lp69DZWDC7dypoXCfW1Wq4cvmsXCp
1W59zRUvOSmHyZh7PA8PVSiiCJAURkHFZ,08,1mHL0Vi4AXTVXo04FqQNsdXr2p2bPirS0,2017,0,90_ARCHIVE,1b2pFAIL6Cgc6e_t-B-GrZFTkTEwB9QFe,0%,pré-2021 sem sinal,https://drive.google.com/drive/folders/1W59zRUvOSmHyZh7PA8PVSiiCJAURkHFZ
1mHL0Vi4AXTVXo04FqQNsdXr2p2bPirS0,03,1CH5rIQvqKjsDJ_cG7J9Hwdy7G6jE1gWF,2017,0,90_ARCHIVE,1b2pFAIL6Cgc6e_t-B-GrZFTkTEwB9QFe,0%,pré-2021 sem sinal,https://drive.google.com/drive/folders/1mHL0Vi4AXTVXo04FqQNsdXr2p2bPirS0
1boAFLbWFwvsdDI5b8q4ojfEjk_Kg_MF-,06,1AtuR2P5TUxiTw5pOJK7iZY4a991S8uF7,2017,0,90_ARCHIVE,1b2pFAIL6Cgc6e_t-B-GrZFTkTEwB9QFe,0%,pré-2021 sem sinal,https://drive.google.com/drive/folders/1boAFLbWFwvsdDI5b8q4ojfEjk_Kg_MF-
1AtuR2P5TUxiTw5pOJK7iZY4a991S8uF7,01,1CH5rIQvqKjsDJ_cG7J9Hwdy7G6jE1gWF,2017,0,90_ARCHIVE,1b2pFAIL6Cgc6e_t-B-GrZFTkTEwB9QFe,0%,pré-2021 sem sinal,https://drive.google.com/drive/folders/1AtuR2P5TUxiTw5pOJK7iZY4a991S8uF7
1CH5rIQvqKjsDJ_cG7J9Hwdy7G6jE1gWF,12,1Ip2I-2lXtNehm6rug2AcCdQHxX80hLDu,2017,0,90_ARCHIVE,1b2pFAIL6Cgc6e_t-B-GrZFTkTEwB9QFe,0%,pré-2021 sem sinal,https://drive.google.com/drive/folders/1CH5rIQvqKjsDJ_cG7J9Hwdy7G6jE1gWF
1HZRRi8pRMgs_d_deMBwC_He5AVUP92rq,11,1hUPbtM5usqf8I-7pI3cspc-bSGBSrx79,2017,0,90_ARCHIVE,1b2pFAIL6Cgc6e_t-B-GrZFTkTEwB9QFe,0%,pré-2021 sem sinal,https://drive.google.com/drive/folders/1HZRRi8pRMgs_d_deMBwC_He5AVUP92rq
1hUPbtM5usqf8I-7pI3cspc-bSGBSrx79,00,1fVz2499WvxsT2g2Mq_d8TP5qb9HQ5fiX,2017,0,90_ARCHIVE,1b2pFAIL6Cgc6e_t-B-GrZFTkTEwB9QFe,0%,pré-2021 sem sinal,https://drive.google.com/drive/folders/1hUPbtM5usqf8I-7pI3cspc-bSGBSrx79
1FEQYXcg0lj8DHlAtL6sR6CmmNscekEgN,12,1_cjYAUd-0XjjMwrDkAiYvBX37_FBBKp3,2017,0,90_ARCHIVE,1b2pFAIL6Cgc6e_t-B-GrZFTkTEwB9QFe,0%,pré-2021 sem sinal,https://drive.google.com/drive/folders/1FEQYXcg0lj8DHlAtL6sR6CmmNscekEgN
1_cjYAUd-0XjjMwrDkAiYvBX37_FBBKp3,09,1fVz2499WvxsT2g2Mq_d8TP5qb9HQ5fiX,2017,0,90_ARCHIVE,1b2pFAIL6Cgc6e_t-B-GrZFTkTEwB9QFe,0%,pré-2021 sem sinal,https://drive.google.com/drive/folders/1_cjYAUd-0XjjMwrDkAiYvBX37_FBBKp3
1QQjFaaKXl1z70UXZ3m-0Rnbx0T3qgd18,05,1q4QF7poT4Ge1e6A4WN2_tTsX4cIkE7SA,2017,0,90_ARCHIVE,1b2pFAIL6Cgc6e_t-B-GrZFTkTEwB9QFe,0%,pré-2021 sem sinal,https://drive.google.com/drive/folders/1QQjFaaKXl1z70UXZ3m-0Rnbx0T3qgd18
1q4QF7poT4Ge1e6A4WN2_tTsX4cIkE7SA,13,1fVz2499WvxsT2g2Mq_d8TP5qb9HQ5fiX,2017,0,90_ARCHIVE,1b2pFAIL6Cgc6e_t-B-GrZFTkTEwB9QFe,0%,pré-2021 sem sinal,https://drive.google.com/drive/folders/1q4QF7poT4Ge1e6A4WN2_tTsX4cIkE7SA
1fVz2499WvxsT2g2Mq_d8TP5qb9HQ5fiX,04,1Ip2I-2lXtNehm6rug2AcCdQHxX80hLDu,2017,0,90_ARCHIVE,1b2pFAIL6Cgc6e_t-B-GrZFTkTEwB9QFe,0%,pré-2021 sem sinal,https://drive.google.com/drive/folders/1fVz2499WvxsT2g2Mq_d8TP5qb9HQ5fiX
1f3OfeSsdu-6axXZQQxzlz3HBRayC7Vl5,09,1JPaR9zrd_k7mAhTUgg7WY1zsJmE8_jdQ,2017,0,90_ARCHIVE,1b2pFAIL6Cgc6e_t-B-GrZFTkTEwB9QFe,0%,pré-2021 sem sinal,https://drive.google.com/drive/folders/1f3OfeSsdu-6axXZQQxzlz3HBRayC7Vl5
1JPaR9zrd_k7mAhTUgg7WY1zsJmE8_jdQ,04,1NuDVp8-ooQYlXnoFW6ZHVDdqBCW3WKGK,2017,0,90_ARCHIVE,1b2pFAIL6Cgc6e_t-B-GrZFTkTEwB9QFe,0%,pré-2021 sem sinal,https://drive.google.com/drive/folders/1JPaR9zrd_k7mAhTUgg7WY1zsJmE8_jdQ
1NuDVp8-ooQYlXnoFW6ZHVDdqBCW3WKGK,05,1Ip2I-2lXtNehm6rug2AcCdQHxX80hLDu,2017,0,90_ARCHIVE,1b2pFAIL6Cgc6e_t-B-GrZFTkTEwB9QFe,0%,pré-2021 sem sinal,https://drive.google.com/drive/folders/1NuDVp8-ooQYlXnoFW6ZHVDdqBCW3WKGK
1og0eKbCneQakRxExOF981an0iXww2kB_,12,1AJf5PYQpNzT3vdACtJDRKZ4aQdCJkUjv,2017,0,90_ARCHIVE,1b2pFAIL6Cgc6e_t-B-GrZFTkTEwB9QFe,0%,pré-2021 sem sinal,https://drive.google.com/drive/folders/1og0eKbCneQakRxExOF981an0iXww2kB_
1AJf5PYQpNzT3vdACtJDRKZ4aQdCJkUjv,02,1iyRDniF4zEqQIqIUFoA-nQKOmxqG8TnL,2017,0,90_ARCHIVE,1b2pFAIL6Cgc6e_t-B-GrZFTkTEwB9QFe,0%,pré-2021 sem sinal,https://drive.google.com/drive/folders/1AJf5PYQpNzT3vdACtJDRKZ4aQdCJkUjv
1iyRDniF4zEqQIqIUFoA-nQKOmxqG8TnL,15,1Ip2I-2lXtNehm6rug2AcCdQHxX80hLDu,2017,0,90_ARCHIVE,1b2pFAIL6Cgc6e_t-B-GrZFTkTEwB9QFe,0%,pré-2021 sem sinal,https://drive.google.com/drive/folders/1iyRDniF4zEqQIqIUFoA-nQKOmxqG8TnL
1Ip2I-2lXtNehm6rug2AcCdQHxX80hLDu,A0D05E56478A7730,1yyXcjiGJkSn1U8nTmTZKRCRFZXHvXxb9,2017,0,90_ARCHIVE,1b2pFAIL6Cgc6e_t-B-GrZFTkTEwB9QFe,0%,pré-2021 sem sinal,https://drive.google.com/drive/folders/1Ip2I-2lXtNehm6rug2AcCdQHxX80hLDu
1yyXcjiGJkSn1U8nTmTZKRCRFZXHvXxb9,Download,1NHPwQXOUBWktLaWJJ9z-Aoil4a6R9Kpt,2017,0,90_ARCHIVE,1b2pFAIL6Cgc6e_t-B-GrZFTkTEwB9QFe,0%,pré-2021 sem sinal,https://drive.google.com/drive/folders/1yyXcjiGJkSn1U8nTmTZKRCRFZXHvXxb9
1sWlxyne2nvneJvZtBttz2bpMUsw_tPCt,iTunes Music,1YHJTlEHPxQukQGSMNnRPSMuHdcEWm0DO,2017,0,90_ARCHIVE,1b2pFAIL6Cgc6e_t-B-GrZFTkTEwB9QFe,0%,pré-2021 sem sinal,https://drive.google.com/drive/folders/1sWlxyne2nvneJvZtBttz2bpMUsw_tPCt
1rvs0WpJ_ObMWld9NwRzZhvTCseU7BXX5,Thais,1u0FiV7oGFZhjhjcsbwnmd_-jeV5AvSC7,2017,0,90_ARCHIVE,1b2pFAIL6Cgc6e_t-B-GrZFTkTEwB9QFe,0%,pré-2021 sem sinal,https://drive.google.com/drive/folders/1rvs0WpJ_ObMWld9NwRzZhvTCseU7BXX5
1McuDhtutuUue7WiwjI0wvh6ij0tf1ujZ,MARCO ANTONIO MUNIA,1NpzgbmKoMaYxNGre3nxz_nRAr84Js_kE,2017,0,90_ARCHIVE,1b2pFAIL6Cgc6e_t-B-GrZFTkTEwB9QFe,0%,pré-2021 sem sinal,https://drive.google.com/drive/folders/1McuDhtutuUue7WiwjI0wvh6ij0tf1ujZ
1fdw1Sdb0IfE_ANgPFOTXMtVI1QoLylTr,Renata,1NpzgbmKoMaYxNGre3nxz_nRAr84Js_kE,2017,0,90_ARCHIVE,1b2pFAIL6Cgc6e_t-B-GrZFTkTEwB9QFe,0%,pré-2021 sem sinal,https://drive.google.com/drive/folders/1fdw1Sdb0IfE_ANgPFOTXMtVI1QoLylTr
1Pj25mUuLphLQqxvILr9JfKpQt7GsaU9A,ADRIANA E MIGUEL,1NpzgbmKoMaYxNGre3nxz_nRAr84Js_kE,2017,0,90_ARCHIVE,1b2pFAIL6Cgc6e_t-B-GrZFTkTEwB9QFe,0%,pré-2021 sem sinal,https://drive.google.com/drive/folders/1Pj25mUuLphLQqxvILr9JfKpQt7GsaU9A
1bAhWIkVqWZwqNh6w16GaIcNlu8QRarrL,MARISELMA,1NpzgbmKoMaYxNGre3nxz_nRAr84Js_kE,2017,0,90_ARCHIVE,1b2pFAIL6Cgc6e_t-B-GrZFTkTEwB9QFe,0%,pré-2021 sem sinal,https://drive.google.com/drive/folders/1bAhWIkVqWZwqNh6w16GaIcNlu8QRarrL
1GuXlPWQpcDpvVAM3dOHPF3JrBBFcd3n1,Monique e Rosa,1NpzgbmKoMaYxNGre3nxz_nRAr84Js_kE,2017,0,90_ARCHIVE,1b2pFAIL6Cgc6e_t-B-GrZFTkTEwB9QFe,0%,pré-2021 sem sinal,https://drive.google.com/drive/folders/1GuXlPWQpcDpvVAM3dOHPF3JrBBFcd3n1
11t3G2dl9pZ9QNGiM4pWbWcHi1HKsCjam,Simone G,1NpzgbmKoMaYxNGre3nxz_nRAr84Js_kE,2017,0,90_ARCHIVE,1b2pFAIL6Cgc6e_t-B-GrZFTkTEwB9QFe,0%,pré-2021 sem sinal,https://drive.google.com/drive/folders/11t3G2dl9pZ9QNGiM4pWbWcHi1HKsCjam
1Y-LFjBBCwSAbD8MKK-kJ-G7s4Sghi1ho,Zaira Maria Pereira,1NpzgbmKoMaYxNGre3nxz_nRAr84Js_kE,2017,0,90_ARCHIVE,1b2pFAIL6Cgc6e_t-B-GrZFTkTEwB9QFe,0%,pré-2021 sem sinal,https://drive.google.com/drive/folders/1Y-LFjBBCwSAbD8MKK-kJ-G7s4Sghi1ho
1hKpXsH0O8043lsNncuAhrMbFfLSyptGL,Amaral,1NpzgbmKoMaYxNGre3nxz_nRAr84Js_kE,2017,0,90_ARCHIVE,1b2pFAIL6Cgc6e_t-B-GrZFTkTEwB9QFe,0%,pré-2021 sem sinal,https://drive.google.com/drive/folders/1hKpXsH0O8043lsNncuAhrMbFfLSyptGL
1WgNlCAoJ7gcRD9VuDilne5aLa8G9p00i,GUSTAVO BERNARDES,1NpzgbmKoMaYxNGre3nxz_nRAr84Js_kE,2017,0,90_ARCHIVE,1b2pFAIL6Cgc6e_t-B-GrZFTkTEwB9QFe,0%,pré-2021 sem sinal,https://drive.google.com/drive/folders/1WgNlCAoJ7gcRD9VuDilne5aLa8G9p00i
11XdEBFe9qedC6TD5_EB9xNPcKSiS0nEq,Fernanda,1NpzgbmKoMaYxNGre3nxz_nRAr84Js_kE,2017,0,90_ARCHIVE,1b2pFAIL6Cgc6e_t-B-GrZFTkTEwB9QFe,0%,pré-2021 sem sinal,https://drive.google.com/drive/folders/11XdEBFe9qedC6TD5_EB9xNPcKSiS0nEq
1DicjKmhAwuaezbcVaGsM4Vw8rsTegDxT,Ana Maria Elorreita,1NpzgbmKoMaYxNGre3nxz_nRAr84Js_kE,2017,0,90_ARCHIVE,1b2pFAIL6Cgc6e_t-B-GrZFTkTEwB9QFe,0%,pré-2021 sem sinal,https://drive.google.com/drive/folders/1DicjKmhAwuaezbcVaGsM4Vw8rsTegDxT
1o_rK9mMBjTLIqKX_6ZRV_3omPB1Jw0Xg,Maria Laura,1NpzgbmKoMaYxNGre3nxz_nRAr84Js_kE,2017,0,90_ARCHIVE,1b2pFAIL6Cgc6e_t-B-GrZFTkTEwB9QFe,0%,pré-2021 sem sinal,https://drive.google.com/drive/folders/1o_rK9mMBjTLIqKX_6ZRV_3omPB1Jw0Xg
1HO8a4kNTEJ1QuNBeZJGJlsZYbAXlDVrp,Edgar Sahyoun,1NpzgbmKoMaYxNGre3nxz_nRAr84Js_kE,2017,0,90_ARCHIVE,1b2pFAIL6Cgc6e_t-B-GrZFTkTEwB9QFe,0%,pré-2021 sem sinal,https://drive.google.com/drive/folders/1HO8a4kNTEJ1QuNBeZJGJlsZYbAXlDVrp
1IsFWibh6SPNtUNyXa3MN0mMcA5H7Lucp,F.Samuel,1NpzgbmKoMaYxNGre3nxz_nRAr84Js_kE,2017,0,90_ARCHIVE,1b2pFAIL6Cgc6e_t-B-GrZFTkTEwB9QFe,0%,pré-2021 sem sinal,https://drive.google.com/drive/folders/1IsFWibh6SPNtUNyXa3MN0mMcA5H7Lucp
1UIooaRRn3fm1RULbA2BgIFAwbW1upkLk,Mario Pinheiro Bernardes,1NpzgbmKoMaYxNGre3nxz_nRAr84Js_kE,2017,0,90_ARCHIVE,1b2pFAIL6Cgc6e_t-B-GrZFTkTEwB9QFe,0%,pré-2021 sem sinal,https://drive.google.com/drive/folders/1UIooaRRn3fm1RULbA2BgIFAwbW1upkLk
1TN9FIKDhDPPDe9LpOTMd5IVVsdxLNZYv,Tereza,1NpzgbmKoMaYxNGre3nxz_nRAr84Js_kE,2017,0,90_ARCHIVE,1b2pFAIL6Cgc6e_t-B-GrZFTkTEwB9QFe,0%,pré-2021 sem sinal,https://drive.google.com/drive/folders/1TN9FIKDhDPPDe9LpOTMd5IVVsdxLNZYv
1l-DyhanhQnq6nfI-V0ryN0Zvg7s3Swsu,Ronaldo F,1NpzgbmKoMaYxNGre3nxz_nRAr84Js_kE,2017,0,90_ARCHIVE,1b2pFAIL6Cgc6e_t-B-GrZFTkTEwB9QFe,0%,pré-2021 sem sinal,https://drive.google.com/drive/folders/1l-DyhanhQnq6nfI-V0ryN0Zvg7s3Swsu
1e5FdMK9t0P5JOz9AW6qq_wEvYBFObBrt,Ricardo Leite Ganc,1NpzgbmKoMaYxNGre3nxz_nRAr84Js_kE,2017,0,90_ARCHIVE,1b2pFAIL6Cgc6e_t-B-GrZFTkTEwB9QFe,0%,pré-2021 sem sinal,https://drive.google.com/drive/folders/1e5FdMK9t0P5JOz9AW6qq_wEvYBFObBrt
1irzZHfnkUBsMZAwv-DxmeW7BDiZ9c0Yh,Maria Cecilia Domingos Sahyoun,1NpzgbmKoMaYxNGre3nxz_nRAr84Js_kE,2017,0,90_ARCHIVE,1b2pFAIL6Cgc6e_t-B-GrZFTkTEwB9QFe,0%,pré-2021 sem sinal,https://drive.google.com/drive/folders/1irzZHfnkUBsMZAwv-DxmeW7BDiZ9c0Yh
1dIS6e_2epBDDvQJOWqbbT4QDYUM8gQs_,OLEGÁRIO DE SÁ,1NpzgbmKoMaYxNGre3nxz_nRAr84Js_kE,2017,0,90_ARCHIVE,1b2pFAIL6Cgc6e_t-B-GrZFTkTEwB9QFe,0%,pré-2021 sem sinal,https://drive.google.com/drive/folders/1dIS6e_2epBDDvQJOWqbbT4QDYUM8gQs_
1Bhgwbw7_CRlJU9QL45zoS1lSL1CzJB88,Paulo Cesar Tavares de Oliveira,1NpzgbmKoMaYxNGre3nxz_nRAr84Js_kE,2017,0,90_ARCHIVE,1b2pFAIL6Cgc6e_t-B-GrZFTkTEwB9QFe,0%,pré-2021 sem sinal,https://drive.google.com/drive/folders/1Bhgwbw7_CRlJU9QL45zoS1lSL1CzJB88
1wbR8jBmaSBCPecg6oUzGjC4zfyxEQXpL,RAFAEL MARCONDES D'ANGELO,1NpzgbmKoMaYxNGre3nxz_nRAr84Js_kE,2017,0,90_ARCHIVE,1b2pFAIL6Cgc6e_t-B-GrZFTkTEwB9QFe,0%,pré-2021 sem sinal,https://drive.google.com/drive/folders/1wbR8jBmaSBCPecg6oUzGjC4zfyxEQXpL
1Fu-31FdciAgj9B1CVf-s0CWwl4Pppuz_,MARIO BERNARDES,1NpzgbmKoMaYxNGre3nxz_nRAr84Js_kE,2017,0,90_ARCHIVE,1b2pFAIL6Cgc6e_t-B-GrZFTkTEwB9QFe,0%,pré-2021 sem sinal,https://drive.google.com/drive/folders/1Fu-31FdciAgj9B1CVf-s0CWwl4Pppuz_
1RyGbgmJeABrbShwSV99HSLKaq-QuS_0Y,MAYRA CARBONE,1NpzgbmKoMaYxNGre3nxz_nRAr84Js_kE,2017,0,90_ARCHIVE,1b2pFAIL6Cgc6e_t-B-GrZFTkTEwB9QFe,0%,pré-2021 sem sinal,https://drive.google.com/drive/folders/1RyGbgmJeABrbShwSV99HSLKaq-QuS_0Y
1u3QppxE_2-ZhTwSnL7jE_Ve6bRESgpSV,Cinthya de Oliveira Svacina,1NpzgbmKoMaYxNGre3nxz_nRAr84Js_kE,2017,0,90_ARCHIVE,1b2pFAIL6Cgc6e_t-B-GrZFTkTEwB9QFe,0%,pré-2021 sem sinal,https://drive.google.com/drive/folders/1u3QppxE_2-ZhTwSnL7jE_Ve6bRESgpSV
1fNNHcTc00Z2QI7_jf93SK43p7ZvJaGDu,ANA ALVAREZ,1NpzgbmKoMaYxNGre3nxz_nRAr84Js_kE,2017,0,90_ARCHIVE,1b2pFAIL6Cgc6e_t-B-GrZFTkTEwB9QFe,0%,pré-2021 sem sinal,https://drive.google.com/drive/folders/1fNNHcTc00Z2QI7_jf93SK43p7ZvJaGDu
1xsmqSoT_RBggnK--TYdpyd_fxvpX1rfW,New Folder,1NpzgbmKoMaYxNGre3nxz_nRAr84Js_kE,2017,0,99_REVIEW/SemNome,1PaSeiS18VMWSQ43FEDg-jjx7pHJ40SIy,100%,vazio/genérico,https://drive.google.com/drive/folders/1xsmqSoT_RBggnK--TYdpyd_fxvpX1rfW
1gudD7l5Q8_TLpw7KeWpn2lbUTcQ5xIID,Contrato RicardoKnoepfemacher,1NpzgbmKoMaYxNGre3nxz_nRAr84Js_kE,2017,0,70_BUSINESS,1g6VsRP42__bKHOj2tqHPPeg-fg2EsGkT,100%,score=15.0 conf=100%,https://drive.google.com/drive/folders/1gudD7l5Q8_TLpw7KeWpn2lbUTcQ5xIID
11G060SjOAXQmk2fE9m1hzgxiZDYHJnRH,Benedito Abbud,1NpzgbmKoMaYxNGre3nxz_nRAr84Js_kE,2017,0,90_ARCHIVE,1b2pFAIL6Cgc6e_t-B-GrZFTkTEwB9QFe,0%,pré-2021 sem sinal,https://drive.google.com/drive/folders/11G060SjOAXQmk2fE9m1hzgxiZDYHJnRH
1qe1rcF5xt6df7--BavrWx4x4PWd74RlR,Antonio Luiz Vasconcelos,1NpzgbmKoMaYxNGre3nxz_nRAr84Js_kE,2017,0,90_ARCHIVE,1b2pFAIL6Cgc6e_t-B-GrZFTkTEwB9QFe,0%,pré-2021 sem sinal,https://drive.google.com/drive/folders/1qe1rcF5xt6df7--BavrWx4x4PWd74RlR
1-dZCVVBJfRAJvQvnZy2el9lJFbVNudv5,Juliana Martini,1NpzgbmKoMaYxNGre3nxz_nRAr84Js_kE,2017,0,90_ARCHIVE,1b2pFAIL6Cgc6e_t-B-GrZFTkTEwB9QFe,0%,pré-2021 sem sinal,https://drive.google.com/drive/folders/1-dZCVVBJfRAJvQvnZy2el9lJFbVNudv5
1VG6e5kG-ElbDu4NiJ3IO-QxcLkZs4eOk,Ricardo Fuscaldi,1NpzgbmKoMaYxNGre3nxz_nRAr84Js_kE,2017,0,90_ARCHIVE,1b2pFAIL6Cgc6e_t-B-GrZFTkTEwB9QFe,0%,pré-2021 sem sinal,https://drive.google.com/drive/folders/1VG6e5kG-ElbDu4NiJ3IO-QxcLkZs4eOk
1x2jfnAbyHm8j6K-gUyQYF44xveOhw0vr,NOURA DIJK,1NpzgbmKoMaYxNGre3nxz_nRAr84Js_kE,2017,0,90_ARCHIVE,1b2pFAIL6Cgc6e_t-B-GrZFTkTEwB9QFe,0%,pré-2021 sem sinal,https://drive.google.com/drive/folders/1x2jfnAbyHm8j6K-gUyQYF44xveOhw0vr
1uYV23qrbkO83vMfY11bqKarH7PKFHPMX,Tatiana Juca Bentivegna - Meninas  Pietra e Paola,1NpzgbmKoMaYxNGre3nxz_nRAr84Js_kE,2017,0,90_ARCHIVE,1b2pFAIL6Cgc6e_t-B-GrZFTkTEwB9QFe,0%,pré-2021 sem sinal,https://drive.google.com/drive/folders/1uYV23qrbkO83vMfY11bqKarH7PKFHPMX
166NLAL2YOFy7YH2HjYd_O5gcUl7WOjIw,Sidnei Abdalla,1NpzgbmKoMaYxNGre3nxz_nRAr84Js_kE,2017,0,90_ARCHIVE,1b2pFAIL6Cgc6e_t-B-GrZFTkTEwB9QFe,0%,pré-2021 sem sinal,https://drive.google.com/drive/folders/166NLAL2YOFy7YH2HjYd_O5gcUl7WOjIw
1KwEOhAB9zGECPiVWvbvdXvDB8HqZFHqu,CAROLINA YAMASAKI,1NpzgbmKoMaYxNGre3nxz_nRAr84Js_kE,2017,0,90_ARCHIVE,1b2pFAIL6Cgc6e_t-B-GrZFTkTEwB9QFe,0%,pré-2021 sem sinal,https://drive.google.com/drive/folders/1KwEOhAB9zGECPiVWvbvdXvDB8HqZFHqu
18yADgU-LI4xYJLFeW5RSWO7I_f7kRZnY,Nuno Cabral,1NpzgbmKoMaYxNGre3nxz_nRAr84Js_kE,2017,0,90_ARCHIVE,1b2pFAIL6Cgc6e_t-B-GrZFTkTEwB9QFe,0%,pré-2021 sem sinal,https://drive.google.com/drive/folders/18yADgU-LI4xYJLFeW5RSWO7I_f7kRZnY
1cTErmr-MTwjP-5inS9ZAQsvFpHUqanek,ana campos,1NpzgbmKoMaYxNGre3nxz_nRAr84Js_kE,2017,0,90_ARCHIVE,1b2pFAIL6Cgc6e_t-B-GrZFTkTEwB9QFe,0%,pré-2021 sem sinal,https://drive.google.com/drive/folders/1cTErmr-MTwjP-5inS9ZAQsvFpHUqanek
1catdwIh_2DPSlg308aVoNhmKje7V4EsX,CATHERINE VARELLA,1NpzgbmKoMaYxNGre3nxz_nRAr84Js_kE,2017,0,90_ARCHIVE,1b2pFAIL6Cgc6e_t-B-GrZFTkTEwB9QFe,0%,pré-2021 sem sinal,https://drive.google.com/drive/folders/1catdwIh_2DPSlg308aVoNhmKje7V4EsX
12IPGqUEHSuBQJwLQ4mcEyvTO20oTmZ6n,Fred Modulin,1NpzgbmKoMaYxNGre3nxz_nRAr84Js_kE,2017,0,90_ARCHIVE,1b2pFAIL6Cgc6e_t-B-GrZFTkTEwB9QFe,0%,pré-2021 sem sinal,https://drive.google.com/drive/folders/12IPGqUEHSuBQJwLQ4mcEyvTO20oTmZ6n
1oNoMRlaKq8P5ZYFOOnleIZ9w8l0VU9CE,Luciana Angeiras,1NpzgbmKoMaYxNGre3nxz_nRAr84Js_kE,2017,0,90_ARCHIVE,1b2pFAIL6Cgc6e_t-B-GrZFTkTEwB9QFe,0%,pré-2021 sem sinal,https://drive.google.com/drive/folders/1oNoMRlaKq8P5ZYFOOnleIZ9w8l0VU9CE
1pgHBbDPBXd9A_VRwox9Rr-XcuyZWw3H-,Paola e Marcela Smania,1NpzgbmKoMaYxNGre3nxz_nRAr84Js_kE,2017,0,90_ARCHIVE,1b2pFAIL6Cgc6e_t-B-GrZFTkTEwB9QFe,0%,pré-2021 sem sinal,https://drive.google.com/drive/folders/1pgHBbDPBXd9A_VRwox9Rr-XcuyZWw3H-
1IKlNMzdcLfjRYabWfPXs8zBuEx-uYtOJ,Suzana Chang,1NpzgbmKoMaYxNGre3nxz_nRAr84Js_kE,2017,0,90_ARCHIVE,1b2pFAIL6Cgc6e_t-B-GrZFTkTEwB9QFe,0%,pré-2021 sem sinal,https://drive.google.com/drive/folders/1IKlNMzdcLfjRYabWfPXs8zBuEx-uYtOJ
14Bob3snwG3Wt02XiLM8a6nzKfMXnF1_A,Sr. Manuel e Dona Argentina,1NpzgbmKoMaYxNGre3nxz_nRAr84Js_kE,2017,0,90_ARCHIVE,1b2pFAIL6Cgc6e_t-B-GrZFTkTEwB9QFe,0%,pré-2021 sem sinal,https://drive.google.com/drive/folders/14Bob3snwG3Wt02XiLM8a6nzKfMXnF1_A
1cFB4H3R1NmZIV30nNQKb4b_xt4VUNrMS,Tatiana Bentivegna,1NpzgbmKoMaYxNGre3nxz_nRAr84Js_kE,2017,0,90_ARCHIVE,1b2pFAIL6Cgc6e_t-B-GrZFTkTEwB9QFe,0%,pré-2021 sem sinal,https://drive.google.com/drive/folders/1cFB4H3R1NmZIV30nNQKb4b_xt4VUNrMS
1Kluwesazm18dxSyQJTHCkg_d_lYdbcpd,Edith Horibe,1NpzgbmKoMaYxNGre3nxz_nRAr84Js_kE,2017,0,90_ARCHIVE,1b2pFAIL6Cgc6e_t-B-GrZFTkTEwB9QFe,0%,pré-2021 sem sinal,https://drive.google.com/drive/folders/1Kluwesazm18dxSyQJTHCkg_d_lYdbcpd
1-sMv15YhBZFxjFFpjDpWPxBrw7Caw0ac,PROJETO,1nDzP4fb5JjRIJ9InFdYJJ269bf2I2G9n,2017,0,30_AREAS/Mente,1pggTB9hPdF7f50-Zzt7f74GWW1I4fqp0,67%,score=4.0 conf=67%,https://drive.google.com/drive/folders/1-sMv15YhBZFxjFFpjDpWPxBrw7Caw0ac
1nDzP4fb5JjRIJ9InFdYJJ269bf2I2G9n,PROJETO MICHAEL TRAINER,1gNCLgIyGJQlXbgKHfRqaMvg3gQ18TAu2,2017,0,30_AREAS/Mente,1pggTB9hPdF7f50-Zzt7f74GWW1I4fqp0,80%,score=16.0 conf=80%,https://drive.google.com/drive/folders/1nDzP4fb5JjRIJ9InFdYJJ269bf2I2G9n
1qrw3wGkL1czaMsOlsBNlO7EQfXGa5H67,Atila,1ispD9OHCY_tmJD2KXJ84u-PL8A43xDJo,2017,0,90_ARCHIVE,1b2pFAIL6Cgc6e_t-B-GrZFTkTEwB9QFe,0%,pré-2021 sem sinal,https://drive.google.com/drive/folders/1qrw3wGkL1czaMsOlsBNlO7EQfXGa5H67
15UBBDMkuT-PGlx2eyH_JNU-nsVoMmV0Y,HORARIO,1cXCFvB6-aP9UufgMXczTDC2I_QLiXla7,2017,0,90_ARCHIVE,1b2pFAIL6Cgc6e_t-B-GrZFTkTEwB9QFe,0%,pré-2021 sem sinal,https://drive.google.com/drive/folders/15UBBDMkuT-PGlx2eyH_JNU-nsVoMmV0Y
1cXCFvB6-aP9UufgMXczTDC2I_QLiXla7,Adriano,1ispD9OHCY_tmJD2KXJ84u-PL8A43xDJo,2017,0,90_ARCHIVE,1b2pFAIL6Cgc6e_t-B-GrZFTkTEwB9QFe,0%,pré-2021 sem sinal,https://drive.google.com/drive/folders/1cXCFvB6-aP9UufgMXczTDC2I_QLiXla7
1RRcE_0XWIIVwWMxOyBPUFXKlo_QY9V-J,BRUNO,1ispD9OHCY_tmJD2KXJ84u-PL8A43xDJo,2017,0,90_ARCHIVE,1b2pFAIL6Cgc6e_t-B-GrZFTkTEwB9QFe,0%,pré-2021 sem sinal,https://drive.google.com/drive/folders/1RRcE_0XWIIVwWMxOyBPUFXKlo_QY9V-J
1DcJKy-hXqWAySWuPVH1dy2wDEwZ4Jiig,Carlos,1ispD9OHCY_tmJD2KXJ84u-PL8A43xDJo,2017,0,90_ARCHIVE,1b2pFAIL6Cgc6e_t-B-GrZFTkTEwB9QFe,0%,pré-2021 sem sinal,https://drive.google.com/drive/folders/1DcJKy-hXqWAySWuPVH1dy2wDEwZ4Jiig
1G-ZD-bQ4JWQD3eoveFK0eYjIH-ovecdL,David,1ispD9OHCY_tmJD2KXJ84u-PL8A43xDJo,2017,0,90_ARCHIVE,1b2pFAIL6Cgc6e_t-B-GrZFTkTEwB9QFe,0%,pré-2021 sem sinal,https://drive.google.com/drive/folders/1G-ZD-bQ4JWQD3eoveFK0eYjIH-ovecdL
17iOI1gZ8g9YuAXpRBbpQJupCvpX7jILv,Anatomia da Musculação 2007,1qmf_6ShV2kYIWexEFFegn3uOr1ZpOGPP,2017,0,90_ARCHIVE,1b2pFAIL6Cgc6e_t-B-GrZFTkTEwB9QFe,0%,pré-2021 sem sinal,https://drive.google.com/drive/folders/17iOI1gZ8g9YuAXpRBbpQJupCvpX7jILv
1qmf_6ShV2kYIWexEFFegn3uOr1ZpOGPP,Guia dos Movimentos da Musculação,1-mNu_vFLd76inZUPLg5LtHAxxjmPzpR0,2017,0,90_ARCHIVE,1b2pFAIL6Cgc6e_t-B-GrZFTkTEwB9QFe,0%,pré-2021 sem sinal,https://drive.google.com/drive/folders/1qmf_6ShV2kYIWexEFFegn3uOr1ZpOGPP
1XBZOAWGBf0X236A0JWwHnlSw6Rya3XWF,Guyton,1-mNu_vFLd76inZUPLg5LtHAxxjmPzpR0,2017,0,90_ARCHIVE,1b2pFAIL6Cgc6e_t-B-GrZFTkTEwB9QFe,0%,pré-2021 sem sinal,https://drive.google.com/drive/folders/1XBZOAWGBf0X236A0JWwHnlSw6Rya3XWF
1OuhvjzY0TJmT4jDXMd2Ru1_tcmj-QPEp,Treinamento de Força do Bompa,1-mNu_vFLd76inZUPLg5LtHAxxjmPzpR0,2017,0,90_ARCHIVE,1b2pFAIL6Cgc6e_t-B-GrZFTkTEwB9QFe,0%,pré-2021 sem sinal,https://drive.google.com/drive/folders/1OuhvjzY0TJmT4jDXMd2Ru1_tcmj-QPEp
13E0YTHOIY1b8iQ13dkgthOwOtiFhFzhr,Personal,1-mNu_vFLd76inZUPLg5LtHAxxjmPzpR0,2017,0,90_ARCHIVE,1b2pFAIL6Cgc6e_t-B-GrZFTkTEwB9QFe,0%,pré-2021 sem sinal,https://drive.google.com/drive/folders/13E0YTHOIY1b8iQ13dkgthOwOtiFhFzhr
1-mNu_vFLd76inZUPLg5LtHAxxjmPzpR0,Livros,1-tcoPvGqMDYgwYV3T0NQsg6UgiC3tOe2,2017,0,90_ARCHIVE,1b2pFAIL6Cgc6e_t-B-GrZFTkTEwB9QFe,0%,pré-2021 sem sinal,https://drive.google.com/drive/folders/1-mNu_vFLd76inZUPLg5LtHAxxjmPzpR0
1H3oMyEm1JOmUFkTnNzzy4QoAeRKMvH8V,Biomecanica da Musculação,1-mNu_vFLd76inZUPLg5LtHAxxjmPzpR0,2017,0,90_ARCHIVE,1b2pFAIL6Cgc6e_t-B-GrZFTkTEwB9QFe,0%,pré-2021 sem sinal,https://drive.google.com/drive/folders/1H3oMyEm1JOmUFkTnNzzy4QoAeRKMvH8V
1YQiBViz0zC6F3hZhQytdlh7-q8U-U45K,Load (1996),1QLyy4Y9Awm2W4xADY0cBSXW0RzPGtu4k,2017,0,90_ARCHIVE,1b2pFAIL6Cgc6e_t-B-GrZFTkTEwB9QFe,0%,pré-2021 sem sinal,https://drive.google.com/drive/folders/1YQiBViz0zC6F3hZhQytdlh7-q8U-U45K
1jAYruPGVrmkrAM1waJjiOr5-MLofo9HC,Bianca e Marcelle,1ispD9OHCY_tmJD2KXJ84u-PL8A43xDJo,2017,0,90_ARCHIVE,1b2pFAIL6Cgc6e_t-B-GrZFTkTEwB9QFe,0%,pré-2021 sem sinal,https://drive.google.com/drive/folders/1jAYruPGVrmkrAM1waJjiOr5-MLofo9HC
14KHvcN4OavjFVLSV267FG9880Q-oB3r4,Pagamentos,1ESg94GBDu5H-J0gT1dd0jNmG6AKU5-_x,2017,0,90_ARCHIVE,1b2pFAIL6Cgc6e_t-B-GrZFTkTEwB9QFe,0%,pré-2021 sem sinal,https://drive.google.com/drive/folders/14KHvcN4OavjFVLSV267FG9880Q-oB3r4
1ICladUrDnr9ceGAa8X5PSgh7kMkzWwms,gastos,1ESg94GBDu5H-J0gT1dd0jNmG6AKU5-_x,2017,0,90_ARCHIVE,1b2pFAIL6Cgc6e_t-B-GrZFTkTEwB9QFe,0%,pré-2021 sem sinal,https://drive.google.com/drive/folders/1ICladUrDnr9ceGAa8X5PSgh7kMkzWwms
1RnfHm2rQ6tm4ldiw8cBLdEYJO_4sRrqU,licen_files,1tVIdNBw1evjQjK7h47SdNjf-uKfnS2NZ,2017,0,90_ARCHIVE,1b2pFAIL6Cgc6e_t-B-GrZFTkTEwB9QFe,0%,pré-2021 sem sinal,https://drive.google.com/drive/folders/1RnfHm2rQ6tm4ldiw8cBLdEYJO_4sRrqU
1tVIdNBw1evjQjK7h47SdNjf-uKfnS2NZ,PREFEITURA,1ESg94GBDu5H-J0gT1dd0jNmG6AKU5-_x,2017,0,90_ARCHIVE,1b2pFAIL6Cgc6e_t-B-GrZFTkTEwB9QFe,0%,pré-2021 sem sinal,https://drive.google.com/drive/folders/1tVIdNBw1evjQjK7h47SdNjf-uKfnS2NZ
1IGAJiD0osi339G7FBzDE4Mk0DHrIWEgX,Microsoft Clip Organizer,1tAK4YVMSoc7egXBk00xtW7PxNKkTJDcT,2017,0,90_ARCHIVE,1b2pFAIL6Cgc6e_t-B-GrZFTkTEwB9QFe,0%,pré-2021 sem sinal,https://drive.google.com/drive/folders/1IGAJiD0osi339G7FBzDE4Mk0DHrIWEgX
1ss6VOdiDlPFp9Kxg21-PGrz__YjHETYP,avaliação postural,1tAK4YVMSoc7egXBk00xtW7PxNKkTJDcT,2017,0,90_ARCHIVE,1b2pFAIL6Cgc6e_t-B-GrZFTkTEwB9QFe,0%,pré-2021 sem sinal,https://drive.google.com/drive/folders/1ss6VOdiDlPFp9Kxg21-PGrz__YjHETYP
1ChkweVvU78vXTnvPhqfsZM7V2_6aeazX,VO2 VN,12LZ3uPSJUmmkkxWMhCvtOys0tcERzWYL,2017,0,90_ARCHIVE,1b2pFAIL6Cgc6e_t-B-GrZFTkTEwB9QFe,0%,pré-2021 sem sinal,https://drive.google.com/drive/folders/1ChkweVvU78vXTnvPhqfsZM7V2_6aeazX
12LZ3uPSJUmmkkxWMhCvtOys0tcERzWYL,jbortone,13lMbquG_j52szdWkF849J7pHXrPyUsby,2017,0,90_ARCHIVE,1b2pFAIL6Cgc6e_t-B-GrZFTkTEwB9QFe,0%,pré-2021 sem sinal,https://drive.google.com/drive/folders/12LZ3uPSJUmmkkxWMhCvtOys0tcERzWYL
13lMbquG_j52szdWkF849J7pHXrPyUsby,Downloaded Albums,1tAK4YVMSoc7egXBk00xtW7PxNKkTJDcT,2017,0,90_ARCHIVE,1b2pFAIL6Cgc6e_t-B-GrZFTkTEwB9QFe,0%,pré-2021 sem sinal,https://drive.google.com/drive/folders/13lMbquG_j52szdWkF849J7pHXrPyUsby
1tAK4YVMSoc7egXBk00xtW7PxNKkTJDcT,My Pictures,1XAcS7Uz0AkhcpWGAl57orNvh8PQwKqfy,2017,0,90_ARCHIVE,1b2pFAIL6Cgc6e_t-B-GrZFTkTEwB9QFe,0%,pré-2021 sem sinal,https://drive.google.com/drive/folders/1tAK4YVMSoc7egXBk00xtW7PxNKkTJDcT
1_qTvkNSiIdutQMJZMFuNIkS1h1mTztda,Previous iTunes Libraries,1YHJTlEHPxQukQGSMNnRPSMuHdcEWm0DO,2017,0,90_ARCHIVE,1b2pFAIL6Cgc6e_t-B-GrZFTkTEwB9QFe,0%,pré-2021 sem sinal,https://drive.google.com/drive/folders/1_qTvkNSiIdutQMJZMFuNIkS1h1mTztda
1PWsAvkIkTaKac_iWmSePDNxDhmqpq0y1,12,1cHnKdKKsGwupGU1b0NBSHZxkGYPJpIKu,2017,0,90_ARCHIVE,1b2pFAIL6Cgc6e_t-B-GrZFTkTEwB9QFe,0%,pré-2021 sem sinal,https://drive.google.com/drive/folders/1PWsAvkIkTaKac_iWmSePDNxDhmqpq0y1
1cHnKdKKsGwupGU1b0NBSHZxkGYPJpIKu,01,14Bb2fCguM-HuKbdUIiDsU0G_ssij3cMN,2017,0,90_ARCHIVE,1b2pFAIL6Cgc6e_t-B-GrZFTkTEwB9QFe,0%,pré-2021 sem sinal,https://drive.google.com/drive/folders/1cHnKdKKsGwupGU1b0NBSHZxkGYPJpIKu
1h9VtEZO9sIKIXRT_NmUyo53vJSt3lPK0,02,1JMOAVwON_A8D8BI1rvzd_6-qJoCm-NOx,2017,0,90_ARCHIVE,1b2pFAIL6Cgc6e_t-B-GrZFTkTEwB9QFe,0%,pré-2021 sem sinal,https://drive.google.com/drive/folders/1h9VtEZO9sIKIXRT_NmUyo53vJSt3lPK0
1JMOAVwON_A8D8BI1rvzd_6-qJoCm-NOx,06,14Bb2fCguM-HuKbdUIiDsU0G_ssij3cMN,2017,0,90_ARCHIVE,1b2pFAIL6Cgc6e_t-B-GrZFTkTEwB9QFe,0%,pré-2021 sem sinal,https://drive.google.com/drive/folders/1JMOAVwON_A8D8BI1rvzd_6-qJoCm-NOx
1xonCsGaL_rOZF_urcTHTH7qn4Xt4NNRm,03,1rWMIKDxqi6VYPVE8OMWMVTj0RX_wzJdr,2017,0,90_ARCHIVE,1b2pFAIL6Cgc6e_t-B-GrZFTkTEwB9QFe,0%,pré-2021 sem sinal,https://drive.google.com/drive/folders/1xonCsGaL_rOZF_urcTHTH7qn4Xt4NNRm
1rWMIKDxqi6VYPVE8OMWMVTj0RX_wzJdr,07,14Bb2fCguM-HuKbdUIiDsU0G_ssij3cMN,2017,0,90_ARCHIVE,1b2pFAIL6Cgc6e_t-B-GrZFTkTEwB9QFe,0%,pré-2021 sem sinal,https://drive.google.com/drive/folders/1rWMIKDxqi6VYPVE8OMWMVTj0RX_wzJdr
1ZNfKPiNkAUpKDAV-B_2A0VX_S4mmeerh,00,18hIt06GtiSrjeOokTpH6XukZFTcTvhs-,2017,0,90_ARCHIVE,1b2pFAIL6Cgc6e_t-B-GrZFTkTEwB9QFe,0%,pré-2021 sem sinal,https://drive.google.com/drive/folders/1ZNfKPiNkAUpKDAV-B_2A0VX_S4mmeerh
18hIt06GtiSrjeOokTpH6XukZFTcTvhs-,13,14Bb2fCguM-HuKbdUIiDsU0G_ssij3cMN,2017,0,90_ARCHIVE,1b2pFAIL6Cgc6e_t-B-GrZFTkTEwB9QFe,0%,pré-2021 sem sinal,https://drive.google.com/drive/folders/18hIt06GtiSrjeOokTpH6XukZFTcTvhs-
13YlR7oevkwcOA-9Hgp8bHTE7fIPsgNku,00,1qfxqFRjFW53wXHBclOn79EHxGeZnCyDH,2017,0,90_ARCHIVE,1b2pFAIL6Cgc6e_t-B-GrZFTkTEwB9QFe,0%,pré-2021 sem sinal,https://drive.google.com/drive/folders/13YlR7oevkwcOA-9Hgp8bHTE7fIPsgNku
1qfxqFRjFW53wXHBclOn79EHxGeZnCyDH,00,14Bb2fCguM-HuKbdUIiDsU0G_ssij3cMN,2017,0,90_ARCHIVE,1b2pFAIL6Cgc6e_t-B-GrZFTkTEwB9QFe,0%,pré-2021 sem sinal,https://drive.google.com/drive/folders/1qfxqFRjFW53wXHBclOn79EHxGeZnCyDH
1mkuM_E5btn3_K_TV2cLLKHrJxb6juUlf,08,1Wp-fbbSGt0ZDKxkIImuKAxW_BQSNENf9,2017,0,90_ARCHIVE,1b2pFAIL6Cgc6e_t-B-GrZFTkTEwB9QFe,0%,pré-2021 sem sinal,https://drive.google.com/drive/folders/1mkuM_E5btn3_K_TV2cLLKHrJxb6juUlf
1Wp-fbbSGt0ZDKxkIImuKAxW_BQSNENf9,09,14Bb2fCguM-HuKbdUIiDsU0G_ssij3cMN,2017,0,90_ARCHIVE,1b2pFAIL6Cgc6e_t-B-GrZFTkTEwB9QFe,0%,pré-2021 sem sinal,https://drive.google.com/drive/folders/1Wp-fbbSGt0ZDKxkIImuKAxW_BQSNENf9
14Bb2fCguM-HuKbdUIiDsU0G_ssij3cMN,07,1PNqf9UYaVqaS997VacZbBYoR6C0X2kwr,2017,0,90_ARCHIVE,1b2pFAIL6Cgc6e_t-B-GrZFTkTEwB9QFe,0%,pré-2021 sem sinal,https://drive.google.com/drive/folders/14Bb2fCguM-HuKbdUIiDsU0G_ssij3cMN
1nVpS8t6xROLGejdS4UX7ZcicmbRMAhDi,12,1VU4VUKIJN4-VBZ6rJp1WdN5pgioTz4P-,2017,0,90_ARCHIVE,1b2pFAIL6Cgc6e_t-B-GrZFTkTEwB9QFe,0%,pré-2021 sem sinal,https://drive.google.com/drive/folders/1nVpS8t6xROLGejdS4UX7ZcicmbRMAhDi
1VU4VUKIJN4-VBZ6rJp1WdN5pgioTz4P-,07,1FgoXiMW0dvOk20qPchKJp3d0MmFV4XZn,2017,0,90_ARCHIVE,1b2pFAIL6Cgc6e_t-B-GrZFTkTEwB9QFe,0%,pré-2021 sem sinal,https://drive.google.com/drive/folders/1VU4VUKIJN4-VBZ6rJp1WdN5pgioTz4P-
1Jlaoe8h7LaMOct2G__plKWwQKRFoiHxa,01,1h1yVgCWnalswGY_WAgP63HWZ5bzPez5T,2017,0,90_ARCHIVE,1b2pFAIL6Cgc6e_t-B-GrZFTkTEwB9QFe,0%,pré-2021 sem sinal,https://drive.google.com/drive/folders/1Jlaoe8h7LaMOct2G__plKWwQKRFoiHxa
1gI558vAVrpdUy5YcBGAYA56km_OrM65n,04,1h1yVgCWnalswGY_WAgP63HWZ5bzPez5T,2017,0,90_ARCHIVE,1b2pFAIL6Cgc6e_t-B-GrZFTkTEwB9QFe,0%,pré-2021 sem sinal,https://drive.google.com/drive/folders/1gI558vAVrpdUy5YcBGAYA56km_OrM65n
1h1yVgCWnalswGY_WAgP63HWZ5bzPez5T,01,1FgoXiMW0dvOk20qPchKJp3d0MmFV4XZn,2017,0,90_ARCHIVE,1b2pFAIL6Cgc6e_t-B-GrZFTkTEwB9QFe,0%,pré-2021 sem sinal,https://drive.google.com/drive/folders/1h1yVgCWnalswGY_WAgP63HWZ5bzPez5T
1AFUs9BMX8NE2a9LfAh_UlSNoCq30pBjI,04,1HYXtUVoc2221ZtxeTG4KO0pSuLqU60P-,2017,0,90_ARCHIVE,1b2pFAIL6Cgc6e_t-B-GrZFTkTEwB9QFe,0%,pré-2021 sem sinal,https://drive.google.com/drive/folders/1AFUs9BMX8NE2a9LfAh_UlSNoCq30pBjI
1HYXtUVoc2221ZtxeTG4KO0pSuLqU60P-,11,1FgoXiMW0dvOk20qPchKJp3d0MmFV4XZn,2017,0,90_ARCHIVE,1b2pFAIL6Cgc6e_t-B-GrZFTkTEwB9QFe,0%,pré-2021 sem sinal,https://drive.google.com/drive/folders/1HYXtUVoc2221ZtxeTG4KO0pSuLqU60P-
1FgoXiMW0dvOk20qPchKJp3d0MmFV4XZn,06,1PNqf9UYaVqaS997VacZbBYoR6C0X2kwr,2017,0,90_ARCHIVE,1b2pFAIL6Cgc6e_t-B-GrZFTkTEwB9QFe,0%,pré-2021 sem sinal,https://drive.google.com/drive/folders/1FgoXiMW0dvOk20qPchKJp3d0MmFV4XZn
1wuiMgMJLbyxO_frlHcEBS0sQRxvSDQ6p,05,1Fbb8vXiTCujEbqR_9Vsm94BZdtLEEnyS,2017,0,90_ARCHIVE,1b2pFAIL6Cgc6e_t-B-GrZFTkTEwB9QFe,0%,pré-2021 sem sinal,https://drive.google.com/drive/folders/1wuiMgMJLbyxO_frlHcEBS0sQRxvSDQ6p
1Fbb8vXiTCujEbqR_9Vsm94BZdtLEEnyS,03,1FvYb4Z1SGP5brqJXu8raUSRBeuaFRffy,2017,0,90_ARCHIVE,1b2pFAIL6Cgc6e_t-B-GrZFTkTEwB9QFe,0%,pré-2021 sem sinal,https://drive.google.com/drive/folders/1Fbb8vXiTCujEbqR_9Vsm94BZdtLEEnyS
1xhhcFpUFAWQWl5909yLhM0ZmHea5ufe2,10,1DgIoBr-_HutZGIeNm7iMS_LpkGAieFkF,2017,0,90_ARCHIVE,1b2pFAIL6Cgc6e_t-B-GrZFTkTEwB9QFe,0%,pré-2021 sem sinal,https://drive.google.com/drive/folders/1xhhcFpUFAWQWl5909yLhM0ZmHea5ufe2
1DgIoBr-_HutZGIeNm7iMS_LpkGAieFkF,14,1FvYb4Z1SGP5brqJXu8raUSRBeuaFRffy,2017,0,90_ARCHIVE,1b2pFAIL6Cgc6e_t-B-GrZFTkTEwB9QFe,0%,pré-2021 sem sinal,https://drive.google.com/drive/folders/1DgIoBr-_HutZGIeNm7iMS_LpkGAieFkF
1jRKJGANh6jhruJn_K5RrIN-AEBYanOwm,12,1Mp8AL7ACGBExYeMfuN_SvVaDRL1oiP33,2017,0,90_ARCHIVE,1b2pFAIL6Cgc6e_t-B-GrZFTkTEwB9QFe,0%,pré-2021 sem sinal,https://drive.google.com/drive/folders/1jRKJGANh6jhruJn_K5RrIN-AEBYanOwm
1Mp8AL7ACGBExYeMfuN_SvVaDRL1oiP33,02,1FvYb4Z1SGP5brqJXu8raUSRBeuaFRffy,2017,0,90_ARCHIVE,1b2pFAIL6Cgc6e_t-B-GrZFTkTEwB9QFe,0%,pré-2021 sem sinal,https://drive.google.com/drive/folders/1Mp8AL7ACGBExYeMfuN_SvVaDRL1oiP33
1t0YuZOSIyE4FCB8zM-jssbJBxvRN9Wvc,12,1XpVXE1UIDfGatSLWPjPhINm0crzfU3t5,2017,0,90_ARCHIVE,1b2pFAIL6Cgc6e_t-B-GrZFTkTEwB9QFe,0%,pré-2021 sem sinal,https://drive.google.com/drive/folders/1t0YuZOSIyE4FCB8zM-jssbJBxvRN9Wvc
1XpVXE1UIDfGatSLWPjPhINm0crzfU3t5,12,1FvYb4Z1SGP5brqJXu8raUSRBeuaFRffy,2017,0,90_ARCHIVE,1b2pFAIL6Cgc6e_t-B-GrZFTkTEwB9QFe,0%,pré-2021 sem sinal,https://drive.google.com/drive/folders/1XpVXE1UIDfGatSLWPjPhINm0crzfU3t5
1FvYb4Z1SGP5brqJXu8raUSRBeuaFRffy,08,1PNqf9UYaVqaS997VacZbBYoR6C0X2kwr,2017,0,90_ARCHIVE,1b2pFAIL6Cgc6e_t-B-GrZFTkTEwB9QFe,0%,pré-2021 sem sinal,https://drive.google.com/drive/folders/1FvYb4Z1SGP5brqJXu8raUSRBeuaFRffy
1bJUaiQvx948N_jmITC385P710DIDANTP,03,1RAimh9gJQaDt1BucIvxp7IX3-mlRrCV0,2017,0,90_ARCHIVE,1b2pFAIL6Cgc6e_t-B-GrZFTkTEwB9QFe,0%,pré-2021 sem sinal,https://drive.google.com/drive/folders/1bJUaiQvx948N_jmITC385P710DIDANTP
1GWSTKW7E9meEOFiyRDG9PumDkvibj2pG,09,1RAimh9gJQaDt1BucIvxp7IX3-mlRrCV0,2017,0,90_ARCHIVE,1b2pFAIL6Cgc6e_t-B-GrZFTkTEwB9QFe,0%,pré-2021 sem sinal,https://drive.google.com/drive/folders/1GWSTKW7E9meEOFiyRDG9PumDkvibj2pG
1RAimh9gJQaDt1BucIvxp7IX3-mlRrCV0,04,1uUSUbmiWQX5E80FmZEOvXpVuJ7DRvell,2017,0,90_ARCHIVE,1b2pFAIL6Cgc6e_t-B-GrZFTkTEwB9QFe,0%,pré-2021 sem sinal,https://drive.google.com/drive/folders/1RAimh9gJQaDt1BucIvxp7IX3-mlRrCV0
11XieM3AW20pjHmIdzAI7VN8-L_AK30zk,00,1bqb7v7uy8ipD4kZF5AGFTnixaiwLEAU4,2017,0,90_ARCHIVE,1b2pFAIL6Cgc6e_t-B-GrZFTkTEwB9QFe,0%,pré-2021 sem sinal,https://drive.google.com/drive/folders/11XieM3AW20pjHmIdzAI7VN8-L_AK30zk
1bqb7v7uy8ipD4kZF5AGFTnixaiwLEAU4,13,1uUSUbmiWQX5E80FmZEOvXpVuJ7DRvell,2017,0,90_ARCHIVE,1b2pFAIL6Cgc6e_t-B-GrZFTkTEwB9QFe,0%,pré-2021 sem sinal,https://drive.google.com/drive/folders/1bqb7v7uy8ipD4kZF5AGFTnixaiwLEAU4
1uUSUbmiWQX5E80FmZEOvXpVuJ7DRvell,13,1PNqf9UYaVqaS997VacZbBYoR6C0X2kwr,2017,0,90_ARCHIVE,1b2pFAIL6Cgc6e_t-B-GrZFTkTEwB9QFe,0%,pré-2021 sem sinal,https://drive.google.com/drive/folders/1uUSUbmiWQX5E80FmZEOvXpVuJ7DRvell
1Mzj1utmizpJIvz_COuj58lv3lj20TNv7,04,1hbg3FjUbRcWRBInRg5h0lpJ7UK1d4-T_,2017,0,90_ARCHIVE,1b2pFAIL6Cgc6e_t-B-GrZFTkTEwB9QFe,0%,pré-2021 sem sinal,https://drive.google.com/drive/folders/1Mzj1utmizpJIvz_COuj58lv3lj20TNv7
1hbg3FjUbRcWRBInRg5h0lpJ7UK1d4-T_,02,1T2xKofVPsdyA7HWfjD2W9E4WnxBnjTry,2017,0,90_ARCHIVE,1b2pFAIL6Cgc6e_t-B-GrZFTkTEwB9QFe,0%,pré-2021 sem sinal,https://drive.google.com/drive/folders/1hbg3FjUbRcWRBInRg5h0lpJ7UK1d4-T_
1fYUAIF_SGPnxXElI6DkKbr75QY9F4rRA,11,1wJxuN2yhhJQNnKzZGv7BSTuRqiQ1eWa5,2017,0,90_ARCHIVE,1b2pFAIL6Cgc6e_t-B-GrZFTkTEwB9QFe,0%,pré-2021 sem sinal,https://drive.google.com/drive/folders/1fYUAIF_SGPnxXElI6DkKbr75QY9F4rRA
1wJxuN2yhhJQNnKzZGv7BSTuRqiQ1eWa5,03,1T2xKofVPsdyA7HWfjD2W9E4WnxBnjTry,2017,0,90_ARCHIVE,1b2pFAIL6Cgc6e_t-B-GrZFTkTEwB9QFe,0%,pré-2021 sem sinal,https://drive.google.com/drive/folders/1wJxuN2yhhJQNnKzZGv7BSTuRqiQ1eWa5
1pWbYnaLY5P3xC3dVWJKvZNGVQW7BMujo,04,1H7fUjzSU4R71YcCpu8WDIaDKZEjN6Je6,2017,0,90_ARCHIVE,1b2pFAIL6Cgc6e_t-B-GrZFTkTEwB9QFe,0%,pré-2021 sem sinal,https://drive.google.com/drive/folders/1pWbYnaLY5P3xC3dVWJKvZNGVQW7BMujo
1H7fUjzSU4R71YcCpu8WDIaDKZEjN6Je6,09,1T2xKofVPsdyA7HWfjD2W9E4WnxBnjTry,2017,0,90_ARCHIVE,1b2pFAIL6Cgc6e_t-B-GrZFTkTEwB9QFe,0%,pré-2021 sem sinal,https://drive.google.com/drive/folders/1H7fUjzSU4R71YcCpu8WDIaDKZEjN6Je6
1iPgwhpFnjlhIirYVQY69C7kUAxdhvkHX,10,1u8fY0LiJBWVmZ3iNy5G5iuR-mvzFwPHI,2017,0,90_ARCHIVE,1b2pFAIL6Cgc6e_t-B-GrZFTkTEwB9QFe,0%,pré-2021 sem sinal,https://drive.google.com/drive/folders/1iPgwhpFnjlhIirYVQY69C7kUAxdhvkHX
1C-WEMcScTWK0MGJLlqd0vcAjpUD12bPz,14,1u8fY0LiJBWVmZ3iNy5G5iuR-mvzFwPHI,2017,0,90_ARCHIVE,1b2pFAIL6Cgc6e_t-B-GrZFTkTEwB9QFe,0%,pré-2021 sem sinal,https://drive.google.com/drive/folders/1C-WEMcScTWK0MGJLlqd0vcAjpUD12bPz
1u8fY0LiJBWVmZ3iNy5G5iuR-mvzFwPHI,14,1T2xKofVPsdyA7HWfjD2W9E4WnxBnjTry,2017,0,90_ARCHIVE,1b2pFAIL6Cgc6e_t-B-GrZFTkTEwB9QFe,0%,pré-2021 sem sinal,https://drive.google.com/drive/folders/1u8fY0LiJBWVmZ3iNy5G5iuR-mvzFwPHI
1T2xKofVPsdyA7HWfjD2W9E4WnxBnjTry,03,1PNqf9UYaVqaS997VacZbBYoR6C0X2kwr,2017,0,90_ARCHIVE,1b2pFAIL6Cgc6e_t-B-GrZFTkTEwB9QFe,0%,pré-2021 sem sinal,https://drive.google.com/drive/folders/1T2xKofVPsdyA7HWfjD2W9E4WnxBnjTry
1ba_5eohoPePRzodGElcqRfoAphRh2ecn,11,1ajXpthXXhG-2LTtEkWiTsCI09fbz-dQL,2017,0,90_ARCHIVE,1b2pFAIL6Cgc6e_t-B-GrZFTkTEwB9QFe,0%,pré-2021 sem sinal,https://drive.google.com/drive/folders/1ba_5eohoPePRzodGElcqRfoAphRh2ecn
1ajXpthXXhG-2LTtEkWiTsCI09fbz-dQL,05,1TYHAn0GFG1cMr_rATRMPRZ35Efl8eBmL,2017,0,90_ARCHIVE,1b2pFAIL6Cgc6e_t-B-GrZFTkTEwB9QFe,0%,pré-2021 sem sinal,https://drive.google.com/drive/folders/1ajXpthXXhG-2LTtEkWiTsCI09fbz-dQL
1g6Bety5E5e44lTWf3RHt-L5Igus_LlnK,05,1IHVIHuOUk2goxBQfL2w5Qef1T1_RdBJo,2017,0,90_ARCHIVE,1b2pFAIL6Cgc6e_t-B-GrZFTkTEwB9QFe,0%,pré-2021 sem sinal,https://drive.google.com/drive/folders/1g6Bety5E5e44lTWf3RHt-L5Igus_LlnK
1IHVIHuOUk2goxBQfL2w5Qef1T1_RdBJo,13,1TYHAn0GFG1cMr_rATRMPRZ35Efl8eBmL,2017,0,90_ARCHIVE,1b2pFAIL6Cgc6e_t-B-GrZFTkTEwB9QFe,0%,pré-2021 sem sinal,https://drive.google.com/drive/folders/1IHVIHuOUk2goxBQfL2w5Qef1T1_RdBJo
1S-9ABnJYhUQGxiLkyCW6MKHtGOjnakvU,12,1fAd8oiAbDK6o1AURswbWtCFVZ7zBSlQh,2017,0,90_ARCHIVE,1b2pFAIL6Cgc6e_t-B-GrZFTkTEwB9QFe,0%,pré-2021 sem sinal,https://drive.google.com/drive/folders/1S-9ABnJYhUQGxiLkyCW6MKHtGOjnakvU
1fAd8oiAbDK6o1AURswbWtCFVZ7zBSlQh,09,1TYHAn0GFG1cMr_rATRMPRZ35Efl8eBmL,2017,0,90_ARCHIVE,1b2pFAIL6Cgc6e_t-B-GrZFTkTEwB9QFe,0%,pré-2021 sem sinal,https://drive.google.com/drive/folders/1fAd8oiAbDK6o1AURswbWtCFVZ7zBSlQh
1opm9PtjGxj2R6Czkf7HLlbWdW8bFIqxu,15,1Kbxs4_PY6urWKK0Ych87K6EPGcvsfmry,2017,0,90_ARCHIVE,1b2pFAIL6Cgc6e_t-B-GrZFTkTEwB9QFe,0%,pré-2021 sem sinal,https://drive.google.com/drive/folders/1opm9PtjGxj2R6Czkf7HLlbWdW8bFIqxu
1Kbxs4_PY6urWKK0Ych87K6EPGcvsfmry,10,1TYHAn0GFG1cMr_rATRMPRZ35Efl8eBmL,2017,0,90_ARCHIVE,1b2pFAIL6Cgc6e_t-B-GrZFTkTEwB9QFe,0%,pré-2021 sem sinal,https://drive.google.com/drive/folders/1Kbxs4_PY6urWKK0Ych87K6EPGcvsfmry
1T7MeuZfOq1kNzvqaoeQ5JDdAUVje476J,11,1R0mqJouxuk3whHDJYtJA_hVjeWXp1Rdz,2017,0,90_ARCHIVE,1b2pFAIL6Cgc6e_t-B-GrZFTkTEwB9QFe,0%,pré-2021 sem sinal,https://drive.google.com/drive/folders/1T7MeuZfOq1kNzvqaoeQ5JDdAUVje476J
1R0mqJouxuk3whHDJYtJA_hVjeWXp1Rdz,00,1TYHAn0GFG1cMr_rATRMPRZ35Efl8eBmL,2017,0,90_ARCHIVE,1b2pFAIL6Cgc6e_t-B-GrZFTkTEwB9QFe,0%,pré-2021 sem sinal,https://drive.google.com/drive/folders/1R0mqJouxuk3whHDJYtJA_hVjeWXp1Rdz
1qQFDSiNp_fvvZzgHzA1Al9UlReeajeYz,00,10ISq_MoEAVfJDsfXBysINfws_J27PU1f,2017,0,90_ARCHIVE,1b2pFAIL6Cgc6e_t-B-GrZFTkTEwB9QFe,0%,pré-2021 sem sinal,https://drive.google.com/drive/folders/1qQFDSiNp_fvvZzgHzA1Al9UlReeajeYz
1TYHAn0GFG1cMr_rATRMPRZ35Efl8eBmL,04,1PNqf9UYaVqaS997VacZbBYoR6C0X2kwr,2017,0,90_ARCHIVE,1b2pFAIL6Cgc6e_t-B-GrZFTkTEwB9QFe,0%,pré-2021 sem sinal,https://drive.google.com/drive/folders/1TYHAn0GFG1cMr_rATRMPRZ35Efl8eBmL
1R63jBa3RyEFXxKKFn1RV2Sllq9p9Ijh4,05,10ISq_MoEAVfJDsfXBysINfws_J27PU1f,2017,0,90_ARCHIVE,1b2pFAIL6Cgc6e_t-B-GrZFTkTEwB9QFe,0%,pré-2021 sem sinal,https://drive.google.com/drive/folders/1R63jBa3RyEFXxKKFn1RV2Sllq9p9Ijh4
10ISq_MoEAVfJDsfXBysINfws_J27PU1f,14,1YIPBDf1kX74jVqLpPqx41SnEHtWy_aWv,2017,0,90_ARCHIVE,1b2pFAIL6Cgc6e_t-B-GrZFTkTEwB9QFe,0%,pré-2021 sem sinal,https://drive.google.com/drive/folders/10ISq_MoEAVfJDsfXBysINfws_J27PU1f
1spEZwx9bUzSxpPbRIEj5VD-DSWWF3HGK,12,1oMmfpdYiqf-BgJcuIsK4ULxG0g400ZGr,2017,0,90_ARCHIVE,1b2pFAIL6Cgc6e_t-B-GrZFTkTEwB9QFe,0%,pré-2021 sem sinal,https://drive.google.com/drive/folders/1spEZwx9bUzSxpPbRIEj5VD-DSWWF3HGK
1oMmfpdYiqf-BgJcuIsK4ULxG0g400ZGr,02,1YIPBDf1kX74jVqLpPqx41SnEHtWy_aWv,2017,0,90_ARCHIVE,1b2pFAIL6Cgc6e_t-B-GrZFTkTEwB9QFe,0%,pré-2021 sem sinal,https://drive.google.com/drive/folders/1oMmfpdYiqf-BgJcuIsK4ULxG0g400ZGr
1Jysv-RqwgvIE48ael3R3Q_h-RtM_zrql,12,1VWuZTdM8sHKTmBo6CBbJW_P9xWHsvYSe,2017,0,90_ARCHIVE,1b2pFAIL6Cgc6e_t-B-GrZFTkTEwB9QFe,0%,pré-2021 sem sinal,https://drive.google.com/drive/folders/1Jysv-RqwgvIE48ael3R3Q_h-RtM_zrql
1VWuZTdM8sHKTmBo6CBbJW_P9xWHsvYSe,08,1YIPBDf1kX74jVqLpPqx41SnEHtWy_aWv,2017,0,90_ARCHIVE,1b2pFAIL6Cgc6e_t-B-GrZFTkTEwB9QFe,0%,pré-2021 sem sinal,https://drive.google.com/drive/folders/1VWuZTdM8sHKTmBo6CBbJW_P9xWHsvYSe
1yGdsvj-cS281vNQjqX9qdTvbY_5SSLX1,05,10Cs0f_yak_d_mc-5U2pVFusLsDkfiWMg,2017,0,90_ARCHIVE,1b2pFAIL6Cgc6e_t-B-GrZFTkTEwB9QFe,0%,pré-2021 sem sinal,https://drive.google.com/drive/folders/1yGdsvj-cS281vNQjqX9qdTvbY_5SSLX1
10Cs0f_yak_d_mc-5U2pVFusLsDkfiWMg,12,1YIPBDf1kX74jVqLpPqx41SnEHtWy_aWv,2017,0,90_ARCHIVE,1b2pFAIL6Cgc6e_t-B-GrZFTkTEwB9QFe,0%,pré-2021 sem sinal,https://drive.google.com/drive/folders/10Cs0f_yak_d_mc-5U2pVFusLsDkfiWMg
1YIPBDf1kX74jVqLpPqx41SnEHtWy_aWv,15,1PNqf9UYaVqaS997VacZbBYoR6C0X2kwr,2017,0,90_ARCHIVE,1b2pFAIL6Cgc6e_t-B-GrZFTkTEwB9QFe,0%,pré-2021 sem sinal,https://drive.google.com/drive/folders/1YIPBDf1kX74jVqLpPqx41SnEHtWy_aWv
1m31N8hmCnFiDBJTptM8S0G1oQ8EgJkUs,12,109shy-igadCXFquFqKbzb1PZ6PibHRwv,2017,0,90_ARCHIVE,1b2pFAIL6Cgc6e_t-B-GrZFTkTEwB9QFe,0%,pré-2021 sem sinal,https://drive.google.com/drive/folders/1m31N8hmCnFiDBJTptM8S0G1oQ8EgJkUs
109shy-igadCXFquFqKbzb1PZ6PibHRwv,01,1wstHzuotKCPGJBTsm0Cxt7Es1WHkX65w,2017,0,90_ARCHIVE,1b2pFAIL6Cgc6e_t-B-GrZFTkTEwB9QFe,0%,pré-2021 sem sinal,https://drive.google.com/drive/folders/109shy-igadCXFquFqKbzb1PZ6PibHRwv
1dBBtS1LvusV_VRTIRystGB7bx5dAXOro,03,10sf5B94EwWJITbj5EPylzU8Uj5m9xy9c,2017,0,90_ARCHIVE,1b2pFAIL6Cgc6e_t-B-GrZFTkTEwB9QFe,0%,pré-2021 sem sinal,https://drive.google.com/drive/folders/1dBBtS1LvusV_VRTIRystGB7bx5dAXOro
10sf5B94EwWJITbj5EPylzU8Uj5m9xy9c,08,1wstHzuotKCPGJBTsm0Cxt7Es1WHkX65w,2017,0,90_ARCHIVE,1b2pFAIL6Cgc6e_t-B-GrZFTkTEwB9QFe,0%,pré-2021 sem sinal,https://drive.google.com/drive/folders/10sf5B94EwWJITbj5EPylzU8Uj5m9xy9c
1-bjTOYx5IGGYNWyE8owVjVOeaD3AaxOe,10,1km2tJwtofIFnS0RquTH0Zgh6CDMDlgOY,2017,0,90_ARCHIVE,1b2pFAIL6Cgc6e_t-B-GrZFTkTEwB9QFe,0%,pré-2021 sem sinal,https://drive.google.com/drive/folders/1-bjTOYx5IGGYNWyE8owVjVOeaD3AaxOe
1km2tJwtofIFnS0RquTH0Zgh6CDMDlgOY,07,1wstHzuotKCPGJBTsm0Cxt7Es1WHkX65w,2017,0,90_ARCHIVE,1b2pFAIL6Cgc6e_t-B-GrZFTkTEwB9QFe,0%,pré-2021 sem sinal,https://drive.google.com/drive/folders/1km2tJwtofIFnS0RquTH0Zgh6CDMDlgOY
1wstHzuotKCPGJBTsm0Cxt7Es1WHkX65w,11,1PNqf9UYaVqaS997VacZbBYoR6C0X2kwr,2017,0,90_ARCHIVE,1b2pFAIL6Cgc6e_t-B-GrZFTkTEwB9QFe,0%,pré-2021 sem sinal,https://drive.google.com/drive/folders/1wstHzuotKCPGJBTsm0Cxt7Es1WHkX65w
1nJjSWuKxL8HGrTouHvhg3Il836i8DdxJ,06,1gib53ZXjjQOnaDSDMkou9tHj02XnvteK,2017,0,90_ARCHIVE,1b2pFAIL6Cgc6e_t-B-GrZFTkTEwB9QFe,0%,pré-2021 sem sinal,https://drive.google.com/drive/folders/1nJjSWuKxL8HGrTouHvhg3Il836i8DdxJ
1gib53ZXjjQOnaDSDMkou9tHj02XnvteK,09,1_nE7JCSneHFWKOJ6LSCdzMeYT6f-XMth,2017,0,90_ARCHIVE,1b2pFAIL6Cgc6e_t-B-GrZFTkTEwB9QFe,0%,pré-2021 sem sinal,https://drive.google.com/drive/folders/1gib53ZXjjQOnaDSDMkou9tHj02XnvteK
1F-9SwemieF-dOgvBm5CuOGWRbl-CYgPm,14,1znJ8jkqhPl24OCzeOBkGqzhfFQiv1vkD,2017,0,90_ARCHIVE,1b2pFAIL6Cgc6e_t-B-GrZFTkTEwB9QFe,0%,pré-2021 sem sinal,https://drive.google.com/drive/folders/1F-9SwemieF-dOgvBm5CuOGWRbl-CYgPm
1znJ8jkqhPl24OCzeOBkGqzhfFQiv1vkD,07,1_nE7JCSneHFWKOJ6LSCdzMeYT6f-XMth,2017,0,90_ARCHIVE,1b2pFAIL6Cgc6e_t-B-GrZFTkTEwB9QFe,0%,pré-2021 sem sinal,https://drive.google.com/drive/folders/1znJ8jkqhPl24OCzeOBkGqzhfFQiv1vkD
1pGPeA_KWEKrcDtfE_Aibawl8JGdmbldk,11,1YKVP4pkYjasbga-Cw_OKnByCEc99UIw7,2017,0,90_ARCHIVE,1b2pFAIL6Cgc6e_t-B-GrZFTkTEwB9QFe,0%,pré-2021 sem sinal,https://drive.google.com/drive/folders/1pGPeA_KWEKrcDtfE_Aibawl8JGdmbldk
1YKVP4pkYjasbga-Cw_OKnByCEc99UIw7,12,1_nE7JCSneHFWKOJ6LSCdzMeYT6f-XMth,2017,0,90_ARCHIVE,1b2pFAIL6Cgc6e_t-B-GrZFTkTEwB9QFe,0%,pré-2021 sem sinal,https://drive.google.com/drive/folders/1YKVP4pkYjasbga-Cw_OKnByCEc99UIw7
1kbmtR4Cbz4Xe0PRPvV7caR1IMbjyKVrP,03,1zSWTESGTYptsxKM4hnKlxOXetyi2bLzR,2017,0,90_ARCHIVE,1b2pFAIL6Cgc6e_t-B-GrZFTkTEwB9QFe,0%,pré-2021 sem sinal,https://drive.google.com/drive/folders/1kbmtR4Cbz4Xe0PRPvV7caR1IMbjyKVrP
1zSWTESGTYptsxKM4hnKlxOXetyi2bLzR,02,1_nE7JCSneHFWKOJ6LSCdzMeYT6f-XMth,2017,0,90_ARCHIVE,1b2pFAIL6Cgc6e_t-B-GrZFTkTEwB9QFe,0%,pré-2021 sem sinal,https://drive.google.com/drive/folders/1zSWTESGTYptsxKM4hnKlxOXetyi2bLzR
1f-QSlCVnD_WwpUxcOmoVjQUuFEWzBizR,08,1xEG--1_iKnzeaERUsjaaPHjkmu-T3fcV,2017,0,90_ARCHIVE,1b2pFAIL6Cgc6e_t-B-GrZFTkTEwB9QFe,0%,pré-2021 sem sinal,https://drive.google.com/drive/folders/1f-QSlCVnD_WwpUxcOmoVjQUuFEWzBizR
1xEG--1_iKnzeaERUsjaaPHjkmu-T3fcV,06,1_nE7JCSneHFWKOJ6LSCdzMeYT6f-XMth,2017,0,90_ARCHIVE,1b2pFAIL6Cgc6e_t-B-GrZFTkTEwB9QFe,0%,pré-2021 sem sinal,https://drive.google.com/drive/folders/1xEG--1_iKnzeaERUsjaaPHjkmu-T3fcV
1tQvu5b1nbdBbI4gcyYDwas4eh0jGPmoQ,10,1XgO9KSTqr3TixR1Eonm8eMpyZFaRvgPV,2017,0,90_ARCHIVE,1b2pFAIL6Cgc6e_t-B-GrZFTkTEwB9QFe,0%,pré-2021 sem sinal,https://drive.google.com/drive/folders/1tQvu5b1nbdBbI4gcyYDwas4eh0jGPmoQ
1XgO9KSTqr3TixR1Eonm8eMpyZFaRvgPV,00,1_nE7JCSneHFWKOJ6LSCdzMeYT6f-XMth,2017,0,90_ARCHIVE,1b2pFAIL6Cgc6e_t-B-GrZFTkTEwB9QFe,0%,pré-2021 sem sinal,https://drive.google.com/drive/folders/1XgO9KSTqr3TixR1Eonm8eMpyZFaRvgPV
1_nE7JCSneHFWKOJ6LSCdzMeYT6f-XMth,00,1PNqf9UYaVqaS997VacZbBYoR6C0X2kwr,2017,0,90_ARCHIVE,1b2pFAIL6Cgc6e_t-B-GrZFTkTEwB9QFe,0%,pré-2021 sem sinal,https://drive.google.com/drive/folders/1_nE7JCSneHFWKOJ6LSCdzMeYT6f-XMth
1s0tSKvKDGvdKOtefmA4wr1jPncbG54i0,01,1vppHVkdL4fE_q6uXdLMLhFr4_xa1sbXb,2017,0,90_ARCHIVE,1b2pFAIL6Cgc6e_t-B-GrZFTkTEwB9QFe,0%,pré-2021 sem sinal,https://drive.google.com/drive/folders/1s0tSKvKDGvdKOtefmA4wr1jPncbG54i0
1vppHVkdL4fE_q6uXdLMLhFr4_xa1sbXb,04,1aC55aYrU2RcOriAEiqBBrL0CiVDvOh7A,2017,0,90_ARCHIVE,1b2pFAIL6Cgc6e_t-B-GrZFTkTEwB9QFe,0%,pré-2021 sem sinal,https://drive.google.com/drive/folders/1vppHVkdL4fE_q6uXdLMLhFr4_xa1sbXb
10tOW-oWhvFDEKaRuybsg0D0WUE6ytd7S,02,1NCf7nONOVk8m9QE5j2AJ72MSRAgaCMwP,2017,0,90_ARCHIVE,1b2pFAIL6Cgc6e_t-B-GrZFTkTEwB9QFe,0%,pré-2021 sem sinal,https://drive.google.com/drive/folders/10tOW-oWhvFDEKaRuybsg0D0WUE6ytd7S
1GevZgEBsrf_G0nwLttNTKd48TIO-Kf-S,05,1NCf7nONOVk8m9QE5j2AJ72MSRAgaCMwP,2017,0,90_ARCHIVE,1b2pFAIL6Cgc6e_t-B-GrZFTkTEwB9QFe,0%,pré-2021 sem sinal,https://drive.google.com/drive/folders/1GevZgEBsrf_G0nwLttNTKd48TIO-Kf-S
1NCf7nONOVk8m9QE5j2AJ72MSRAgaCMwP,10,1aC55aYrU2RcOriAEiqBBrL0CiVDvOh7A,2017,0,90_ARCHIVE,1b2pFAIL6Cgc6e_t-B-GrZFTkTEwB9QFe,0%,pré-2021 sem sinal,https://drive.google.com/drive/folders/1NCf7nONOVk8m9QE5j2AJ72MSRAgaCMwP
1SSfee-LuCqYmh0LAyqxgyno2-Y5O6YYn,03,1wjBZzvPLk6i_Z_OICi3550SFxDKJbU69,2017,0,90_ARCHIVE,1b2pFAIL6Cgc6e_t-B-GrZFTkTEwB9QFe,0%,pré-2021 sem sinal,https://drive.google.com/drive/folders/1SSfee-LuCqYmh0LAyqxgyno2-Y5O6YYn
1wjBZzvPLk6i_Z_OICi3550SFxDKJbU69,01,1aC55aYrU2RcOriAEiqBBrL0CiVDvOh7A,2017,0,90_ARCHIVE,1b2pFAIL6Cgc6e_t-B-GrZFTkTEwB9QFe,0%,pré-2021 sem sinal,https://drive.google.com/drive/folders/1wjBZzvPLk6i_Z_OICi3550SFxDKJbU69
11NrYory-fr0iJAEhsOhwLTR1raCkNpXU,07,1yu0TF3VD2c6ynASXlzyltBwEd_Evtl0g,2017,0,90_ARCHIVE,1b2pFAIL6Cgc6e_t-B-GrZFTkTEwB9QFe,0%,pré-2021 sem sinal,https://drive.google.com/drive/folders/11NrYory-fr0iJAEhsOhwLTR1raCkNpXU
1yu0TF3VD2c6ynASXlzyltBwEd_Evtl0g,01,1-V9qZPGobDTVsbnpagNTiVdIBdklponk,2017,0,90_ARCHIVE,1b2pFAIL6Cgc6e_t-B-GrZFTkTEwB9QFe,0%,pré-2021 sem sinal,https://drive.google.com/drive/folders/1yu0TF3VD2c6ynASXlzyltBwEd_Evtl0g
1-V9qZPGobDTVsbnpagNTiVdIBdklponk,10,1PNqf9UYaVqaS997VacZbBYoR6C0X2kwr,2017,0,90_ARCHIVE,1b2pFAIL6Cgc6e_t-B-GrZFTkTEwB9QFe,0%,pré-2021 sem sinal,https://drive.google.com/drive/folders/1-V9qZPGobDTVsbnpagNTiVdIBdklponk
1CvAD6mgy1AThVgbiub5UTT_dAdZ1m5XX,11,1bNtb3amitiCHzEmSfOGYQR_T-Aj6J9iI,2017,0,90_ARCHIVE,1b2pFAIL6Cgc6e_t-B-GrZFTkTEwB9QFe,0%,pré-2021 sem sinal,https://drive.google.com/drive/folders/1CvAD6mgy1AThVgbiub5UTT_dAdZ1m5XX
1bNtb3amitiCHzEmSfOGYQR_T-Aj6J9iI,03,1RNHsY6qPbB0dms4FKnKhB9hMYllLSHng,2017,0,90_ARCHIVE,1b2pFAIL6Cgc6e_t-B-GrZFTkTEwB9QFe,0%,pré-2021 sem sinal,https://drive.google.com/drive/folders/1bNtb3amitiCHzEmSfOGYQR_T-Aj6J9iI
1pYlZaDBJ_X7aasPRZlQoyq7xhPthLItO,02,1ldgZlYdmazmKle-mMSi5zcYWmpxzl3XH,2017,0,90_ARCHIVE,1b2pFAIL6Cgc6e_t-B-GrZFTkTEwB9QFe,0%,pré-2021 sem sinal,https://drive.google.com/drive/folders/1pYlZaDBJ_X7aasPRZlQoyq7xhPthLItO
1ldgZlYdmazmKle-mMSi5zcYWmpxzl3XH,05,1RNHsY6qPbB0dms4FKnKhB9hMYllLSHng,2017,0,90_ARCHIVE,1b2pFAIL6Cgc6e_t-B-GrZFTkTEwB9QFe,0%,pré-2021 sem sinal,https://drive.google.com/drive/folders/1ldgZlYdmazmKle-mMSi5zcYWmpxzl3XH
1hI1qmqlI_W2f3aS4ZUSmxBdp88sDLnoa,11,1D-vyz6POdGdnQ0kDaOj0qFPPoeHiniss,2017,0,90_ARCHIVE,1b2pFAIL6Cgc6e_t-B-GrZFTkTEwB9QFe,0%,pré-2021 sem sinal,https://drive.google.com/drive/folders/1hI1qmqlI_W2f3aS4ZUSmxBdp88sDLnoa
1D-vyz6POdGdnQ0kDaOj0qFPPoeHiniss,11,1RNHsY6qPbB0dms4FKnKhB9hMYllLSHng,2017,0,90_ARCHIVE,1b2pFAIL6Cgc6e_t-B-GrZFTkTEwB9QFe,0%,pré-2021 sem sinal,https://drive.google.com/drive/folders/1D-vyz6POdGdnQ0kDaOj0qFPPoeHiniss
154WE5gREEyvqAvV5FTp_WuDsqQG35lVp,02,1xw26rguyx5MFpYaDFy7tj5oZpcZUN9ib,2017,0,90_ARCHIVE,1b2pFAIL6Cgc6e_t-B-GrZFTkTEwB9QFe,0%,pré-2021 sem sinal,https://drive.google.com/drive/folders/154WE5gREEyvqAvV5FTp_WuDsqQG35lVp
1xw26rguyx5MFpYaDFy7tj5oZpcZUN9ib,06,1RNHsY6qPbB0dms4FKnKhB9hMYllLSHng,2017,0,90_ARCHIVE,1b2pFAIL6Cgc6e_t-B-GrZFTkTEwB9QFe,0%,pré-2021 sem sinal,https://drive.google.com/drive/folders/1xw26rguyx5MFpYaDFy7tj5oZpcZUN9ib
1BbBM6pvS86OAyb7MBoSz1XPKZbge7xP7,00,1kQZ55l5spXdn4Yzc7qzBZ9oSg-2Idpcx,2017,0,90_ARCHIVE,1b2pFAIL6Cgc6e_t-B-GrZFTkTEwB9QFe,0%,pré-2021 sem sinal,https://drive.google.com/drive/folders/1BbBM6pvS86OAyb7MBoSz1XPKZbge7xP7
1kQZ55l5spXdn4Yzc7qzBZ9oSg-2Idpcx,10,1RNHsY6qPbB0dms4FKnKhB9hMYllLSHng,2017,0,90_ARCHIVE,1b2pFAIL6Cgc6e_t-B-GrZFTkTEwB9QFe,0%,pré-2021 sem sinal,https://drive.google.com/drive/folders/1kQZ55l5spXdn4Yzc7qzBZ9oSg-2Idpcx
1VerTz6kwCDdOHNE4yMHgejDSNqOqBIHP,02,13q3bk49g0_KPy4Ec8GeGskVWU-C-5eAP,2017,0,90_ARCHIVE,1b2pFAIL6Cgc6e_t-B-GrZFTkTEwB9QFe,0%,pré-2021 sem sinal,https://drive.google.com/drive/folders/1VerTz6kwCDdOHNE4yMHgejDSNqOqBIHP
13q3bk49g0_KPy4Ec8GeGskVWU-C-5eAP,02,1RNHsY6qPbB0dms4FKnKhB9hMYllLSHng,2017,0,90_ARCHIVE,1b2pFAIL6Cgc6e_t-B-GrZFTkTEwB9QFe,0%,pré-2021 sem sinal,https://drive.google.com/drive/folders/13q3bk49g0_KPy4Ec8GeGskVWU-C-5eAP
1RNHsY6qPbB0dms4FKnKhB9hMYllLSHng,09,1PNqf9UYaVqaS997VacZbBYoR6C0X2kwr,2017,0,90_ARCHIVE,1b2pFAIL6Cgc6e_t-B-GrZFTkTEwB9QFe,0%,pré-2021 sem sinal,https://drive.google.com/drive/folders/1RNHsY6qPbB0dms4FKnKhB9hMYllLSHng
1vgWoiJM4vs79-VXlk4F33BwVUDD6cO0P,15,1BFu0rMGh4_6kAkwEicxxjpZMByNdWp4z,2017,0,90_ARCHIVE,1b2pFAIL6Cgc6e_t-B-GrZFTkTEwB9QFe,0%,pré-2021 sem sinal,https://drive.google.com/drive/folders/1vgWoiJM4vs79-VXlk4F33BwVUDD6cO0P
1BFu0rMGh4_6kAkwEicxxjpZMByNdWp4z,07,1xHh0yGd00LE4rSsYhTn0-sn1jiorB39R,2017,0,90_ARCHIVE,1b2pFAIL6Cgc6e_t-B-GrZFTkTEwB9QFe,0%,pré-2021 sem sinal,https://drive.google.com/drive/folders/1BFu0rMGh4_6kAkwEicxxjpZMByNdWp4z
1f6qJm9Qxmmy6PyjPqeUWc3QWiOp6_Eqi,09,1sF9nfMxvQj4k-7O5KrQG6ExNdL_0BNOx,2017,0,90_ARCHIVE,1b2pFAIL6Cgc6e_t-B-GrZFTkTEwB9QFe,0%,pré-2021 sem sinal,https://drive.google.com/drive/folders/1f6qJm9Qxmmy6PyjPqeUWc3QWiOp6_Eqi
1sF9nfMxvQj4k-7O5KrQG6ExNdL_0BNOx,04,1xHh0yGd00LE4rSsYhTn0-sn1jiorB39R,2017,0,90_ARCHIVE,1b2pFAIL6Cgc6e_t-B-GrZFTkTEwB9QFe,0%,pré-2021 sem sinal,https://drive.google.com/drive/folders/1sF9nfMxvQj4k-7O5KrQG6ExNdL_0BNOx
1xHh0yGd00LE4rSsYhTn0-sn1jiorB39R,05,1PNqf9UYaVqaS997VacZbBYoR6C0X2kwr,2017,0,90_ARCHIVE,1b2pFAIL6Cgc6e_t-B-GrZFTkTEwB9QFe,0%,pré-2021 sem sinal,https://drive.google.com/drive/folders/1xHh0yGd00LE4rSsYhTn0-sn1jiorB39R
1f1LVN9gz4LgxkrGPZ4MVbbiXDO_EGmhb,12,1kWEV6DBDpL7l2IufkCwfYJ3OuIb1-JTr,2017,0,90_ARCHIVE,1b2pFAIL6Cgc6e_t-B-GrZFTkTEwB9QFe,0%,pré-2021 sem sinal,https://drive.google.com/drive/folders/1f1LVN9gz4LgxkrGPZ4MVbbiXDO_EGmhb
1kWEV6DBDpL7l2IufkCwfYJ3OuIb1-JTr,11,1dxodk_fT0vfZ6qcxfiwXcue4_Jbv9wyS,2017,0,90_ARCHIVE,1b2pFAIL6Cgc6e_t-B-GrZFTkTEwB9QFe,0%,pré-2021 sem sinal,https://drive.google.com/drive/folders/1kWEV6DBDpL7l2IufkCwfYJ3OuIb1-JTr
1D5kllDZoNyDJjcBofSZZGrGep621rkqd,11,1U2OcXMF5fPghG7zFirqMU6TmxJFxWEz0,2017,0,90_ARCHIVE,1b2pFAIL6Cgc6e_t-B-GrZFTkTEwB9QFe,0%,pré-2021 sem sinal,https://drive.google.com/drive/folders/1D5kllDZoNyDJjcBofSZZGrGep621rkqd
1U2OcXMF5fPghG7zFirqMU6TmxJFxWEz0,04,1dxodk_fT0vfZ6qcxfiwXcue4_Jbv9wyS,2017,0,90_ARCHIVE,1b2pFAIL6Cgc6e_t-B-GrZFTkTEwB9QFe,0%,pré-2021 sem sinal,https://drive.google.com/drive/folders/1U2OcXMF5fPghG7zFirqMU6TmxJFxWEz0
1bSv6xWO5K6FQwJiz3mBcbU_S5ypAG0mk,04,1UM8802VwAo8OhJrQiB4-VQ_fLlyE8_g7,2017,0,90_ARCHIVE,1b2pFAIL6Cgc6e_t-B-GrZFTkTEwB9QFe,0%,pré-2021 sem sinal,https://drive.google.com/drive/folders/1bSv6xWO5K6FQwJiz3mBcbU_S5ypAG0mk
1UM8802VwAo8OhJrQiB4-VQ_fLlyE8_g7,14,1dxodk_fT0vfZ6qcxfiwXcue4_Jbv9wyS,2017,0,90_ARCHIVE,1b2pFAIL6Cgc6e_t-B-GrZFTkTEwB9QFe,0%,pré-2021 sem sinal,https://drive.google.com/drive/folders/1UM8802VwAo8OhJrQiB4-VQ_fLlyE8_g7
1dxodk_fT0vfZ6qcxfiwXcue4_Jbv9wyS,01,1PNqf9UYaVqaS997VacZbBYoR6C0X2kwr,2017,0,90_ARCHIVE,1b2pFAIL6Cgc6e_t-B-GrZFTkTEwB9QFe,0%,pré-2021 sem sinal,https://drive.google.com/drive/folders/1dxodk_fT0vfZ6qcxfiwXcue4_Jbv9wyS
1iqEwM0dulXDDngwo5UKsp56gQ--rzBDl,06,1HyTBTyR4SBaBXipA6Z2TQWXxZv9GN6hR,2017,0,90_ARCHIVE,1b2pFAIL6Cgc6e_t-B-GrZFTkTEwB9QFe,0%,pré-2021 sem sinal,https://drive.google.com/drive/folders/1iqEwM0dulXDDngwo5UKsp56gQ--rzBDl
1HyTBTyR4SBaBXipA6Z2TQWXxZv9GN6hR,06,1v8NRIjLSej-OI3CkqCxfSaVT_WmdEi0m,2017,0,90_ARCHIVE,1b2pFAIL6Cgc6e_t-B-GrZFTkTEwB9QFe,0%,pré-2021 sem sinal,https://drive.google.com/drive/folders/1HyTBTyR4SBaBXipA6Z2TQWXxZv9GN6hR
1dxUWIujkdUt5MQvTyVIptRCBgAWcRuuO,00,1X_RcS-IIHJJNLY1PfczkqI4D8D4YnbO_,2017,0,90_ARCHIVE,1b2pFAIL6Cgc6e_t-B-GrZFTkTEwB9QFe,0%,pré-2021 sem sinal,https://drive.google.com/drive/folders/1dxUWIujkdUt5MQvTyVIptRCBgAWcRuuO
1X_RcS-IIHJJNLY1PfczkqI4D8D4YnbO_,13,1v8NRIjLSej-OI3CkqCxfSaVT_WmdEi0m,2017,0,90_ARCHIVE,1b2pFAIL6Cgc6e_t-B-GrZFTkTEwB9QFe,0%,pré-2021 sem sinal,https://drive.google.com/drive/folders/1X_RcS-IIHJJNLY1PfczkqI4D8D4YnbO_
1uU_AerFV1v1HQyzkXcdRveI0TYO23iwV,01,1sXImwsUzz5qSkANliZD0lxO5IH0lCl7z,2017,0,90_ARCHIVE,1b2pFAIL6Cgc6e_t-B-GrZFTkTEwB9QFe,0%,pré-2021 sem sinal,https://drive.google.com/drive/folders/1uU_AerFV1v1HQyzkXcdRveI0TYO23iwV
1sXImwsUzz5qSkANliZD0lxO5IH0lCl7z,11,1v8NRIjLSej-OI3CkqCxfSaVT_WmdEi0m,2017,0,90_ARCHIVE,1b2pFAIL6Cgc6e_t-B-GrZFTkTEwB9QFe,0%,pré-2021 sem sinal,https://drive.google.com/drive/folders/1sXImwsUzz5qSkANliZD0lxO5IH0lCl7z
1v8NRIjLSej-OI3CkqCxfSaVT_WmdEi0m,02,1PNqf9UYaVqaS997VacZbBYoR6C0X2kwr,2017,0,90_ARCHIVE,1b2pFAIL6Cgc6e_t-B-GrZFTkTEwB9QFe,0%,pré-2021 sem sinal,https://drive.google.com/drive/folders/1v8NRIjLSej-OI3CkqCxfSaVT_WmdEi0m
1RZ9UduY5ky-IJvH70nTLxj7bY-EYc6Ap,14,1z3R9qBthAK8idvQyM_cOXrRuWektD4mc,2017,0,90_ARCHIVE,1b2pFAIL6Cgc6e_t-B-GrZFTkTEwB9QFe,0%,pré-2021 sem sinal,https://drive.google.com/drive/folders/1RZ9UduY5ky-IJvH70nTLxj7bY-EYc6Ap
1z3R9qBthAK8idvQyM_cOXrRuWektD4mc,09,14OzN0sA_8k7u06WFwkjHy4vheroELIt3,2017,0,90_ARCHIVE,1b2pFAIL6Cgc6e_t-B-GrZFTkTEwB9QFe,0%,pré-2021 sem sinal,https://drive.google.com/drive/folders/1z3R9qBthAK8idvQyM_cOXrRuWektD4mc
1WsbbrGxLVMrnhQrl6UjncMvO_qVCZQqI,08,1HkjujvGTLx2L3497vLHQs46D4M-P9d9y,2017,0,90_ARCHIVE,1b2pFAIL6Cgc6e_t-B-GrZFTkTEwB9QFe,0%,pré-2021 sem sinal,https://drive.google.com/drive/folders/1WsbbrGxLVMrnhQrl6UjncMvO_qVCZQqI
1HkjujvGTLx2L3497vLHQs46D4M-P9d9y,03,14OzN0sA_8k7u06WFwkjHy4vheroELIt3,2017,0,90_ARCHIVE,1b2pFAIL6Cgc6e_t-B-GrZFTkTEwB9QFe,0%,pré-2021 sem sinal,https://drive.google.com/drive/folders/1HkjujvGTLx2L3497vLHQs46D4M-P9d9y
1wyvmf0oUUSneMRDBrtDl2mSE7uk9CB12,06,12pwoFSGO63AKTdEvjiav62h_Knrrs6Sn,2017,0,90_ARCHIVE,1b2pFAIL6Cgc6e_t-B-GrZFTkTEwB9QFe,0%,pré-2021 sem sinal,https://drive.google.com/drive/folders/1wyvmf0oUUSneMRDBrtDl2mSE7uk9CB12
12pwoFSGO63AKTdEvjiav62h_Knrrs6Sn,01,14OzN0sA_8k7u06WFwkjHy4vheroELIt3,2017,0,90_ARCHIVE,1b2pFAIL6Cgc6e_t-B-GrZFTkTEwB9QFe,0%,pré-2021 sem sinal,https://drive.google.com/drive/folders/12pwoFSGO63AKTdEvjiav62h_Knrrs6Sn
14OzN0sA_8k7u06WFwkjHy4vheroELIt3,12,1PNqf9UYaVqaS997VacZbBYoR6C0X2kwr,2017,0,90_ARCHIVE,1b2pFAIL6Cgc6e_t-B-GrZFTkTEwB9QFe,0%,pré-2021 sem sinal,https://drive.google.com/drive/folders/14OzN0sA_8k7u06WFwkjHy4vheroELIt3
1DFb-VGtSg9PF0X9GHxlntf9qPjg-7Wj-,00,15C5OSTeo8fnrsfuMdBmib_n9--wBecuB,2017,0,90_ARCHIVE,1b2pFAIL6Cgc6e_t-B-GrZFTkTEwB9QFe,0%,pré-2021 sem sinal,https://drive.google.com/drive/folders/1DFb-VGtSg9PF0X9GHxlntf9qPjg-7Wj-
15C5OSTeo8fnrsfuMdBmib_n9--wBecuB,10,1_8wuF3YU_t0WUD8LjBG2aPxoQMofUy1Y,2017,0,90_ARCHIVE,1b2pFAIL6Cgc6e_t-B-GrZFTkTEwB9QFe,0%,pré-2021 sem sinal,https://drive.google.com/drive/folders/15C5OSTeo8fnrsfuMdBmib_n9--wBecuB
1ntStcMZT6EFdELJyaSoTHBpD4-KgqDnN,02,1BBi2TG50F5zKq-_loNbAgSRNhxu7Rt6Y,2017,0,90_ARCHIVE,1b2pFAIL6Cgc6e_t-B-GrZFTkTEwB9QFe,0%,pré-2021 sem sinal,https://drive.google.com/drive/folders/1ntStcMZT6EFdELJyaSoTHBpD4-KgqDnN
1BBi2TG50F5zKq-_loNbAgSRNhxu7Rt6Y,02,1_8wuF3YU_t0WUD8LjBG2aPxoQMofUy1Y,2017,0,90_ARCHIVE,1b2pFAIL6Cgc6e_t-B-GrZFTkTEwB9QFe,0%,pré-2021 sem sinal,https://drive.google.com/drive/folders/1BBi2TG50F5zKq-_loNbAgSRNhxu7Rt6Y
1r_HXbbxag_ZwEVNlUpJU-_TPzlciXDAa,02,122uIWOa8RSgk5-W2OWzzDUfXlomL0OBn,2017,0,90_ARCHIVE,1b2pFAIL6Cgc6e_t-B-GrZFTkTEwB9QFe,0%,pré-2021 sem sinal,https://drive.google.com/drive/folders/1r_HXbbxag_ZwEVNlUpJU-_TPzlciXDAa
122uIWOa8RSgk5-W2OWzzDUfXlomL0OBn,05,1_8wuF3YU_t0WUD8LjBG2aPxoQMofUy1Y,2017,0,90_ARCHIVE,1b2pFAIL6Cgc6e_t-B-GrZFTkTEwB9QFe,0%,pré-2021 sem sinal,https://drive.google.com/drive/folders/122uIWOa8RSgk5-W2OWzzDUfXlomL0OBn
1_8wuF3YU_t0WUD8LjBG2aPxoQMofUy1Y,09,1Ip2I-2lXtNehm6rug2AcCdQHxX80hLDu,2017,0,90_ARCHIVE,1b2pFAIL6Cgc6e_t-B-GrZFTkTEwB9QFe,0%,pré-2021 sem sinal,https://drive.google.com/drive/folders/1_8wuF3YU_t0WUD8LjBG2aPxoQMofUy1Y
1RHS-93ndGYW4uwqnb2UQ8KcF5DofJteC,10,1DRYwY09sxy206D5OSPG88iE41lflZVwg,2017,0,90_ARCHIVE,1b2pFAIL6Cgc6e_t-B-GrZFTkTEwB9QFe,0%,pré-2021 sem sinal,https://drive.google.com/drive/folders/1RHS-93ndGYW4uwqnb2UQ8KcF5DofJteC
1DRYwY09sxy206D5OSPG88iE41lflZVwg,00,1Ou7lp69DZWDC7dypoXCfW1Wq4cvmsXCp,2017,0,90_ARCHIVE,1b2pFAIL6Cgc6e_t-B-GrZFTkTEwB9QFe,0%,pré-2021 sem sinal,https://drive.google.com/drive/folders/1DRYwY09sxy206D5OSPG88iE41lflZVwg
12aprp0mOfYrZpv_IcVBSGeoBvD4GMQcI,14,1IYUCjf8ZfLFj3WNKmCTow6eaNgfP0kgG,2017,0,90_ARCHIVE,1b2pFAIL6Cgc6e_t-B-GrZFTkTEwB9QFe,0%,pré-2021 sem sinal,https://drive.google.com/drive/folders/12aprp0mOfYrZpv_IcVBSGeoBvD4GMQcI
1IYUCjf8ZfLFj3WNKmCTow6eaNgfP0kgG,07,1Ou7lp69DZWDC7dypoXCfW1Wq4cvmsXCp,2017,0,90_ARCHIVE,1b2pFAIL6Cgc6e_t-B-GrZFTkTEwB9QFe,0%,pré-2021 sem sinal,https://drive.google.com/drive/folders/1IYUCjf8ZfLFj3WNKmCTow6eaNgfP0kgG
1Ou7lp69DZWDC7dypoXCfW1Wq4cvmsXCp,00,1Ip2I-2lXtNehm6rug2AcCdQHxX80hLDu,2017,0,90_ARCHIVE,1b2pFAIL6Cgc6e_t-B-GrZFTkTEwB9QFe,0%,pré-2021 sem sinal,https://drive.google.com/drive/folders/1Ou7lp69DZWDC7dypoXCfW1Wq4cvmsXCp
1W59zRUvOSmHyZh7PA8PVSiiCJAURkHFZ,08,1mHL0Vi4AXTVXo04FqQNsdXr2p2bPirS0,2017,0,90_ARCHIVE,1b2pFAIL6Cgc6e_t-B-GrZFTkTEwB9QFe,0%,pré-2021 sem sinal,https://drive.google.com/drive/folders/1W59zRUvOSmHyZh7PA8PVSiiCJAURkHFZ
1mHL0Vi4AXTVXo04FqQNsdXr2p2bPirS0,03,1CH5rIQvqKjsDJ_cG7J9Hwdy7G6jE1gWF,2017,0,90_ARCHIVE,1b2pFAIL6Cgc6e_t-B-GrZFTkTEwB9QFe,0%,pré-2021 sem sinal,https://drive.google.com/drive/folders/1mHL0Vi4AXTVXo04FqQNsdXr2p2bPirS0
1boAFLbWFwvsdDI5b8q4ojfEjk_Kg_MF-,06,1AtuR2P5TUxiTw5pOJK7iZY4a991S8uF7,2017,0,90_ARCHIVE,1b2pFAIL6Cgc6e_t-B-GrZFTkTEwB9QFe,0%,pré-2021 sem sinal,https://drive.google.com/drive/folders/1boAFLbWFwvsdDI5b8q4ojfEjk_Kg_MF-
1AtuR2P5TUxiTw5pOJK7iZY4a991S8uF7,01,1CH5rIQvqKjsDJ_cG7J9Hwdy7G6jE1gWF,2017,0,90_ARCHIVE,1b2pFAIL6Cgc6e_t-B-GrZFTkTEwB9QFe,0%,pré-2021 sem sinal,https://drive.google.com/drive/folders/1AtuR2P5TUxiTw5pOJK7iZY4a991S8uF7
1CH5rIQvqKjsDJ_cG7J9Hwdy7G6jE1gWF,12,1Ip2I-2lXtNehm6rug2AcCdQHxX80hLDu,2017,0,90_ARCHIVE,1b2pFAIL6Cgc6e_t-B-GrZFTkTEwB9QFe,0%,pré-2021 sem sinal,https://drive.google.com/drive/folders/1CH5rIQvqKjsDJ_cG7J9Hwdy7G6jE1gWF
1HZRRi8pRMgs_d_deMBwC_He5AVUP92rq,11,1hUPbtM5usqf8I-7pI3cspc-bSGBSrx79,2017,0,90_ARCHIVE,1b2pFAIL6Cgc6e_t-B-GrZFTkTEwB9QFe,0%,pré-2021 sem sinal,https://drive.google.com/drive/folders/1HZRRi8pRMgs_d_deMBwC_He5AVUP92rq
1hUPbtM5usqf8I-7pI3cspc-bSGBSrx79,00,1fVz2499WvxsT2g2Mq_d8TP5qb9HQ5fiX,2017,0,90_ARCHIVE,1b2pFAIL6Cgc6e_t-B-GrZFTkTEwB9QFe,0%,pré-2021 sem sinal,https://drive.google.com/drive/folders/1hUPbtM5usqf8I-7pI3cspc-bSGBSrx79
1FEQYXcg0lj8DHlAtL6sR6CmmNscekEgN,12,1_cjYAUd-0XjjMwrDkAiYvBX37_FBBKp3,2017,0,90_ARCHIVE,1b2pFAIL6Cgc6e_t-B-GrZFTkTEwB9QFe,0%,pré-2021 sem sinal,https://drive.google.com/drive/folders/1FEQYXcg0lj8DHlAtL6sR6CmmNscekEgN
1_cjYAUd-0XjjMwrDkAiYvBX37_FBBKp3,09,1fVz2499WvxsT2g2Mq_d8TP5qb9HQ5fiX,2017,0,90_ARCHIVE,1b2pFAIL6Cgc6e_t-B-GrZFTkTEwB9QFe,0%,pré-2021 sem sinal,https://drive.google.com/drive/folders/1_cjYAUd-0XjjMwrDkAiYvBX37_FBBKp3
1QQjFaaKXl1z70UXZ3m-0Rnbx0T3qgd18,05,1q4QF7poT4Ge1e6A4WN2_tTsX4cIkE7SA,2017,0,90_ARCHIVE,1b2pFAIL6Cgc6e_t-B-GrZFTkTEwB9QFe,0%,pré-2021 sem sinal,https://drive.google.com/drive/folders/1QQjFaaKXl1z70UXZ3m-0Rnbx0T3qgd18
1q4QF7poT4Ge1e6A4WN2_tTsX4cIkE7SA,13,1fVz2499WvxsT2g2Mq_d8TP5qb9HQ5fiX,2017,0,90_ARCHIVE,1b2pFAIL6Cgc6e_t-B-GrZFTkTEwB9QFe,0%,pré-2021 sem sinal,https://drive.google.com/drive/folders/1q4QF7poT4Ge1e6A4WN2_tTsX4cIkE7SA
1fVz2499WvxsT2g2Mq_d8TP5qb9HQ5fiX,04,1Ip2I-2lXtNehm6rug2AcCdQHxX80hLDu,2017,0,90_ARCHIVE,1b2pFAIL6Cgc6e_t-B-GrZFTkTEwB9QFe,0%,pré-2021 sem sinal,https://drive.google.com/drive/folders/1fVz2499WvxsT2g2Mq_d8TP5qb9HQ5fiX
1f3OfeSsdu-6axXZQQxzlz3HBRayC7Vl5,09,1JPaR9zrd_k7mAhTUgg7WY1zsJmE8_jdQ,2017,0,90_ARCHIVE,1b2pFAIL6Cgc6e_t-B-GrZFTkTEwB9QFe,0%,pré-2021 sem sinal,https://drive.google.com/drive/folders/1f3OfeSsdu-6axXZQQxzlz3HBRayC7Vl5
1JPaR9zrd_k7mAhTUgg7WY1zsJmE8_jdQ,04,1NuDVp8-ooQYlXnoFW6ZHVDdqBCW3WKGK,2017,0,90_ARCHIVE,1b2pFAIL6Cgc6e_t-B-GrZFTkTEwB9QFe,0%,pré-2021 sem sinal,https://drive.google.com/drive/folders/1JPaR9zrd_k7mAhTUgg7WY1zsJmE8_jdQ
1NuDVp8-ooQYlXnoFW6ZHVDdqBCW3WKGK,05,1Ip2I-2lXtNehm6rug2AcCdQHxX80hLDu,2017,0,90_ARCHIVE,1b2pFAIL6Cgc6e_t-B-GrZFTkTEwB9QFe,0%,pré-2021 sem sinal,https://drive.google.com/drive/folders/1NuDVp8-ooQYlXnoFW6ZHVDdqBCW3WKGK
1og0eKbCneQakRxExOF981an0iXww2kB_,12,1AJf5PYQpNzT3vdACtJDRKZ4aQdCJkUjv,2017,0,90_ARCHIVE,1b2pFAIL6Cgc6e_t-B-GrZFTkTEwB9QFe,0%,pré-2021 sem sinal,https://drive.google.com/drive/folders/1og0eKbCneQakRxExOF981an0iXww2kB_
1AJf5PYQpNzT3vdACtJDRKZ4aQdCJkUjv,02,1iyRDniF4zEqQIqIUFoA-nQKOmxqG8TnL,2017,0,90_ARCHIVE,1b2pFAIL6Cgc6e_t-B-GrZFTkTEwB9QFe,0%,pré-2021 sem sinal,https://drive.google.com/drive/folders/1AJf5PYQpNzT3vdACtJDRKZ4aQdCJkUjv
1iyRDniF4zEqQIqIUFoA-nQKOmxqG8TnL,15,1Ip2I-2lXtNehm6rug2AcCdQHxX80hLDu,2017,0,90_ARCHIVE,1b2pFAIL6Cgc6e_t-B-GrZFTkTEwB9QFe,0%,pré-2021 sem sinal,https://drive.google.com/drive/folders/1iyRDniF4zEqQIqIUFoA-nQKOmxqG8TnL
1Ip2I-2lXtNehm6rug2AcCdQHxX80hLDu,A0D05E56478A7730,1yyXcjiGJkSn1U8nTmTZKRCRFZXHvXxb9,2017,0,90_ARCHIVE,1b2pFAIL6Cgc6e_t-B-GrZFTkTEwB9QFe,0%,pré-2021 sem sinal,https://drive.google.com/drive/folders/1Ip2I-2lXtNehm6rug2AcCdQHxX80hLDu
1yyXcjiGJkSn1U8nTmTZKRCRFZXHvXxb9,Download,1NHPwQXOUBWktLaWJJ9z-Aoil4a6R9Kpt,2017,0,90_ARCHIVE,1b2pFAIL6Cgc6e_t-B-GrZFTkTEwB9QFe,0%,pré-2021 sem sinal,https://drive.google.com/drive/folders/1yyXcjiGJkSn1U8nTmTZKRCRFZXHvXxb9
1sWlxyne2nvneJvZtBttz2bpMUsw_tPCt,iTunes Music,1YHJTlEHPxQukQGSMNnRPSMuHdcEWm0DO,2017,0,90_ARCHIVE,1b2pFAIL6Cgc6e_t-B-GrZFTkTEwB9QFe,0%,pré-2021 sem sinal,https://drive.google.com/drive/folders/1sWlxyne2nvneJvZtBttz2bpMUsw_tPCt
1rvs0WpJ_ObMWld9NwRzZhvTCseU7BXX5,Thais,1u0FiV7oGFZhjhjcsbwnmd_-jeV5AvSC7,2017,0,90_ARCHIVE,1b2pFAIL6Cgc6e_t-B-GrZFTkTEwB9QFe,0%,pré-2021 sem sinal,https://drive.google.com/drive/folders/1rvs0WpJ_ObMWld9NwRzZhvTCseU7BXX5
1McuDhtutuUue7WiwjI0wvh6ij0tf1ujZ,MARCO ANTONIO MUNIA,1NpzgbmKoMaYxNGre3nxz_nRAr84Js_kE,2017,0,90_ARCHIVE,1b2pFAIL6Cgc6e_t-B-GrZFTkTEwB9QFe,0%,pré-2021 sem sinal,https://drive.google.com/drive/folders/1McuDhtutuUue7WiwjI0wvh6ij0tf1ujZ
1fdw1Sdb0IfE_ANgPFOTXMtVI1QoLylTr,Renata,1NpzgbmKoMaYxNGre3nxz_nRAr84Js_kE,2017,0,90_ARCHIVE,1b2pFAIL6Cgc6e_t-B-GrZFTkTEwB9QFe,0%,pré-2021 sem sinal,https://drive.google.com/drive/folders/1fdw1Sdb0IfE_ANgPFOTXMtVI1QoLylTr
1Pj25mUuLphLQqxvILr9JfKpQt7GsaU9A,ADRIANA E MIGUEL,1NpzgbmKoMaYxNGre3nxz_nRAr84Js_kE,2017,0,90_ARCHIVE,1b2pFAIL6Cgc6e_t-B-GrZFTkTEwB9QFe,0%,pré-2021 sem sinal,https://drive.google.com/drive/folders/1Pj25mUuLphLQqxvILr9JfKpQt7GsaU9A
1bAhWIkVqWZwqNh6w16GaIcNlu8QRarrL,MARISELMA,1NpzgbmKoMaYxNGre3nxz_nRAr84Js_kE,2017,0,90_ARCHIVE,1b2pFAIL6Cgc6e_t-B-GrZFTkTEwB9QFe,0%,pré-2021 sem sinal,https://drive.google.com/drive/folders/1bAhWIkVqWZwqNh6w16GaIcNlu8QRarrL
1GuXlPWQpcDpvVAM3dOHPF3JrBBFcd3n1,Monique e Rosa,1NpzgbmKoMaYxNGre3nxz_nRAr84Js_kE,2017,0,90_ARCHIVE,1b2pFAIL6Cgc6e_t-B-GrZFTkTEwB9QFe,0%,pré-2021 sem sinal,https://drive.google.com/drive/folders/1GuXlPWQpcDpvVAM3dOHPF3JrBBFcd3n1
11t3G2dl9pZ9QNGiM4pWbWcHi1HKsCjam,Simone G,1NpzgbmKoMaYxNGre3nxz_nRAr84Js_kE,2017,0,90_ARCHIVE,1b2pFAIL6Cgc6e_t-B-GrZFTkTEwB9QFe,0%,pré-2021 sem sinal,https://drive.google.com/drive/folders/11t3G2dl9pZ9QNGiM4pWbWcHi1HKsCjam
1Y-LFjBBCwSAbD8MKK-kJ-G7s4Sghi1ho,Zaira Maria Pereira,1NpzgbmKoMaYxNGre3nxz_nRAr84Js_kE,2017,0,90_ARCHIVE,1b2pFAIL6Cgc6e_t-B-GrZFTkTEwB9QFe,0%,pré-2021 sem sinal,https://drive.google.com/drive/folders/1Y-LFjBBCwSAbD8MKK-kJ-G7s4Sghi1ho
1hKpXsH0O8043lsNncuAhrMbFfLSyptGL,Amaral,1NpzgbmKoMaYxNGre3nxz_nRAr84Js_kE,2017,0,90_ARCHIVE,1b2pFAIL6Cgc6e_t-B-GrZFTkTEwB9QFe,0%,pré-2021 sem sinal,https://drive.google.com/drive/folders/1hKpXsH0O8043lsNncuAhrMbFfLSyptGL
1WgNlCAoJ7gcRD9VuDilne5aLa8G9p00i,GUSTAVO BERNARDES,1NpzgbmKoMaYxNGre3nxz_nRAr84Js_kE,2017,0,90_ARCHIVE,1b2pFAIL6Cgc6e_t-B-GrZFTkTEwB9QFe,0%,pré-2021 sem sinal,https://drive.google.com/drive/folders/1WgNlCAoJ7gcRD9VuDilne5aLa8G9p00i
11XdEBFe9qedC6TD5_EB9xNPcKSiS0nEq,Fernanda,1NpzgbmKoMaYxNGre3nxz_nRAr84Js_kE,2017,0,90_ARCHIVE,1b2pFAIL6Cgc6e_t-B-GrZFTkTEwB9QFe,0%,pré-2021 sem sinal,https://drive.google.com/drive/folders/11XdEBFe9qedC6TD5_EB9xNPcKSiS0nEq
1DicjKmhAwuaezbcVaGsM4Vw8rsTegDxT,Ana Maria Elorreita,1NpzgbmKoMaYxNGre3nxz_nRAr84Js_kE,2017,0,90_ARCHIVE,1b2pFAIL6Cgc6e_t-B-GrZFTkTEwB9QFe,0%,pré-2021 sem sinal,https://drive.google.com/drive/folders/1DicjKmhAwuaezbcVaGsM4Vw8rsTegDxT
1o_rK9mMBjTLIqKX_6ZRV_3omPB1Jw0Xg,Maria Laura,1NpzgbmKoMaYxNGre3nxz_nRAr84Js_kE,2017,0,90_ARCHIVE,1b2pFAIL6Cgc6e_t-B-GrZFTkTEwB9QFe,0%,pré-2021 sem sinal,https://drive.google.com/drive/folders/1o_rK9mMBjTLIqKX_6ZRV_3omPB1Jw0Xg
1HO8a4kNTEJ1QuNBeZJGJlsZYbAXlDVrp,Edgar Sahyoun,1NpzgbmKoMaYxNGre3nxz_nRAr84Js_kE,2017,0,90_ARCHIVE,1b2pFAIL6Cgc6e_t-B-GrZFTkTEwB9QFe,0%,pré-2021 sem sinal,https://drive.google.com/drive/folders/1HO8a4kNTEJ1QuNBeZJGJlsZYbAXlDVrp
1IsFWibh6SPNtUNyXa3MN0mMcA5H7Lucp,F.Samuel,1NpzgbmKoMaYxNGre3nxz_nRAr84Js_kE,2017,0,90_ARCHIVE,1b2pFAIL6Cgc6e_t-B-GrZFTkTEwB9QFe,0%,pré-2021 sem sinal,https://drive.google.com/drive/folders/1IsFWibh6SPNtUNyXa3MN0mMcA5H7Lucp
1UIooaRRn3fm1RULbA2BgIFAwbW1upkLk,Mario Pinheiro Bernardes,1NpzgbmKoMaYxNGre3nxz_nRAr84Js_kE,2017,0,90_ARCHIVE,1b2pFAIL6Cgc6e_t-B-GrZFTkTEwB9QFe,0%,pré-2021 sem sinal,https://drive.google.com/drive/folders/1UIooaRRn3fm1RULbA2BgIFAwbW1upkLk
1TN9FIKDhDPPDe9LpOTMd5IVVsdxLNZYv,Tereza,1NpzgbmKoMaYxNGre3nxz_nRAr84Js_kE,2017,0,90_ARCHIVE,1b2pFAIL6Cgc6e_t-B-GrZFTkTEwB9QFe,0%,pré-2021 sem sinal,https://drive.google.com/drive/folders/1TN9FIKDhDPPDe9LpOTMd5IVVsdxLNZYv
1l-DyhanhQnq6nfI-V0ryN0Zvg7s3Swsu,Ronaldo F,1NpzgbmKoMaYxNGre3nxz_nRAr84Js_kE,2017,0,90_ARCHIVE,1b2pFAIL6Cgc6e_t-B-GrZFTkTEwB9QFe,0%,pré-2021 sem sinal,https://drive.google.com/drive/folders/1l-DyhanhQnq6nfI-V0ryN0Zvg7s3Swsu
1e5FdMK9t0P5JOz9AW6qq_wEvYBFObBrt,Ricardo Leite Ganc,1NpzgbmKoMaYxNGre3nxz_nRAr84Js_kE,2017,0,90_ARCHIVE,1b2pFAIL6Cgc6e_t-B-GrZFTkTEwB9QFe,0%,pré-2021 sem sinal,https://drive.google.com/drive/folders/1e5FdMK9t0P5JOz9AW6qq_wEvYBFObBrt
1irzZHfnkUBsMZAwv-DxmeW7BDiZ9c0Yh,Maria Cecilia Domingos Sahyoun,1NpzgbmKoMaYxNGre3nxz_nRAr84Js_kE,2017,0,90_ARCHIVE,1b2pFAIL6Cgc6e_t-B-GrZFTkTEwB9QFe,0%,pré-2021 sem sinal,https://drive.google.com/drive/folders/1irzZHfnkUBsMZAwv-DxmeW7BDiZ9c0Yh
1dIS6e_2epBDDvQJOWqbbT4QDYUM8gQs_,OLEGÁRIO DE SÁ,1NpzgbmKoMaYxNGre3nxz_nRAr84Js_kE,2017,0,90_ARCHIVE,1b2pFAIL6Cgc6e_t-B-GrZFTkTEwB9QFe,0%,pré-2021 sem sinal,https://drive.google.com/drive/folders/1dIS6e_2epBDDvQJOWqbbT4QDYUM8gQs_
1Bhgwbw7_CRlJU9QL45zoS1lSL1CzJB88,Paulo Cesar Tavares de Oliveira,1NpzgbmKoMaYxNGre3nxz_nRAr84Js_kE,2017,0,90_ARCHIVE,1b2pFAIL6Cgc6e_t-B-GrZFTkTEwB9QFe,0%,pré-2021 sem sinal,https://drive.google.com/drive/folders/1Bhgwbw7_CRlJU9QL45zoS1lSL1CzJB88
1wbR8jBmaSBCPecg6oUzGjC4zfyxEQXpL,RAFAEL MARCONDES D'ANGELO,1NpzgbmKoMaYxNGre3nxz_nRAr84Js_kE,2017,0,90_ARCHIVE,1b2pFAIL6Cgc6e_t-B-GrZFTkTEwB9QFe,0%,pré-2021 sem sinal,https://drive.google.com/drive/folders/1wbR8jBmaSBCPecg6oUzGjC4zfyxEQXpL
1Fu-31FdciAgj9B1CVf-s0CWwl4Pppuz_,MARIO BERNARDES,1NpzgbmKoMaYxNGre3nxz_nRAr84Js_kE,2017,0,90_ARCHIVE,1b2pFAIL6Cgc6e_t-B-GrZFTkTEwB9QFe,0%,pré-2021 sem sinal,https://drive.google.com/drive/folders/1Fu-31FdciAgj9B1CVf-s0CWwl4Pppuz_
1RyGbgmJeABrbShwSV99HSLKaq-QuS_0Y,MAYRA CARBONE,1NpzgbmKoMaYxNGre3nxz_nRAr84Js_kE,2017,0,90_ARCHIVE,1b2pFAIL6Cgc6e_t-B-GrZFTkTEwB9QFe,0%,pré-2021 sem sinal,https://drive.google.com/drive/folders/1RyGbgmJeABrbShwSV99HSLKaq-QuS_0Y
1u3QppxE_2-ZhTwSnL7jE_Ve6bRESgpSV,Cinthya de Oliveira Svacina,1NpzgbmKoMaYxNGre3nxz_nRAr84Js_kE,2017,0,90_ARCHIVE,1b2pFAIL6Cgc6e_t-B-GrZFTkTEwB9QFe,0%,pré-2021 sem sinal,https://drive.google.com/drive/folders/1u3QppxE_2-ZhTwSnL7jE_Ve6bRESgpSV
1fNNHcTc00Z2QI7_jf93SK43p7ZvJaGDu,ANA ALVAREZ,1NpzgbmKoMaYxNGre3nxz_nRAr84Js_kE,2017,0,90_ARCHIVE,1b2pFAIL6Cgc6e_t-B-GrZFTkTEwB9QFe,0%,pré-2021 sem sinal,https://drive.google.com/drive/folders/1fNNHcTc00Z2QI7_jf93SK43p7ZvJaGDu
1xsmqSoT_RBggnK--TYdpyd_fxvpX1rfW,New Folder,1NpzgbmKoMaYxNGre3nxz_nRAr84Js_kE,2017,0,99_REVIEW/SemNome,1PaSeiS18VMWSQ43FEDg-jjx7pHJ40SIy,100%,vazio/genérico,https://drive.google.com/drive/folders/1xsmqSoT_RBggnK--TYdpyd_fxvpX1rfW
1gudD7l5Q8_TLpw7KeWpn2lbUTcQ5xIID,Contrato RicardoKnoepfemacher,1NpzgbmKoMaYxNGre3nxz_nRAr84Js_kE,2017,0,70_BUSINESS,1g6VsRP42__bKHOj2tqHPPeg-fg2EsGkT,100%,score=15.0 conf=100%,https://drive.google.com/drive/folders/1gudD7l5Q8_TLpw7KeWpn2lbUTcQ5xIID
11G060SjOAXQmk2fE9m1hzgxiZDYHJnRH,Benedito Abbud,1NpzgbmKoMaYxNGre3nxz_nRAr84Js_kE,2017,0,90_ARCHIVE,1b2pFAIL6Cgc6e_t-B-GrZFTkTEwB9QFe,0%,pré-2021 sem sinal,https://drive.google.com/drive/folders/11G060SjOAXQmk2fE9m1hzgxiZDYHJnRH
1qe1rcF5xt6df7--BavrWx4x4PWd74RlR,Antonio Luiz Vasconcelos,1NpzgbmKoMaYxNGre3nxz_nRAr84Js_kE,2017,0,90_ARCHIVE,1b2pFAIL6Cgc6e_t-B-GrZFTkTEwB9QFe,0%,pré-2021 sem sinal,https://drive.google.com/drive/folders/1qe1rcF5xt6df7--BavrWx4x4PWd74RlR
1-dZCVVBJfRAJvQvnZy2el9lJFbVNudv5,Juliana Martini,1NpzgbmKoMaYxNGre3nxz_nRAr84Js_kE,2017,0,90_ARCHIVE,1b2pFAIL6Cgc6e_t-B-GrZFTkTEwB9QFe,0%,pré-2021 sem sinal,https://drive.google.com/drive/folders/1-dZCVVBJfRAJvQvnZy2el9lJFbVNudv5
1VG6e5kG-ElbDu4NiJ3IO-QxcLkZs4eOk,Ricardo Fuscaldi,1NpzgbmKoMaYxNGre3nxz_nRAr84Js_kE,2017,0,90_ARCHIVE,1b2pFAIL6Cgc6e_t-B-GrZFTkTEwB9QFe,0%,pré-2021 sem sinal,https://drive.google.com/drive/folders/1VG6e5kG-ElbDu4NiJ3IO-QxcLkZs4eOk
1x2jfnAbyHm8j6K-gUyQYF44xveOhw0vr,NOURA DIJK,1NpzgbmKoMaYxNGre3nxz_nRAr84Js_kE,2017,0,90_ARCHIVE,1b2pFAIL6Cgc6e_t-B-GrZFTkTEwB9QFe,0%,pré-2021 sem sinal,https://drive.google.com/drive/folders/1x2jfnAbyHm8j6K-gUyQYF44xveOhw0vr
1uYV23qrbkO83vMfY11bqKarH7PKFHPMX,Tatiana Juca Bentivegna - Meninas  Pietra e Paola,1NpzgbmKoMaYxNGre3nxz_nRAr84Js_kE,2017,0,90_ARCHIVE,1b2pFAIL6Cgc6e_t-B-GrZFTkTEwB9QFe,0%,pré-2021 sem sinal,https://drive.google.com/drive/folders/1uYV23qrbkO83vMfY11bqKarH7PKFHPMX
166NLAL2YOFy7YH2HjYd_O5gcUl7WOjIw,Sidnei Abdalla,1NpzgbmKoMaYxNGre3nxz_nRAr84Js_kE,2017,0,90_ARCHIVE,1b2pFAIL6Cgc6e_t-B-GrZFTkTEwB9QFe,0%,pré-2021 sem sinal,https://drive.google.com/drive/folders/166NLAL2YOFy7YH2HjYd_O5gcUl7WOjIw
1KwEOhAB9zGECPiVWvbvdXvDB8HqZFHqu,CAROLINA YAMASAKI,1NpzgbmKoMaYxNGre3nxz_nRAr84Js_kE,2017,0,90_ARCHIVE,1b2pFAIL6Cgc6e_t-B-GrZFTkTEwB9QFe,0%,pré-2021 sem sinal,https://drive.google.com/drive/folders/1KwEOhAB9zGECPiVWvbvdXvDB8HqZFHqu
18yADgU-LI4xYJLFeW5RSWO7I_f7kRZnY,Nuno Cabral,1NpzgbmKoMaYxNGre3nxz_nRAr84Js_kE,2017,0,90_ARCHIVE,1b2pFAIL6Cgc6e_t-B-GrZFTkTEwB9QFe,0%,pré-2021 sem sinal,https://drive.google.com/drive/folders/18yADgU-LI4xYJLFeW5RSWO7I_f7kRZnY
1cTErmr-MTwjP-5inS9ZAQsvFpHUqanek,ana campos,1NpzgbmKoMaYxNGre3nxz_nRAr84Js_kE,2017,0,90_ARCHIVE,1b2pFAIL6Cgc6e_t-B-GrZFTkTEwB9QFe,0%,pré-2021 sem sinal,https://drive.google.com/drive/folders/1cTErmr-MTwjP-5inS9ZAQsvFpHUqanek
1catdwIh_2DPSlg308aVoNhmKje7V4EsX,CATHERINE VARELLA,1NpzgbmKoMaYxNGre3nxz_nRAr84Js_kE,2017,0,90_ARCHIVE,1b2pFAIL6Cgc6e_t-B-GrZFTkTEwB9QFe,0%,pré-2021 sem sinal,https://drive.google.com/drive/folders/1catdwIh_2DPSlg308aVoNhmKje7V4EsX
12IPGqUEHSuBQJwLQ4mcEyvTO20oTmZ6n,Fred Modulin,1NpzgbmKoMaYxNGre3nxz_nRAr84Js_kE,2017,0,90_ARCHIVE,1b2pFAIL6Cgc6e_t-B-GrZFTkTEwB9QFe,0%,pré-2021 sem sinal,https://drive.google.com/drive/folders/12IPGqUEHSuBQJwLQ4mcEyvTO20oTmZ6n
1oNoMRlaKq8P5ZYFOOnleIZ9w8l0VU9CE,Luciana Angeiras,1NpzgbmKoMaYxNGre3nxz_nRAr84Js_kE,2017,0,90_ARCHIVE,1b2pFAIL6Cgc6e_t-B-GrZFTkTEwB9QFe,0%,pré-2021 sem sinal,https://drive.google.com/drive/folders/1oNoMRlaKq8P5ZYFOOnleIZ9w8l0VU9CE
1pgHBbDPBXd9A_VRwox9Rr-XcuyZWw3H-,Paola e Marcela Smania,1NpzgbmKoMaYxNGre3nxz_nRAr84Js_kE,2017,0,90_ARCHIVE,1b2pFAIL6Cgc6e_t-B-GrZFTkTEwB9QFe,0%,pré-2021 sem sinal,https://drive.google.com/drive/folders/1pgHBbDPBXd9A_VRwox9Rr-XcuyZWw3H-
1IKlNMzdcLfjRYabWfPXs8zBuEx-uYtOJ,Suzana Chang,1NpzgbmKoMaYxNGre3nxz_nRAr84Js_kE,2017,0,90_ARCHIVE,1b2pFAIL6Cgc6e_t-B-GrZFTkTEwB9QFe,0%,pré-2021 sem sinal,https://drive.google.com/drive/folders/1IKlNMzdcLfjRYabWfPXs8zBuEx-uYtOJ
14Bob3snwG3Wt02XiLM8a6nzKfMXnF1_A,Sr. Manuel e Dona Argentina,1NpzgbmKoMaYxNGre3nxz_nRAr84Js_kE,2017,0,90_ARCHIVE,1b2pFAIL6Cgc6e_t-B-GrZFTkTEwB9QFe,0%,pré-2021 sem sinal,https://drive.google.com/drive/folders/14Bob3snwG3Wt02XiLM8a6nzKfMXnF1_A
1cFB4H3R1NmZIV30nNQKb4b_xt4VUNrMS,Tatiana Bentivegna,1NpzgbmKoMaYxNGre3nxz_nRAr84Js_kE,2017,0,90_ARCHIVE,1b2pFAIL6Cgc6e_t-B-GrZFTkTEwB9QFe,0%,pré-2021 sem sinal,https://drive.google.com/drive/folders/1cFB4H3R1NmZIV30nNQKb4b_xt4VUNrMS
1Kluwesazm18dxSyQJTHCkg_d_lYdbcpd,Edith Horibe,1NpzgbmKoMaYxNGre3nxz_nRAr84Js_kE,2017,0,90_ARCHIVE,1b2pFAIL6Cgc6e_t-B-GrZFTkTEwB9QFe,0%,pré-2021 sem sinal,https://drive.google.com/drive/folders/1Kluwesazm18dxSyQJTHCkg_d_lYdbcpd
1Ejj25vkvv84kauwvxGytePovWlMi04KR,2010,14YRREhgT4SK849mjKbgeZID6mjXdZPEY,2017,0,90_ARCHIVE,1b2pFAIL6Cgc6e_t-B-GrZFTkTEwB9QFe,0%,pré-2021 sem sinal,https://drive.google.com/drive/folders/1Ejj25vkvv84kauwvxGytePovWlMi04KR
14YRREhgT4SK849mjKbgeZID6mjXdZPEY,Waldemar Lerro,1NpzgbmKoMaYxNGre3nxz_nRAr84Js_kE,2017,0,90_ARCHIVE,1b2pFAIL6Cgc6e_t-B-GrZFTkTEwB9QFe,0%,pré-2021 sem sinal,https://drive.google.com/drive/folders/14YRREhgT4SK849mjKbgeZID6mjXdZPEY
1gaXPeoQFbqiuALXIFYaJJnmmlxM25hn5,Monica,1NpzgbmKoMaYxNGre3nxz_nRAr84Js_kE,2017,0,90_ARCHIVE,1b2pFAIL6Cgc6e_t-B-GrZFTkTEwB9QFe,0%,pré-2021 sem sinal,https://drive.google.com/drive/folders/1gaXPeoQFbqiuALXIFYaJJnmmlxM25hn5
1HxnXWlfCraiaEIbCa0t48UHkfTKljbeR,Antonio Carlos Nazar,1NpzgbmKoMaYxNGre3nxz_nRAr84Js_kE,2017,0,90_ARCHIVE,1b2pFAIL6Cgc6e_t-B-GrZFTkTEwB9QFe,0%,pré-2021 sem sinal,https://drive.google.com/drive/folders/1HxnXWlfCraiaEIbCa0t48UHkfTKljbeR
1L1geiaMq7_NKpC3ZPWp_9TsztKCSckTi,Renata Beattie,1NpzgbmKoMaYxNGre3nxz_nRAr84Js_kE,2017,0,90_ARCHIVE,1b2pFAIL6Cgc6e_t-B-GrZFTkTEwB9QFe,0%,pré-2021 sem sinal,https://drive.google.com/drive/folders/1L1geiaMq7_NKpC3ZPWp_9TsztKCSckTi
18KrckPrEv9qUozX5LEhk297zCUwTsBM7,RICARDO FUSCLADI,1NpzgbmKoMaYxNGre3nxz_nRAr84Js_kE,2017,0,90_ARCHIVE,1b2pFAIL6Cgc6e_t-B-GrZFTkTEwB9QFe,0%,pré-2021 sem sinal,https://drive.google.com/drive/folders/18KrckPrEv9qUozX5LEhk297zCUwTsBM7
1c-FPGsehb0JgrmJMxdL15aGq-hiXyO7w,Lucio,1NpzgbmKoMaYxNGre3nxz_nRAr84Js_kE,2017,0,90_ARCHIVE,1b2pFAIL6Cgc6e_t-B-GrZFTkTEwB9QFe,0%,pré-2021 sem sinal,https://drive.google.com/drive/folders/1c-FPGsehb0JgrmJMxdL15aGq-hiXyO7w
1QQ1fTZ9yLvUtNYI7BTzA_YKMwt3Z5Ad4,MARIA CLAUDIA,1NpzgbmKoMaYxNGre3nxz_nRAr84Js_kE,2017,0,90_ARCHIVE,1b2pFAIL6Cgc6e_t-B-GrZFTkTEwB9QFe,0%,pré-2021 sem sinal,https://drive.google.com/drive/folders/1QQ1fTZ9yLvUtNYI7BTzA_YKMwt3Z5Ad4
1JShnI_TP8ttDptt2M-GgS_Jrdx5CrJQN,Tatiana Gavotti Verospi Mosaner,1NpzgbmKoMaYxNGre3nxz_nRAr84Js_kE,2017,0,90_ARCHIVE,1b2pFAIL6Cgc6e_t-B-GrZFTkTEwB9QFe,0%,pré-2021 sem sinal,https://drive.google.com/drive/folders/1JShnI_TP8ttDptt2M-GgS_Jrdx5CrJQN
1e_gqMrF6dilcvyzp7ZEomsyFM-M2sxR5,Sonia,1NpzgbmKoMaYxNGre3nxz_nRAr84Js_kE,2017,0,90_ARCHIVE,1b2pFAIL6Cgc6e_t-B-GrZFTkTEwB9QFe,0%,pré-2021 sem sinal,https://drive.google.com/drive/folders/1e_gqMrF6dilcvyzp7ZEomsyFM-M2sxR5
1id7XTZsJhRYMBXAEwJpFCaA84xGSpc8x,Paulo Eduardo Albano,1NpzgbmKoMaYxNGre3nxz_nRAr84Js_kE,2017,0,90_ARCHIVE,1b2pFAIL6Cgc6e_t-B-GrZFTkTEwB9QFe,0%,pré-2021 sem sinal,https://drive.google.com/drive/folders/1id7XTZsJhRYMBXAEwJpFCaA84xGSpc8x
1PoEhYmcLAkzz2sT8Lcslki_BAprgKGBb,Gisele Fraga,1NpzgbmKoMaYxNGre3nxz_nRAr84Js_kE,2017,0,90_ARCHIVE,1b2pFAIL6Cgc6e_t-B-GrZFTkTEwB9QFe,0%,pré-2021 sem sinal,https://drive.google.com/drive/folders/1PoEhYmcLAkzz2sT8Lcslki_BAprgKGBb
1YgB8ih8oKwZj5NarntC1Sb_LHA040Jn9,Paulo Tavares,1NpzgbmKoMaYxNGre3nxz_nRAr84Js_kE,2017,0,90_ARCHIVE,1b2pFAIL6Cgc6e_t-B-GrZFTkTEwB9QFe,0%,pré-2021 sem sinal,https://drive.google.com/drive/folders/1YgB8ih8oKwZj5NarntC1Sb_LHA040Jn9
147-ng6NPHbVA1psl8CnCB0LRJ5AsMVM1,Edina Candido + Marco Bueno,1NpzgbmKoMaYxNGre3nxz_nRAr84Js_kE,2017,0,90_ARCHIVE,1b2pFAIL6Cgc6e_t-B-GrZFTkTEwB9QFe,0%,pré-2021 sem sinal,https://drive.google.com/drive/folders/147-ng6NPHbVA1psl8CnCB0LRJ5AsMVM1
1dX-x63mA5wlc_1OBSNMk4N69lSmi9Wkl,Fabiana de Almeida Pinto Benicio,1NpzgbmKoMaYxNGre3nxz_nRAr84Js_kE,2017,0,90_ARCHIVE,1b2pFAIL6Cgc6e_t-B-GrZFTkTEwB9QFe,0%,pré-2021 sem sinal,https://drive.google.com/drive/folders/1dX-x63mA5wlc_1OBSNMk4N69lSmi9Wkl
1VVx2Wlmb8531XN2X4FfS-WVcsm1oW4zs,Marcio Zanin Mauro,1NpzgbmKoMaYxNGre3nxz_nRAr84Js_kE,2017,0,90_ARCHIVE,1b2pFAIL6Cgc6e_t-B-GrZFTkTEwB9QFe,0%,pré-2021 sem sinal,https://drive.google.com/drive/folders/1VVx2Wlmb8531XN2X4FfS-WVcsm1oW4zs
1vIm_Wly3vdYxtZq9AhWUdwfD1F0uXneS,Juliana Malzoni,1NpzgbmKoMaYxNGre3nxz_nRAr84Js_kE,2017,0,90_ARCHIVE,1b2pFAIL6Cgc6e_t-B-GrZFTkTEwB9QFe,0%,pré-2021 sem sinal,https://drive.google.com/drive/folders/1vIm_Wly3vdYxtZq9AhWUdwfD1F0uXneS
1YJ1EHMmjIeq2XUo2IMEKQ4szeNRs4LuV,2010,1NxfHf1nioWOrg6m_mZaidLNhip_akjkD,2017,0,90_ARCHIVE,1b2pFAIL6Cgc6e_t-B-GrZFTkTEwB9QFe,0%,pré-2021 sem sinal,https://drive.google.com/drive/folders/1YJ1EHMmjIeq2XUo2IMEKQ4szeNRs4LuV
1NxfHf1nioWOrg6m_mZaidLNhip_akjkD,Ivete N. Lerro,1NpzgbmKoMaYxNGre3nxz_nRAr84Js_kE,2017,0,90_ARCHIVE,1b2pFAIL6Cgc6e_t-B-GrZFTkTEwB9QFe,0%,pré-2021 sem sinal,https://drive.google.com/drive/folders/1NxfHf1nioWOrg6m_mZaidLNhip_akjkD
1OBMxUtCXU0C1dli9g8kx4c4AgsKHgOco,Claudia Kaissar,1NpzgbmKoMaYxNGre3nxz_nRAr84Js_kE,2017,0,90_ARCHIVE,1b2pFAIL6Cgc6e_t-B-GrZFTkTEwB9QFe,0%,pré-2021 sem sinal,https://drive.google.com/drive/folders/1OBMxUtCXU0C1dli9g8kx4c4AgsKHgOco
1BoYjmj97_E7NRbD7dzoNBuEsNHNZeKSV,Leonardo J. Martinez Canada,1NpzgbmKoMaYxNGre3nxz_nRAr84Js_kE,2017,0,90_ARCHIVE,1b2pFAIL6Cgc6e_t-B-GrZFTkTEwB9QFe,0%,pré-2021 sem sinal,https://drive.google.com/drive/folders/1BoYjmj97_E7NRbD7dzoNBuEsNHNZeKSV
1_FUbZA5IXxAM98ZxYr9e7PMGGH4VX8EU,Andre,1NpzgbmKoMaYxNGre3nxz_nRAr84Js_kE,2017,0,90_ARCHIVE,1b2pFAIL6Cgc6e_t-B-GrZFTkTEwB9QFe,0%,pré-2021 sem sinal,https://drive.google.com/drive/folders/1_FUbZA5IXxAM98ZxYr9e7PMGGH4VX8EU
1OAlYSvMNX4nxrLJL0HD8kCzXJuezWMPd,MALENA COPELLO,1NpzgbmKoMaYxNGre3nxz_nRAr84Js_kE,2017,0,90_ARCHIVE,1b2pFAIL6Cgc6e_t-B-GrZFTkTEwB9QFe,0%,pré-2021 sem sinal,https://drive.google.com/drive/folders/1OAlYSvMNX4nxrLJL0HD8kCzXJuezWMPd
1nmI8dAI_uh3vgmoKy4z3nIns-RDF5N4Z,marina khouri,1NpzgbmKoMaYxNGre3nxz_nRAr84Js_kE,2017,0,90_ARCHIVE,1b2pFAIL6Cgc6e_t-B-GrZFTkTEwB9QFe,0%,pré-2021 sem sinal,https://drive.google.com/drive/folders/1nmI8dAI_uh3vgmoKy4z3nIns-RDF5N4Z
1HrZ8rc_Uxyv0wb41OHTBAg6zLT1BZJcP,Paula Sapadjian,1NpzgbmKoMaYxNGre3nxz_nRAr84Js_kE,2017,0,90_ARCHIVE,1b2pFAIL6Cgc6e_t-B-GrZFTkTEwB9QFe,0%,pré-2021 sem sinal,https://drive.google.com/drive/folders/1HrZ8rc_Uxyv0wb41OHTBAg6zLT1BZJcP
1b7W6Opdn40JkFxKN-Gm0GzsH1rjXPhNt,Graice,1NpzgbmKoMaYxNGre3nxz_nRAr84Js_kE,2017,0,90_ARCHIVE,1b2pFAIL6Cgc6e_t-B-GrZFTkTEwB9QFe,0%,pré-2021 sem sinal,https://drive.google.com/drive/folders/1b7W6Opdn40JkFxKN-Gm0GzsH1rjXPhNt
1dP3FBuOkqnziQNRaGLqV7kZV6q3O_XGQ,MARCUS VINICIUS GUIDA,1NpzgbmKoMaYxNGre3nxz_nRAr84Js_kE,2017,0,90_ARCHIVE,1b2pFAIL6Cgc6e_t-B-GrZFTkTEwB9QFe,0%,pré-2021 sem sinal,https://drive.google.com/drive/folders/1dP3FBuOkqnziQNRaGLqV7kZV6q3O_XGQ
1idvHEr_uKeJn29Y-o7h9dE7U28In8ZAV,Omar Sahyoun,1NpzgbmKoMaYxNGre3nxz_nRAr84Js_kE,2017,0,90_ARCHIVE,1b2pFAIL6Cgc6e_t-B-GrZFTkTEwB9QFe,0%,pré-2021 sem sinal,https://drive.google.com/drive/folders/1idvHEr_uKeJn29Y-o7h9dE7U28In8ZAV
11oQazkHnnswgpp5OK_fJLNPduzAVufGw,Renise Galvão,1NpzgbmKoMaYxNGre3nxz_nRAr84Js_kE,2017,0,90_ARCHIVE,1b2pFAIL6Cgc6e_t-B-GrZFTkTEwB9QFe,0%,pré-2021 sem sinal,https://drive.google.com/drive/folders/11oQazkHnnswgpp5OK_fJLNPduzAVufGw
10MCwX92_9Gwc511TFT5zGX7rE2eoJvvj,Fabio Urban,1NpzgbmKoMaYxNGre3nxz_nRAr84Js_kE,2017,0,90_ARCHIVE,1b2pFAIL6Cgc6e_t-B-GrZFTkTEwB9QFe,0%,pré-2021 sem sinal,https://drive.google.com/drive/folders/10MCwX92_9Gwc511TFT5zGX7rE2eoJvvj
1B8BA2ptiStKw6SOS1K-rjio8DFNXmIQo,Contrato Vladimir,1NpzgbmKoMaYxNGre3nxz_nRAr84Js_kE,2017,0,70_BUSINESS,1g6VsRP42__bKHOj2tqHPPeg-fg2EsGkT,100%,score=15.0 conf=100%,https://drive.google.com/drive/folders/1B8BA2ptiStKw6SOS1K-rjio8DFNXmIQo
1z-aX7U3MMJCMeBhnfD38lrGFffwmLcxe,Adriana,1NpzgbmKoMaYxNGre3nxz_nRAr84Js_kE,2017,0,90_ARCHIVE,1b2pFAIL6Cgc6e_t-B-GrZFTkTEwB9QFe,0%,pré-2021 sem sinal,https://drive.google.com/drive/folders/1z-aX7U3MMJCMeBhnfD38lrGFffwmLcxe
1X4TmtRfzxPF5ShoHnGMd0Ewpzis6KvzM,fernanda rezende teixeira,1NpzgbmKoMaYxNGre3nxz_nRAr84Js_kE,2017,0,90_ARCHIVE,1b2pFAIL6Cgc6e_t-B-GrZFTkTEwB9QFe,0%,pré-2021 sem sinal,https://drive.google.com/drive/folders/1X4TmtRfzxPF5ShoHnGMd0Ewpzis6KvzM
1tWKN46FSLpQH_GTyneItVuQYFGdW-RYw,Musculação,1YFDVhArJOUUhfL2oRYVi_ejqrvCwyNxo,2017,0,90_ARCHIVE,1b2pFAIL6Cgc6e_t-B-GrZFTkTEwB9QFe,0%,pré-2021 sem sinal,https://drive.google.com/drive/folders/1tWKN46FSLpQH_GTyneItVuQYFGdW-RYw
1QYhae_3v3E2k4Iv7IdO0_w5i46uZMjnv,DISC,1YFDVhArJOUUhfL2oRYVi_ejqrvCwyNxo,2017,0,90_ARCHIVE,1b2pFAIL6Cgc6e_t-B-GrZFTkTEwB9QFe,0%,pré-2021 sem sinal,https://drive.google.com/drive/folders/1QYhae_3v3E2k4Iv7IdO0_w5i46uZMjnv
1bmi3twt0q9qp0sCFQvG1Xd9mCIo06K38,1 O QUE E O MICHAEL TRAINER 4 2.pages,1gNCLgIyGJQlXbgKHfRqaMvg3gQ18TAu2,2017,0,00_SYSTEM,1B6aUQRoESqp8o2tarlse5zCgd12Arc5Q,100%,override: '\b(asset\.resource|output\.layerstack|in',https://drive.google.com/drive/folders/1bmi3twt0q9qp0sCFQvG1Xd9mCIo06K38
1HxV6JsSoBHrNO-limfDLuz4br0LRCxcj,1 O QUE E O MICHAEL TRAINER 3.pages,1gNCLgIyGJQlXbgKHfRqaMvg3gQ18TAu2,2017,0,00_SYSTEM,1B6aUQRoESqp8o2tarlse5zCgd12Arc5Q,100%,override: '\b(asset\.resource|output\.layerstack|in',https://drive.google.com/drive/folders/1HxV6JsSoBHrNO-limfDLuz4br0LRCxcj
143G7iIHI60EOyY_7fdkGoRbqKOkP5IfB,PLANO DE NEGOCIO,1-sMv15YhBZFxjFFpjDpWPxBrw7Caw0ac,2016,0,30_AREAS/Mente,1pggTB9hPdF7f50-Zzt7f74GWW1I4fqp0,100%,score=20.0 conf=100%,https://drive.google.com/drive/folders/143G7iIHI60EOyY_7fdkGoRbqKOkP5IfB
1OsODuuxANf6VukAAQfeYBA1diAQVYJXz,Diversos,1YFDVhArJOUUhfL2oRYVi_ejqrvCwyNxo,2015,0,90_ARCHIVE,1b2pFAIL6Cgc6e_t-B-GrZFTkTEwB9QFe,0%,pré-2021 sem sinal,https://drive.google.com/drive/folders/1OsODuuxANf6VukAAQfeYBA1diAQVYJXz
1oO2bSLbU3Y2mjG9tg83vk5z7-aZXM8Ip,Postural Flex,1pXN4BRpx-ym3T-WWnRT5vC0GOAqCdjF7,2015,0,90_ARCHIVE,1b2pFAIL6Cgc6e_t-B-GrZFTkTEwB9QFe,0%,pré-2021 sem sinal,https://drive.google.com/drive/folders/1oO2bSLbU3Y2mjG9tg83vk5z7-aZXM8Ip
1-tcoPvGqMDYgwYV3T0NQsg6UgiC3tOe2,Master Of Puppets (1986),1QLyy4Y9Awm2W4xADY0cBSXW0RzPGtu4k,2015,0,90_ARCHIVE,1b2pFAIL6Cgc6e_t-B-GrZFTkTEwB9QFe,0%,pré-2021 sem sinal,https://drive.google.com/drive/folders/1-tcoPvGqMDYgwYV3T0NQsg6UgiC3tOe2
1QLyy4Y9Awm2W4xADY0cBSXW0RzPGtu4k,Rafael,1ispD9OHCY_tmJD2KXJ84u-PL8A43xDJo,2015,0,90_ARCHIVE,1b2pFAIL6Cgc6e_t-B-GrZFTkTEwB9QFe,0%,pré-2021 sem sinal,https://drive.google.com/drive/folders/1QLyy4Y9Awm2W4xADY0cBSXW0RzPGtu4k
1ESg94GBDu5H-J0gT1dd0jNmG6AKU5-_x,Adriana,1ispD9OHCY_tmJD2KXJ84u-PL8A43xDJo,2015,0,90_ARCHIVE,1b2pFAIL6Cgc6e_t-B-GrZFTkTEwB9QFe,0%,pré-2021 sem sinal,https://drive.google.com/drive/folders/1ESg94GBDu5H-J0gT1dd0jNmG6AKU5-_x
1ispD9OHCY_tmJD2KXJ84u-PL8A43xDJo,Professores,18ly2Q79sjslL_IRiCmwPOkEpHmpNRdB_,2015,0,90_ARCHIVE,1b2pFAIL6Cgc6e_t-B-GrZFTkTEwB9QFe,0%,pré-2021 sem sinal,https://drive.google.com/drive/folders/1ispD9OHCY_tmJD2KXJ84u-PL8A43xDJo
1LF2pNnF599g4Cl5zo1EYGttI32uzO6i5,03,13D6i_2_xggXkcGGtwHUglg6arHLZX7Cy,2015,0,90_ARCHIVE,1b2pFAIL6Cgc6e_t-B-GrZFTkTEwB9QFe,0%,pré-2021 sem sinal,https://drive.google.com/drive/folders/1LF2pNnF599g4Cl5zo1EYGttI32uzO6i5
13D6i_2_xggXkcGGtwHUglg6arHLZX7Cy,14,1aC55aYrU2RcOriAEiqBBrL0CiVDvOh7A,2015,0,90_ARCHIVE,1b2pFAIL6Cgc6e_t-B-GrZFTkTEwB9QFe,0%,pré-2021 sem sinal,https://drive.google.com/drive/folders/13D6i_2_xggXkcGGtwHUglg6arHLZX7Cy
1aC55aYrU2RcOriAEiqBBrL0CiVDvOh7A,14,1PNqf9UYaVqaS997VacZbBYoR6C0X2kwr,2015,0,90_ARCHIVE,1b2pFAIL6Cgc6e_t-B-GrZFTkTEwB9QFe,0%,pré-2021 sem sinal,https://drive.google.com/drive/folders/1aC55aYrU2RcOriAEiqBBrL0CiVDvOh7A
1PNqf9UYaVqaS997VacZbBYoR6C0X2kwr,A0D05E56478A7730,1v0U0o46sqJAw9b8t4pmWtnhkeHh83SXA,2015,0,90_ARCHIVE,1b2pFAIL6Cgc6e_t-B-GrZFTkTEwB9QFe,0%,pré-2021 sem sinal,https://drive.google.com/drive/folders/1PNqf9UYaVqaS997VacZbBYoR6C0X2kwr
1v0U0o46sqJAw9b8t4pmWtnhkeHh83SXA,Cache,1NHPwQXOUBWktLaWJJ9z-Aoil4a6R9Kpt,2015,0,90_ARCHIVE,1b2pFAIL6Cgc6e_t-B-GrZFTkTEwB9QFe,0%,pré-2021 sem sinal,https://drive.google.com/drive/folders/1v0U0o46sqJAw9b8t4pmWtnhkeHh83SXA
1NHPwQXOUBWktLaWJJ9z-Aoil4a6R9Kpt,Album Artwork,1YHJTlEHPxQukQGSMNnRPSMuHdcEWm0DO,2015,0,90_ARCHIVE,1b2pFAIL6Cgc6e_t-B-GrZFTkTEwB9QFe,0%,pré-2021 sem sinal,https://drive.google.com/drive/folders/1NHPwQXOUBWktLaWJJ9z-Aoil4a6R9Kpt
1YHJTlEHPxQukQGSMNnRPSMuHdcEWm0DO,iTunes,1u0FiV7oGFZhjhjcsbwnmd_-jeV5AvSC7,2015,0,90_ARCHIVE,1b2pFAIL6Cgc6e_t-B-GrZFTkTEwB9QFe,0%,pré-2021 sem sinal,https://drive.google.com/drive/folders/1YHJTlEHPxQukQGSMNnRPSMuHdcEWm0DO
1u0FiV7oGFZhjhjcsbwnmd_-jeV5AvSC7,My Music,1XAcS7Uz0AkhcpWGAl57orNvh8PQwKqfy,2015,0,90_ARCHIVE,1b2pFAIL6Cgc6e_t-B-GrZFTkTEwB9QFe,0%,pré-2021 sem sinal,https://drive.google.com/drive/folders/1u0FiV7oGFZhjhjcsbwnmd_-jeV5AvSC7
1XAcS7Uz0AkhcpWGAl57orNvh8PQwKqfy,My Documents,18ly2Q79sjslL_IRiCmwPOkEpHmpNRdB_,2015,0,90_ARCHIVE,1b2pFAIL6Cgc6e_t-B-GrZFTkTEwB9QFe,0%,pré-2021 sem sinal,https://drive.google.com/drive/folders/1XAcS7Uz0AkhcpWGAl57orNvh8PQwKqfy
18ly2Q79sjslL_IRiCmwPOkEpHmpNRdB_,PROFESSOR,1htv9ScimFMAMwvhp8kXY-daRmgIsQMB0,2015,0,90_ARCHIVE,1b2pFAIL6Cgc6e_t-B-GrZFTkTEwB9QFe,0%,pré-2021 sem sinal,https://drive.google.com/drive/folders/18ly2Q79sjslL_IRiCmwPOkEpHmpNRdB_
1PO4pC9GkZhJ_rShhfwTdDDPI1NlRfsey,sutra sagrada chuva de nectar da verdade,1KUr0JPVF0TWexxp9K0vkpkg3XGKJZ-1I,2016,0,90_ARCHIVE,1b2pFAIL6Cgc6e_t-B-GrZFTkTEwB9QFe,0%,pré-2021 sem sinal,https://drive.google.com/drive/folders/1PO4pC9GkZhJ_rShhfwTdDDPI1NlRfsey
1ORdvsPtIStJeUx7k_Lad0JQMVN3xpN9t,Zouk,1KUr0JPVF0TWexxp9K0vkpkg3XGKJZ-1I,2015,0,90_ARCHIVE,1b2pFAIL6Cgc6e_t-B-GrZFTkTEwB9QFe,0%,pré-2021 sem sinal,https://drive.google.com/drive/folders/1ORdvsPtIStJeUx7k_Lad0JQMVN3xpN9t
18_XtmHd6569vMAxFa2TNLalID7bAD7Sq,Pictures,1uoa439w6N2RWnvIXVXiuPzyqUxTdVT5f,2018,12,30_AREAS/Corpo,1sKg_cI7ZnP8Ql6YafIOFyfSs7XEwzqM8,57%,score=4.0 conf=57%,https://drive.google.com/drive/folders/18_XtmHd6569vMAxFa2TNLalID7bAD7Sq
1si4ReX3JJBLVsMykGf3FXojJA6pToED6,corrida ,18_XtmHd6569vMAxFa2TNLalID7bAD7Sq,2017,7,30_AREAS/Corpo,1sKg_cI7ZnP8Ql6YafIOFyfSs7XEwzqM8,100%,score=20.0 conf=100%,https://drive.google.com/drive/folders/1si4ReX3JJBLVsMykGf3FXojJA6pToED6
1GrkwziC2IaVOokCel3tJirAfziBME5nT,O MAPA ,1vpRyYCWqD1Zvi6uDcikd70LULVmyM19T,2023,0,99_REVIEW,156bSZj5fqG0pi7SFNFLriuX0hhLPmtnl,0%,sem sinal,https://drive.google.com/drive/folders/1GrkwziC2IaVOokCel3tJirAfziBME5nT
1dlfFW2S2gGBeBJ6ADOtjnSwVE_fQOWoA,System Volume Information,1lklIEkLAmN_Nw8Fu0u1Ry5hWkVjx6GQJ,2024,0,99_REVIEW,156bSZj5fqG0pi7SFNFLriuX0hhLPmtnl,0%,sem sinal,https://drive.google.com/drive/folders/1dlfFW2S2gGBeBJ6ADOtjnSwVE_fQOWoA
1O5rf9rv1WQ7fx4s45E3Bz9dJ_cGu6sHx,Z,1kV5Ei2EBSc7BFhvTguNizuUKJ58claf7,2026,0,99_REVIEW,156bSZj5fqG0pi7SFNFLriuX0hhLPmtnl,0%,sem sinal,https://drive.google.com/drive/folders/1O5rf9rv1WQ7fx4s45E3Bz9dJ_cGu6sHx
1rPxujOjP36Xlwb4OoSi7OCnp05LGcfcd,SOAP ,1FH47LzbzMQUgGSp5j46kFNcqDEENSnbz,2018,0,90_ARCHIVE,1b2pFAIL6Cgc6e_t-B-GrZFTkTEwB9QFe,0%,pré-2021 sem sinal,https://drive.google.com/drive/folders/1rPxujOjP36Xlwb4OoSi7OCnp05LGcfcd
1vR_uuydd9vJBdygo_iBQTJxBH1Bm8n1q,FERRAMENTAS,1FH47LzbzMQUgGSp5j46kFNcqDEENSnbz,2018,0,90_ARCHIVE,1b2pFAIL6Cgc6e_t-B-GrZFTkTEwB9QFe,0%,pré-2021 sem sinal,https://drive.google.com/drive/folders/1vR_uuydd9vJBdygo_iBQTJxBH1Bm8n1q
1pwxw73z64KTCr5Q1upFWwN_2X0SzQQx7,templetes ,18_XtmHd6569vMAxFa2TNLalID7bAD7Sq,2017,0,90_ARCHIVE,1b2pFAIL6Cgc6e_t-B-GrZFTkTEwB9QFe,0%,pré-2021 sem sinal,https://drive.google.com/drive/folders/1pwxw73z64KTCr5Q1upFWwN_2X0SzQQx7
1lh6AeiUNfeTIuOmS1Sx6ufQDt6v74Sp3,RAMTHA ORACAO,1FH47LzbzMQUgGSp5j46kFNcqDEENSnbz,2017,0,90_ARCHIVE,1b2pFAIL6Cgc6e_t-B-GrZFTkTEwB9QFe,0%,pré-2021 sem sinal,https://drive.google.com/drive/folders/1lh6AeiUNfeTIuOmS1Sx6ufQDt6v74Sp3
1Pct6eLqo7PquSw6ukn8SrFconaFsiR0I,SAINDO DA MATRIX,1FH47LzbzMQUgGSp5j46kFNcqDEENSnbz,2017,0,90_ARCHIVE,1b2pFAIL6Cgc6e_t-B-GrZFTkTEwB9QFe,0%,pré-2021 sem sinal,https://drive.google.com/drive/folders/1Pct6eLqo7PquSw6ukn8SrFconaFsiR0I
1ETR1ZKRv5XPTkNYpIVRsT8isQwSNgSSZ,RODOL DIESEL ,1qgWwplqYP22QDh8JBfVRHpfkxnD6zQo3,2016,0,90_ARCHIVE,1b2pFAIL6Cgc6e_t-B-GrZFTkTEwB9QFe,0%,pré-2021 sem sinal,https://drive.google.com/drive/folders/1ETR1ZKRv5XPTkNYpIVRsT8isQwSNgSSZ
1qgWwplqYP22QDh8JBfVRHpfkxnD6zQo3,POWER,1Pct6eLqo7PquSw6ukn8SrFconaFsiR0I,2016,0,90_ARCHIVE,1b2pFAIL6Cgc6e_t-B-GrZFTkTEwB9QFe,0%,pré-2021 sem sinal,https://drive.google.com/drive/folders/1qgWwplqYP22QDh8JBfVRHpfkxnD6zQo3
1A2VRcSSiQz5qxv7IcPf5wKZqJ0Qge6X7,System Volume Information,1O5rf9rv1WQ7fx4s45E3Bz9dJ_cGu6sHx,2024,0,99_REVIEW,156bSZj5fqG0pi7SFNFLriuX0hhLPmtnl,0%,sem sinal,https://drive.google.com/drive/folders/1A2VRcSSiQz5qxv7IcPf5wKZqJ0Qge6X7
1kkiOE3UvZbQSMQwJPuwVT-JjcLLMiMzD,LIZ ,1O5rf9rv1WQ7fx4s45E3Bz9dJ_cGu6sHx,2024,0,99_REVIEW,156bSZj5fqG0pi7SFNFLriuX0hhLPmtnl,0%,sem sinal,https://drive.google.com/drive/folders/1kkiOE3UvZbQSMQwJPuwVT-JjcLLMiMzD
1kV5Ei2EBSc7BFhvTguNizuUKJ58claf7,Logos Michael trainer ,0ADCGhLBiAQxcUk9PVA,2026,3,60_MEDIA/Fotos,1XnU-r5_jas_YWvbQnH_-RdcUtXyMT7B0,100%,score=2.6 conf=100%,https://drive.google.com/drive/folders/1kV5Ei2EBSc7BFhvTguNizuUKJ58claf7
1ApUA2DSqF21drLmzI9IONrQSaumkvXYa,TREINOS,1FH47LzbzMQUgGSp5j46kFNcqDEENSnbz,2026,0,30_AREAS/Corpo,1sKg_cI7ZnP8Ql6YafIOFyfSs7XEwzqM8,100%,score=8.0 conf=100%,https://drive.google.com/drive/folders/1ApUA2DSqF21drLmzI9IONrQSaumkvXYa
1XogwYZYWSrSYad7BGl6WA9S51KBtqhLO,PERIODIZACAO TOTAL ,1ApUA2DSqF21drLmzI9IONrQSaumkvXYa,2026,0,30_AREAS/Corpo,1sKg_cI7ZnP8Ql6YafIOFyfSs7XEwzqM8,100%,score=4.0 conf=100%,https://drive.google.com/drive/folders/1XogwYZYWSrSYad7BGl6WA9S51KBtqhLO
1PKTl3kP2y_8I6L9x29XFXhtUm0MQEkiS,PERFORMANCE PARA A VIDA ,1XogwYZYWSrSYad7BGl6WA9S51KBtqhLO,2026,0,30_AREAS/Corpo,1sKg_cI7ZnP8Ql6YafIOFyfSs7XEwzqM8,100%,score=20.0 conf=100%,https://drive.google.com/drive/folders/1PKTl3kP2y_8I6L9x29XFXhtUm0MQEkiS
1OSQUqHOjwv7_qy69ZIvnNPPo6Fa6ErOy,LIVROS ,1FH47LzbzMQUgGSp5j46kFNcqDEENSnbz,2026,0,99_REVIEW,156bSZj5fqG0pi7SFNFLriuX0hhLPmtnl,0%,sem sinal,https://drive.google.com/drive/folders/1OSQUqHOjwv7_qy69ZIvnNPPo6Fa6ErOy
1u-D281W6jdM1L5XcjJLRQfua5iI-888x,Projeto MT - EPS,1-07aN5WgdbLXzQWp7MQp5QAQuazW1ENA,2024,9,60_MEDIA/Fotos,1XnU-r5_jas_YWvbQnH_-RdcUtXyMT7B0,100%,score=0.3 conf=100%,https://drive.google.com/drive/folders/1u-D281W6jdM1L5XcjJLRQfua5iI-888x
1KPSsa7H9a1C3e1JGqZ_h_KqDnrhNy7b4,outro exeplo ,1tX36O_VNOs4Wla4poPtBmXoJ6544V9SE,2023,0,99_REVIEW,156bSZj5fqG0pi7SFNFLriuX0hhLPmtnl,0%,sem sinal,https://drive.google.com/drive/folders/1KPSsa7H9a1C3e1JGqZ_h_KqDnrhNy7b4
12hnkaYs8WzQ3xyiR-dk2a9JEJT9ziON9,PESQUISA ,10zSAQ8uFaE4FWWLIMTkwVhJpu9gsrYX9,2023,0,40_KNOWLEDGE,1e5BK2bCjDsqzkl08j6DqFHiXo-y02WJX,100%,score=10.0 conf=100%,https://drive.google.com/drive/folders/12hnkaYs8WzQ3xyiR-dk2a9JEJT9ziON9
1DSiGXuQtIFlDQy30yMAbS1pxaZql8Xwd,IMAGENS ,1499ZjrSLTt-lhy90DbVF6OYN2mlgLn45,2023,0,99_REVIEW,156bSZj5fqG0pi7SFNFLriuX0hhLPmtnl,0%,sem sinal,https://drive.google.com/drive/folders/1DSiGXuQtIFlDQy30yMAbS1pxaZql8Xwd
1_DDDJJk9GnaDxJFxdWlzaD7sZEfOGQQ9,IMAGENS ,10zSAQ8uFaE4FWWLIMTkwVhJpu9gsrYX9,2023,0,99_REVIEW,156bSZj5fqG0pi7SFNFLriuX0hhLPmtnl,0%,sem sinal,https://drive.google.com/drive/folders/1_DDDJJk9GnaDxJFxdWlzaD7sZEfOGQQ9
1U-8kwtRiAPjmGIct2o6npfiI_CGoQ8Hl,QUEM SOU ,15ApTi6DRBsLfFh9pw-Zl1jpTZN8_5RkJ,2023,0,99_REVIEW,156bSZj5fqG0pi7SFNFLriuX0hhLPmtnl,0%,sem sinal,https://drive.google.com/drive/folders/1U-8kwtRiAPjmGIct2o6npfiI_CGoQ8Hl
1s_ipLehQjPbzsba77i2aZOBdO2df0Bbp,PROJETO SITEMA ,10zSAQ8uFaE4FWWLIMTkwVhJpu9gsrYX9,2023,0,99_REVIEW,156bSZj5fqG0pi7SFNFLriuX0hhLPmtnl,0%,sem sinal,https://drive.google.com/drive/folders/1s_ipLehQjPbzsba77i2aZOBdO2df0Bbp
1aLwS0RcNfJnPonRYA0MDriqcpziSv4hJ,O MOMENTO PRESENTE ,15ApTi6DRBsLfFh9pw-Zl1jpTZN8_5RkJ,2023,0,99_REVIEW,156bSZj5fqG0pi7SFNFLriuX0hhLPmtnl,0%,sem sinal,https://drive.google.com/drive/folders/1aLwS0RcNfJnPonRYA0MDriqcpziSv4hJ
1E-wzmH_gliqKneUQP21QrkCNt-JVCTMc,DOCUMENTO S,1Yvpg1GvbufdUu7hePBKN8rsJ67R39TXl,2023,0,99_REVIEW,156bSZj5fqG0pi7SFNFLriuX0hhLPmtnl,0%,sem sinal,https://drive.google.com/drive/folders/1E-wzmH_gliqKneUQP21QrkCNt-JVCTMc
12pXZ10_IsCJbjpkEQ2lSCjYetQfLvPid,IMAGENS ,1Yvpg1GvbufdUu7hePBKN8rsJ67R39TXl,2023,0,99_REVIEW,156bSZj5fqG0pi7SFNFLriuX0hhLPmtnl,0%,sem sinal,https://drive.google.com/drive/folders/12pXZ10_IsCJbjpkEQ2lSCjYetQfLvPid
1o5-xGkri86EFehgRfwO6wT0SdTYc68Lq,VIDEOS,1VMM-2hcHjSESlfFzD8TKI5zzy2OB6sot,2023,0,60_MEDIA/Videos,1me7AYaMvDth_2oaOUsKAokzQk5kZHDUK,100%,score=10.0 conf=100%,https://drive.google.com/drive/folders/1o5-xGkri86EFehgRfwO6wT0SdTYc68Lq
17wlJtLGkmq5XiWa8OG_9GzC3TdaP2gJ5,MUNDO COMUM,1UmTK5_tVDQCpuLiyMIzsYgU10jOHiIlP,2023,0,99_REVIEW,156bSZj5fqG0pi7SFNFLriuX0hhLPmtnl,0%,sem sinal,https://drive.google.com/drive/folders/17wlJtLGkmq5XiWa8OG_9GzC3TdaP2gJ5
1suAPtc6mZUquXKQYqbTEmqpil1Z4yhBm,DIALOGOS,1czY1JTwO6AbcwS26FKlI-tX5sWCrUOUV,2023,0,99_REVIEW,156bSZj5fqG0pi7SFNFLriuX0hhLPmtnl,0%,sem sinal,https://drive.google.com/drive/folders/1suAPtc6mZUquXKQYqbTEmqpil1Z4yhBm
1JzfEvInKF2enNP369E5ADr6IUSzSLGl3,PSICOLOGIA ,1gUapNEROXtsSbWg0Jn-RoCrDx_UPo_RO,2023,0,30_AREAS/Mente,1pggTB9hPdF7f50-Zzt7f74GWW1I4fqp0,100%,score=20.0 conf=100%,https://drive.google.com/drive/folders/1JzfEvInKF2enNP369E5ADr6IUSzSLGl3
10nUTx3hHZaIhRASbA8N93kKvcBm5oYUn,DOCS,1VMM-2hcHjSESlfFzD8TKI5zzy2OB6sot,2023,0,99_REVIEW,156bSZj5fqG0pi7SFNFLriuX0hhLPmtnl,0%,sem sinal,https://drive.google.com/drive/folders/10nUTx3hHZaIhRASbA8N93kKvcBm5oYUn
1JqOYDMZn6_SGI5OIy6u-nzT47lFqGqx9, SOBRENATURAL ,1UmTK5_tVDQCpuLiyMIzsYgU10jOHiIlP,2023,0,99_REVIEW,156bSZj5fqG0pi7SFNFLriuX0hhLPmtnl,0%,sem sinal,https://drive.google.com/drive/folders/1JqOYDMZn6_SGI5OIy6u-nzT47lFqGqx9
1JNWK0OZ8c3XaWVHcoff2tF1UsQoZ1aO8,PESQUISA ,1UmTK5_tVDQCpuLiyMIzsYgU10jOHiIlP,2023,0,40_KNOWLEDGE,1e5BK2bCjDsqzkl08j6DqFHiXo-y02WJX,100%,score=10.0 conf=100%,https://drive.google.com/drive/folders/1JNWK0OZ8c3XaWVHcoff2tF1UsQoZ1aO8
1aV4ihb-sQcIQ65f9OG1biBKBIDwcHbXS,IDEIA CENTRAL DOS PERSONAGENS  ,1czY1JTwO6AbcwS26FKlI-tX5sWCrUOUV,2023,0,99_REVIEW,156bSZj5fqG0pi7SFNFLriuX0hhLPmtnl,0%,sem sinal,https://drive.google.com/drive/folders/1aV4ihb-sQcIQ65f9OG1biBKBIDwcHbXS
1_qspPt0GK6U305mFGiksTtyT9_txXe1w,IMAGENS INSPIRAR,1czY1JTwO6AbcwS26FKlI-tX5sWCrUOUV,2023,0,99_REVIEW,156bSZj5fqG0pi7SFNFLriuX0hhLPmtnl,0%,sem sinal,https://drive.google.com/drive/folders/1_qspPt0GK6U305mFGiksTtyT9_txXe1w
1PV2rd2L4abMgfAzcHZfER-7n14s1Bwqp,O ANTAGONISTA ,1czY1JTwO6AbcwS26FKlI-tX5sWCrUOUV,2023,0,99_REVIEW,156bSZj5fqG0pi7SFNFLriuX0hhLPmtnl,0%,sem sinal,https://drive.google.com/drive/folders/1PV2rd2L4abMgfAzcHZfER-7n14s1Bwqp
19QZOvLaNHJryax8h1mXB4Dz4LAtyOJMV,ELEMENTOS PARA OS PERSONAGENS ,1czY1JTwO6AbcwS26FKlI-tX5sWCrUOUV,2023,0,99_REVIEW,156bSZj5fqG0pi7SFNFLriuX0hhLPmtnl,0%,sem sinal,https://drive.google.com/drive/folders/19QZOvLaNHJryax8h1mXB4Dz4LAtyOJMV
18fI8h-UhT581yEeJx2YnkqVHfgNaXpQv,O HEROI ,1czY1JTwO6AbcwS26FKlI-tX5sWCrUOUV,2023,0,99_REVIEW,156bSZj5fqG0pi7SFNFLriuX0hhLPmtnl,0%,sem sinal,https://drive.google.com/drive/folders/18fI8h-UhT581yEeJx2YnkqVHfgNaXpQv
15ApTi6DRBsLfFh9pw-Zl1jpTZN8_5RkJ,PERSONLIADE ,1czY1JTwO6AbcwS26FKlI-tX5sWCrUOUV,2023,0,99_REVIEW,156bSZj5fqG0pi7SFNFLriuX0hhLPmtnl,0%,sem sinal,https://drive.google.com/drive/folders/15ApTi6DRBsLfFh9pw-Zl1jpTZN8_5RkJ
1hYNXYZiBL8-B3lArOh1J5SzQBCP6fdoe,FILME VIUVA NEGRA,1czY1JTwO6AbcwS26FKlI-tX5sWCrUOUV,2023,0,99_REVIEW,156bSZj5fqG0pi7SFNFLriuX0hhLPmtnl,0%,sem sinal,https://drive.google.com/drive/folders/1hYNXYZiBL8-B3lArOh1J5SzQBCP6fdoe
1499ZjrSLTt-lhy90DbVF6OYN2mlgLn45,UM GUIA ,1czY1JTwO6AbcwS26FKlI-tX5sWCrUOUV,2023,0,99_REVIEW,156bSZj5fqG0pi7SFNFLriuX0hhLPmtnl,0%,sem sinal,https://drive.google.com/drive/folders/1499ZjrSLTt-lhy90DbVF6OYN2mlgLn45
1UYRgLs3jslj3p2eMURzAHHJLX82daUGX,EGO,1czY1JTwO6AbcwS26FKlI-tX5sWCrUOUV,2023,0,99_REVIEW,156bSZj5fqG0pi7SFNFLriuX0hhLPmtnl,0%,sem sinal,https://drive.google.com/drive/folders/1UYRgLs3jslj3p2eMURzAHHJLX82daUGX
10zSAQ8uFaE4FWWLIMTkwVhJpu9gsrYX9,O SITEMA ,1912wT0bJWkaMFBV8ymtX37--_dgP1xRQ,2023,0,40_KNOWLEDGE,1e5BK2bCjDsqzkl08j6DqFHiXo-y02WJX,100%,score=2.0 conf=100%,https://drive.google.com/drive/folders/10zSAQ8uFaE4FWWLIMTkwVhJpu9gsrYX9
1ahRJwX_e44yjOUW-Lrjh3GMhocaw_MbB,ESCOLA DO SER ,1912wT0bJWkaMFBV8ymtX37--_dgP1xRQ,2023,0,99_REVIEW,156bSZj5fqG0pi7SFNFLriuX0hhLPmtnl,0%,sem sinal,https://drive.google.com/drive/folders/1ahRJwX_e44yjOUW-Lrjh3GMhocaw_MbB
1tkeFea92rBSEbDAhKMIqUtMAEEwGzsv7,PESQUISA,1czY1JTwO6AbcwS26FKlI-tX5sWCrUOUV,2023,0,40_KNOWLEDGE,1e5BK2bCjDsqzkl08j6DqFHiXo-y02WJX,100%,score=10.0 conf=100%,https://drive.google.com/drive/folders/1tkeFea92rBSEbDAhKMIqUtMAEEwGzsv7
1jsH6rQOHZFhuvzjtAAbnWpr3gVr19Mwc,O CORPO,1MXUWo1oTu5IVLGUBF-SBl4uQnIGjAr_e,2023,0,99_REVIEW,156bSZj5fqG0pi7SFNFLriuX0hhLPmtnl,0%,sem sinal,https://drive.google.com/drive/folders/1jsH6rQOHZFhuvzjtAAbnWpr3gVr19Mwc
1jBEXw4o0xp00P-5PvgF7DDu9RkZndUYp,PARTE 1,1MXUWo1oTu5IVLGUBF-SBl4uQnIGjAr_e,2023,0,99_REVIEW,156bSZj5fqG0pi7SFNFLriuX0hhLPmtnl,0%,sem sinal,https://drive.google.com/drive/folders/1jBEXw4o0xp00P-5PvgF7DDu9RkZndUYp
1aO149O8HDKTRmCZSxMuW7EQDPc9UFUS7,O DESERTO ,1MXUWo1oTu5IVLGUBF-SBl4uQnIGjAr_e,2023,0,99_REVIEW,156bSZj5fqG0pi7SFNFLriuX0hhLPmtnl,0%,sem sinal,https://drive.google.com/drive/folders/1aO149O8HDKTRmCZSxMuW7EQDPc9UFUS7
1sV3lsrQi7CRKwibJbSTonV3EhdxWJW2A,INTEGRANDO TUDO,1MXUWo1oTu5IVLGUBF-SBl4uQnIGjAr_e,2023,0,99_REVIEW,156bSZj5fqG0pi7SFNFLriuX0hhLPmtnl,0%,sem sinal,https://drive.google.com/drive/folders/1sV3lsrQi7CRKwibJbSTonV3EhdxWJW2A
19tsb3w3ZQ6jss-eKOII1GixOQgWVY3fF,CRIATIVIDADE,1ysXo7ZTfRgMCPdkGlNHDcowDEz_BlRBr,2023,0,99_REVIEW,156bSZj5fqG0pi7SFNFLriuX0hhLPmtnl,0%,sem sinal,https://drive.google.com/drive/folders/19tsb3w3ZQ6jss-eKOII1GixOQgWVY3fF
1mfPN16gFwEmJnfgLIckdypwNGHwtP78-,EBOOKS,1y-aMNrc-Hxq8Lu3sHbL4fIAtd65-_ZKs,2023,0,99_REVIEW,156bSZj5fqG0pi7SFNFLriuX0hhLPmtnl,0%,sem sinal,https://drive.google.com/drive/folders/1mfPN16gFwEmJnfgLIckdypwNGHwtP78-
1t6W7IDdRAZa1cdAJlI6oX2fyavhEGPV4,A MENTE ,1MXUWo1oTu5IVLGUBF-SBl4uQnIGjAr_e,2023,0,99_REVIEW,156bSZj5fqG0pi7SFNFLriuX0hhLPmtnl,0%,sem sinal,https://drive.google.com/drive/folders/1t6W7IDdRAZa1cdAJlI6oX2fyavhEGPV4
1LNyhzctCzlxsqR1JvGLA3-YoPGyiA2-N,PROJETO META HUMANO,1MXUWo1oTu5IVLGUBF-SBl4uQnIGjAr_e,2023,0,99_REVIEW,156bSZj5fqG0pi7SFNFLriuX0hhLPmtnl,0%,sem sinal,https://drive.google.com/drive/folders/1LNyhzctCzlxsqR1JvGLA3-YoPGyiA2-N
1OcLx9oE8YWCTV_9ifYSLfpwGYj2NNN3K,METODOS,1ysXo7ZTfRgMCPdkGlNHDcowDEz_BlRBr,2023,0,99_REVIEW,156bSZj5fqG0pi7SFNFLriuX0hhLPmtnl,0%,sem sinal,https://drive.google.com/drive/folders/1OcLx9oE8YWCTV_9ifYSLfpwGYj2NNN3K
1tX36O_VNOs4Wla4poPtBmXoJ6544V9SE,cenas ,1ysXo7ZTfRgMCPdkGlNHDcowDEz_BlRBr,2023,0,99_REVIEW,156bSZj5fqG0pi7SFNFLriuX0hhLPmtnl,0%,sem sinal,https://drive.google.com/drive/folders/1tX36O_VNOs4Wla4poPtBmXoJ6544V9SE
1b_LP-MNIpEV1yGfpPWcETnwYHUx1Klul,IMAGENS ,1y-aMNrc-Hxq8Lu3sHbL4fIAtd65-_ZKs,2023,0,99_REVIEW,156bSZj5fqG0pi7SFNFLriuX0hhLPmtnl,0%,sem sinal,https://drive.google.com/drive/folders/1b_LP-MNIpEV1yGfpPWcETnwYHUx1Klul
1pqh09Svowqem4KZHQ5Awo77jAApBvrsw,livros de ajuda ,1ysXo7ZTfRgMCPdkGlNHDcowDEz_BlRBr,2023,0,99_REVIEW,156bSZj5fqG0pi7SFNFLriuX0hhLPmtnl,0%,sem sinal,https://drive.google.com/drive/folders/1pqh09Svowqem4KZHQ5Awo77jAApBvrsw
1kaSitzJDCMadkyuk2hqstTL9aNXO0VYq,MOSTRE MASI NAO CONTE ,1ysXo7ZTfRgMCPdkGlNHDcowDEz_BlRBr,2023,0,99_REVIEW,156bSZj5fqG0pi7SFNFLriuX0hhLPmtnl,0%,sem sinal,https://drive.google.com/drive/folders/1kaSitzJDCMadkyuk2hqstTL9aNXO0VYq
1F78gtNF6972lc1XHBba4Y0fmmBqlpO3k,OUTLINE,1ysXo7ZTfRgMCPdkGlNHDcowDEz_BlRBr,2023,0,99_REVIEW,156bSZj5fqG0pi7SFNFLriuX0hhLPmtnl,0%,sem sinal,https://drive.google.com/drive/folders/1F78gtNF6972lc1XHBba4Y0fmmBqlpO3k
1Yvpg1GvbufdUu7hePBKN8rsJ67R39TXl,PERSONAGEM ,1ysXo7ZTfRgMCPdkGlNHDcowDEz_BlRBr,2023,0,99_REVIEW,156bSZj5fqG0pi7SFNFLriuX0hhLPmtnl,0%,sem sinal,https://drive.google.com/drive/folders/1Yvpg1GvbufdUu7hePBKN8rsJ67R39TXl
1aUt7iZz49Opp4NxdRjkLao54ZgDbZLxj,AUDIO ,1v-FIzDuCdYjWLCMLSMlL-nXNLP4oTpKC,2023,0,99_REVIEW,156bSZj5fqG0pi7SFNFLriuX0hhLPmtnl,0%,sem sinal,https://drive.google.com/drive/folders/1aUt7iZz49Opp4NxdRjkLao54ZgDbZLxj
1MeDJitmDwMGpB1EHosa1oCVu-Yu8L_Uk,LINGUA PORTUGUESSA ,1ysXo7ZTfRgMCPdkGlNHDcowDEz_BlRBr,2023,0,99_REVIEW,156bSZj5fqG0pi7SFNFLriuX0hhLPmtnl,0%,sem sinal,https://drive.google.com/drive/folders/1MeDJitmDwMGpB1EHosa1oCVu-Yu8L_Uk
1bGuwSkuNQQ329HrxfNY4OTyau4-r66bz,PLANEJAMENTO,1ysXo7ZTfRgMCPdkGlNHDcowDEz_BlRBr,2023,0,99_REVIEW,156bSZj5fqG0pi7SFNFLriuX0hhLPmtnl,0%,sem sinal,https://drive.google.com/drive/folders/1bGuwSkuNQQ329HrxfNY4OTyau4-r66bz
1VMM-2hcHjSESlfFzD8TKI5zzy2OB6sot,DICAS,1ysXo7ZTfRgMCPdkGlNHDcowDEz_BlRBr,2023,0,60_MEDIA/Videos,1me7AYaMvDth_2oaOUsKAokzQk5kZHDUK,100%,score=2.0 conf=100%,https://drive.google.com/drive/folders/1VMM-2hcHjSESlfFzD8TKI5zzy2OB6sot
1RENDUkbbKIK4F8csjk669Q3qckjFmq3l,MARKETING ,1ysXo7ZTfRgMCPdkGlNHDcowDEz_BlRBr,2023,0,30_AREAS/Mente,1pggTB9hPdF7f50-Zzt7f74GWW1I4fqp0,100%,score=20.0 conf=100%,https://drive.google.com/drive/folders/1RENDUkbbKIK4F8csjk669Q3qckjFmq3l
1sbL8T1AbIiGFargP2rG3va-IfqCddNCk,DICAS DE ROTERISTA ,1ysXo7ZTfRgMCPdkGlNHDcowDEz_BlRBr,2023,0,99_REVIEW,156bSZj5fqG0pi7SFNFLriuX0hhLPmtnl,0%,sem sinal,https://drive.google.com/drive/folders/1sbL8T1AbIiGFargP2rG3va-IfqCddNCk
1c5lziWB4KedINRB3oeD_H6sCvxGuJTID,DOCUMENTARIO ,1v-FIzDuCdYjWLCMLSMlL-nXNLP4oTpKC,2023,0,99_REVIEW,156bSZj5fqG0pi7SFNFLriuX0hhLPmtnl,0%,sem sinal,https://drive.google.com/drive/folders/1c5lziWB4KedINRB3oeD_H6sCvxGuJTID
1LS8GHDAwekA-RumYG0kdEly8IIUJlx4P,TRAILER ,1v-FIzDuCdYjWLCMLSMlL-nXNLP4oTpKC,2023,0,99_REVIEW,156bSZj5fqG0pi7SFNFLriuX0hhLPmtnl,0%,sem sinal,https://drive.google.com/drive/folders/1LS8GHDAwekA-RumYG0kdEly8IIUJlx4P
1VHeyTNOXpreQ8M7cmds13p93_X2PxPLF,MUSICAS ,1v-FIzDuCdYjWLCMLSMlL-nXNLP4oTpKC,2023,0,99_REVIEW,156bSZj5fqG0pi7SFNFLriuX0hhLPmtnl,0%,sem sinal,https://drive.google.com/drive/folders/1VHeyTNOXpreQ8M7cmds13p93_X2PxPLF
1ZsYpo87mL9_AJnBw9igksJJ_HxDFVNb7,Documentos ,1kREepDWm_VgCZc6VkbORcT2w3lSdDvK3,2023,0,99_REVIEW,156bSZj5fqG0pi7SFNFLriuX0hhLPmtnl,0%,sem sinal,https://drive.google.com/drive/folders/1ZsYpo87mL9_AJnBw9igksJJ_HxDFVNb7
1hxa_rri-7Eq5FdCIV74N_f-_-vEA6i7V,FOTOS,1kREepDWm_VgCZc6VkbORcT2w3lSdDvK3,2023,0,60_MEDIA/Fotos,1XnU-r5_jas_YWvbQnH_-RdcUtXyMT7B0,100%,score=10.0 conf=100%,https://drive.google.com/drive/folders/1hxa_rri-7Eq5FdCIV74N_f-_-vEA6i7V
1OJ3vrjmLDwwmwkcmkbmu_heF-XknR753,ESTRUTURA DA MATRIX,1kREepDWm_VgCZc6VkbORcT2w3lSdDvK3,2023,0,99_REVIEW,156bSZj5fqG0pi7SFNFLriuX0hhLPmtnl,0%,sem sinal,https://drive.google.com/drive/folders/1OJ3vrjmLDwwmwkcmkbmu_heF-XknR753
1pcS56JZhIZMqKilt2gJ88gimYhNkaJlm,FILMES ,1v-FIzDuCdYjWLCMLSMlL-nXNLP4oTpKC,2023,0,99_REVIEW,156bSZj5fqG0pi7SFNFLriuX0hhLPmtnl,0%,sem sinal,https://drive.google.com/drive/folders/1pcS56JZhIZMqKilt2gJ88gimYhNkaJlm
1Ls1KjiaCQDjeFt879rxf0-x1IAt1bL_o,COMERCIAIS ,1v-FIzDuCdYjWLCMLSMlL-nXNLP4oTpKC,2023,0,99_REVIEW,156bSZj5fqG0pi7SFNFLriuX0hhLPmtnl,0%,sem sinal,https://drive.google.com/drive/folders/1Ls1KjiaCQDjeFt879rxf0-x1IAt1bL_o
1BmuvLLANPMWrolSl4na_S7nI5nINpzLe,PESQUISA DE FILMES  ,1v-FIzDuCdYjWLCMLSMlL-nXNLP4oTpKC,2023,0,40_KNOWLEDGE,1e5BK2bCjDsqzkl08j6DqFHiXo-y02WJX,100%,score=10.0 conf=100%,https://drive.google.com/drive/folders/1BmuvLLANPMWrolSl4na_S7nI5nINpzLe
1qE8YAtVfp3ONZqZZLBQ1W2v6GhiT4s3W,FISICA QUANTICA ,1JO9NJlzV5xQ_X9Ja0HUCq5UmUqY1MkZS,2023,0,99_REVIEW,156bSZj5fqG0pi7SFNFLriuX0hhLPmtnl,0%,sem sinal,https://drive.google.com/drive/folders/1qE8YAtVfp3ONZqZZLBQ1W2v6GhiT4s3W
1gUapNEROXtsSbWg0Jn-RoCrDx_UPo_RO,MENTE,1JO9NJlzV5xQ_X9Ja0HUCq5UmUqY1MkZS,2023,0,30_AREAS/Mente,1pggTB9hPdF7f50-Zzt7f74GWW1I4fqp0,100%,score=4.0 conf=100%,https://drive.google.com/drive/folders/1gUapNEROXtsSbWg0Jn-RoCrDx_UPo_RO
16KJQksWSFI3kqFgpKhWbzqSwHA2PUNu_,ESPIRITUALIDADE,1JO9NJlzV5xQ_X9Ja0HUCq5UmUqY1MkZS,2023,0,30_AREAS/Observador,1JS6C8Y9czSd2Zyn2poafQ964C3c94VL2,100%,score=25.0 conf=100%,https://drive.google.com/drive/folders/16KJQksWSFI3kqFgpKhWbzqSwHA2PUNu_
16fEKfaf0eZvtfWVoN_6_2U6PRhLG3aI-,METAFISICA,1JO9NJlzV5xQ_X9Ja0HUCq5UmUqY1MkZS,2023,0,99_REVIEW,156bSZj5fqG0pi7SFNFLriuX0hhLPmtnl,0%,sem sinal,https://drive.google.com/drive/folders/16fEKfaf0eZvtfWVoN_6_2U6PRhLG3aI-
1F8zIqwQDBJjuMYNnDsPAdfDUaFf0rFXy,HEROIS ,1JO9NJlzV5xQ_X9Ja0HUCq5UmUqY1MkZS,2023,0,99_REVIEW,156bSZj5fqG0pi7SFNFLriuX0hhLPmtnl,0%,sem sinal,https://drive.google.com/drive/folders/1F8zIqwQDBJjuMYNnDsPAdfDUaFf0rFXy
1pQ-1OjsA7meXwBeCuXCQp8z_YAZ3I3Mc,OUTROS,1JO9NJlzV5xQ_X9Ja0HUCq5UmUqY1MkZS,2023,0,99_REVIEW,156bSZj5fqG0pi7SFNFLriuX0hhLPmtnl,0%,sem sinal,https://drive.google.com/drive/folders/1pQ-1OjsA7meXwBeCuXCQp8z_YAZ3I3Mc
1ICzJNyJiaQvw2bX-KNXMt1KF8T0QhkUq,MATRIXOLOGIA,1JO9NJlzV5xQ_X9Ja0HUCq5UmUqY1MkZS,2023,0,99_REVIEW,156bSZj5fqG0pi7SFNFLriuX0hhLPmtnl,0%,sem sinal,https://drive.google.com/drive/folders/1ICzJNyJiaQvw2bX-KNXMt1KF8T0QhkUq
1so-mmLIKwZLSws-qrQj3x10AaZiyj78M,potencia cerebral ,1ELcnAB8Yx3e1flg7ypfMFN_3p79K_g-O,2023,0,99_REVIEW,156bSZj5fqG0pi7SFNFLriuX0hhLPmtnl,0%,sem sinal,https://drive.google.com/drive/folders/1so-mmLIKwZLSws-qrQj3x10AaZiyj78M
1y3984sKTcoVPTj5W73QKQ-gcdndVj9s_,LIVROS,1-8baYe75BLSbmZ349lS-QIMMQ-S21OrG,2023,0,99_REVIEW,156bSZj5fqG0pi7SFNFLriuX0hhLPmtnl,0%,sem sinal,https://drive.google.com/drive/folders/1y3984sKTcoVPTj5W73QKQ-gcdndVj9s_
1ozPI-6iZ_O57sXBan40ftUoAlN5F47ne,DICAS ,1-8baYe75BLSbmZ349lS-QIMMQ-S21OrG,2023,0,99_REVIEW,156bSZj5fqG0pi7SFNFLriuX0hhLPmtnl,0%,sem sinal,https://drive.google.com/drive/folders/1ozPI-6iZ_O57sXBan40ftUoAlN5F47ne
1jPSFzb9NGEiqyBASFFyCx6eQCQiHMjiW,DICAS DE ROTERISTA ,1-8baYe75BLSbmZ349lS-QIMMQ-S21OrG,2023,0,99_REVIEW,156bSZj5fqG0pi7SFNFLriuX0hhLPmtnl,0%,sem sinal,https://drive.google.com/drive/folders/1jPSFzb9NGEiqyBASFFyCx6eQCQiHMjiW
131XRtprkPHzo4JHZSIS-LqvxnU3gyTvb,O MUNDO DO PERSONAGEM,1-8baYe75BLSbmZ349lS-QIMMQ-S21OrG,2023,0,99_REVIEW,156bSZj5fqG0pi7SFNFLriuX0hhLPmtnl,0%,sem sinal,https://drive.google.com/drive/folders/131XRtprkPHzo4JHZSIS-LqvxnU3gyTvb
1czY1JTwO6AbcwS26FKlI-tX5sWCrUOUV,PERSONAGENS ,1-8baYe75BLSbmZ349lS-QIMMQ-S21OrG,2023,0,40_KNOWLEDGE,1e5BK2bCjDsqzkl08j6DqFHiXo-y02WJX,100%,score=2.0 conf=100%,https://drive.google.com/drive/folders/1czY1JTwO6AbcwS26FKlI-tX5sWCrUOUV
1yCr5cGK3cH_hM-9q40ohJu9mTIgSpMfr,O TERRITORIO ,1-8baYe75BLSbmZ349lS-QIMMQ-S21OrG,2023,0,99_REVIEW,156bSZj5fqG0pi7SFNFLriuX0hhLPmtnl,0%,sem sinal,https://drive.google.com/drive/folders/1yCr5cGK3cH_hM-9q40ohJu9mTIgSpMfr
1912wT0bJWkaMFBV8ymtX37--_dgP1xRQ,A ESCOLA ,1-8baYe75BLSbmZ349lS-QIMMQ-S21OrG,2023,0,40_KNOWLEDGE,1e5BK2bCjDsqzkl08j6DqFHiXo-y02WJX,100%,score=2.0 conf=100%,https://drive.google.com/drive/folders/1912wT0bJWkaMFBV8ymtX37--_dgP1xRQ
1IAQ0OAo3prJe-OJool6Ee1jhLz9QBsu1,A CORRIDA HIBRIDA ,1-8baYe75BLSbmZ349lS-QIMMQ-S21OrG,2023,0,30_AREAS/Corpo,1sKg_cI7ZnP8Ql6YafIOFyfSs7XEwzqM8,100%,score=20.0 conf=100%,https://drive.google.com/drive/folders/1IAQ0OAo3prJe-OJool6Ee1jhLz9QBsu1
1V3ShcFeB9cICC_iU-O7V95ajfAPy9Tiw,LABORATORIO ,1-8baYe75BLSbmZ349lS-QIMMQ-S21OrG,2023,0,99_REVIEW,156bSZj5fqG0pi7SFNFLriuX0hhLPmtnl,0%,sem sinal,https://drive.google.com/drive/folders/1V3ShcFeB9cICC_iU-O7V95ajfAPy9Tiw
1fIcOucBiuDNLRUuJoREwZ2Wacqcyq_4Y,Brainstorming ,1-8baYe75BLSbmZ349lS-QIMMQ-S21OrG,2023,0,99_REVIEW,156bSZj5fqG0pi7SFNFLriuX0hhLPmtnl,0%,sem sinal,https://drive.google.com/drive/folders/1fIcOucBiuDNLRUuJoREwZ2Wacqcyq_4Y
1MXUWo1oTu5IVLGUBF-SBl4uQnIGjAr_e,AS SALAS ,1-8baYe75BLSbmZ349lS-QIMMQ-S21OrG,2023,0,99_REVIEW,156bSZj5fqG0pi7SFNFLriuX0hhLPmtnl,0%,sem sinal,https://drive.google.com/drive/folders/1MXUWo1oTu5IVLGUBF-SBl4uQnIGjAr_e
1e7NrSffBgn0pH1ccTjmDee22gDp3YJgl,FOTOS ,1-8baYe75BLSbmZ349lS-QIMMQ-S21OrG,2023,0,60_MEDIA/Fotos,1XnU-r5_jas_YWvbQnH_-RdcUtXyMT7B0,100%,score=10.0 conf=100%,https://drive.google.com/drive/folders/1e7NrSffBgn0pH1ccTjmDee22gDp3YJgl
1xyXW0qmnhSAK2sPeh4PSvKcugFID9hsh,RASCUNHOS ,1-8baYe75BLSbmZ349lS-QIMMQ-S21OrG,2023,0,99_REVIEW,156bSZj5fqG0pi7SFNFLriuX0hhLPmtnl,0%,sem sinal,https://drive.google.com/drive/folders/1xyXW0qmnhSAK2sPeh4PSvKcugFID9hsh
1HWBy8y9B-R8jsz4uTT3wXddQKwayedw1,EMPRENDER ,15qFEwx5aMnmG45pgXx-ROA93MovJmVhV,2023,0,99_REVIEW,156bSZj5fqG0pi7SFNFLriuX0hhLPmtnl,0%,sem sinal,https://drive.google.com/drive/folders/1HWBy8y9B-R8jsz4uTT3wXddQKwayedw1
1fVV_7w6AZh39rs5YSAVm5Ytn_wSTfRJl,GESTAO ,15qFEwx5aMnmG45pgXx-ROA93MovJmVhV,2023,0,99_REVIEW,156bSZj5fqG0pi7SFNFLriuX0hhLPmtnl,0%,sem sinal,https://drive.google.com/drive/folders/1fVV_7w6AZh39rs5YSAVm5Ytn_wSTfRJl
1Bim9S-_Yyuet9UVxmNStbj9gi14CmNSt,SITE,15qFEwx5aMnmG45pgXx-ROA93MovJmVhV,2023,0,99_REVIEW,156bSZj5fqG0pi7SFNFLriuX0hhLPmtnl,0%,sem sinal,https://drive.google.com/drive/folders/1Bim9S-_Yyuet9UVxmNStbj9gi14CmNSt
1HAMYoQBKkaJKWufC-pqLYK9ivFhrES6r,O PLANO ,15qFEwx5aMnmG45pgXx-ROA93MovJmVhV,2023,0,99_REVIEW,156bSZj5fqG0pi7SFNFLriuX0hhLPmtnl,0%,sem sinal,https://drive.google.com/drive/folders/1HAMYoQBKkaJKWufC-pqLYK9ivFhrES6r
10spYAUSB3UpPBVugIEVl3-SQy_wZnLc9,IMAGENS ,15qFEwx5aMnmG45pgXx-ROA93MovJmVhV,2023,0,99_REVIEW,156bSZj5fqG0pi7SFNFLriuX0hhLPmtnl,0%,sem sinal,https://drive.google.com/drive/folders/10spYAUSB3UpPBVugIEVl3-SQy_wZnLc9
1y-aMNrc-Hxq8Lu3sHbL4fIAtd65-_ZKs,MARKETING ,15qFEwx5aMnmG45pgXx-ROA93MovJmVhV,2023,0,30_AREAS/Mente,1pggTB9hPdF7f50-Zzt7f74GWW1I4fqp0,100%,score=20.0 conf=100%,https://drive.google.com/drive/folders/1y-aMNrc-Hxq8Lu3sHbL4fIAtd65-_ZKs
1v-FIzDuCdYjWLCMLSMlL-nXNLP4oTpKC,AUDIO VISUAL,1EQSfEgjThCWrKznWDGmU1L1tWQAT38yy,2023,1,30_AREAS/Observador,1JS6C8Y9czSd2Zyn2poafQ964C3c94VL2,71%,score=5.0 conf=71%,https://drive.google.com/drive/folders/1v-FIzDuCdYjWLCMLSMlL-nXNLP4oTpKC
1ysXo7ZTfRgMCPdkGlNHDcowDEz_BlRBr,COMO ESCREVER UM LIVRO,1EQSfEgjThCWrKznWDGmU1L1tWQAT38yy,2023,0,40_KNOWLEDGE/Livros,1Cqzk_kuLbncNAVwfs97jSfDSgv2mgIoS,79%,score=15.0 conf=79%,https://drive.google.com/drive/folders/1ysXo7ZTfRgMCPdkGlNHDcowDEz_BlRBr
1INdRtmse5eb5XNTdX_DI4qmr_fLoEIQ4,ARTE E DISIGNER ,1EQSfEgjThCWrKznWDGmU1L1tWQAT38yy,2023,1,60_MEDIA/Fotos,1XnU-r5_jas_YWvbQnH_-RdcUtXyMT7B0,100%,score=3.0 conf=100%,https://drive.google.com/drive/folders/1INdRtmse5eb5XNTdX_DI4qmr_fLoEIQ4
1F1t-wzDK7UKfef5pWy3rcSLVgnOOVuUO,O MAPA ,1EQSfEgjThCWrKznWDGmU1L1tWQAT38yy,2023,0,99_REVIEW,156bSZj5fqG0pi7SFNFLriuX0hhLPmtnl,0%,sem sinal,https://drive.google.com/drive/folders/1F1t-wzDK7UKfef5pWy3rcSLVgnOOVuUO
1M4VuK7t0WUTdf3vep3hNGSBovdMMJiUq,IMPORTANTE ,1EQSfEgjThCWrKznWDGmU1L1tWQAT38yy,2023,15,30_AREAS/Observador,1JS6C8Y9czSd2Zyn2poafQ964C3c94VL2,69%,score=5.0 conf=69%,https://drive.google.com/drive/folders/1M4VuK7t0WUTdf3vep3hNGSBovdMMJiUq
1GWlVqia7uBBFe6lD4NGB7GVqAh4BYmRK,PESQUISA,1EQSfEgjThCWrKznWDGmU1L1tWQAT38yy,2023,28,40_KNOWLEDGE,1e5BK2bCjDsqzkl08j6DqFHiXo-y02WJX,82%,score=18.0 conf=82%,https://drive.google.com/drive/folders/1GWlVqia7uBBFe6lD4NGB7GVqAh4BYmRK
1JO9NJlzV5xQ_X9Ja0HUCq5UmUqY1MkZS,LIVRO DE REFERENCIA ,1EQSfEgjThCWrKznWDGmU1L1tWQAT38yy,2023,4,40_KNOWLEDGE/Livros,1Cqzk_kuLbncNAVwfs97jSfDSgv2mgIoS,60%,score=15.0 conf=60%,https://drive.google.com/drive/folders/1JO9NJlzV5xQ_X9Ja0HUCq5UmUqY1MkZS
1k7bXtGji0v2EYr7fBp1qAT5OAiEfXoBD,MARCO ,1PKTl3kP2y_8I6L9x29XFXhtUm0MQEkiS,2016,0,90_ARCHIVE,1b2pFAIL6Cgc6e_t-B-GrZFTkTEwB9QFe,0%,pré-2021 sem sinal,https://drive.google.com/drive/folders/1k7bXtGji0v2EYr7fBp1qAT5OAiEfXoBD
1NeirV3Mr-8GKkDe-g5We-8P80hUhhzav,Fundos trasnparesntes ,1EQSfEgjThCWrKznWDGmU1L1tWQAT38yy,2021,13,60_MEDIA/Fotos,1XnU-r5_jas_YWvbQnH_-RdcUtXyMT7B0,100%,score=3.0 conf=100%,https://drive.google.com/drive/folders/1NeirV3Mr-8GKkDe-g5We-8P80hUhhzav
1XGqVSiYePWXDuhMV93tIKU26CLpeFpR3,Fundos trasnparesntes ,1kV5Ei2EBSc7BFhvTguNizuUKJ58claf7,2021,13,60_MEDIA/Fotos,1XnU-r5_jas_YWvbQnH_-RdcUtXyMT7B0,100%,score=3.0 conf=100%,https://drive.google.com/drive/folders/1XGqVSiYePWXDuhMV93tIKU26CLpeFpR3
1m05IiFnfZj1jwqGYOrbAajpkLVFYsOHM,MICHAEL  PESSOAL,1FH47LzbzMQUgGSp5j46kFNcqDEENSnbz,2026,3,70_BUSINESS/Financeiro,11LmyhhlH_wVdCmdYvEzlObIrBk_rW6L-,62%,score=5.0 conf=62%,https://drive.google.com/drive/folders/1m05IiFnfZj1jwqGYOrbAajpkLVFYsOHM
1g0CYN5uSsOSXHwJWayuoAsJlA3N_vW-3,AREA DE PROJETOS,1FH47LzbzMQUgGSp5j46kFNcqDEENSnbz,2026,0,30_AREAS/Mente,1pggTB9hPdF7f50-Zzt7f74GWW1I4fqp0,73%,score=16.0 conf=73%,https://drive.google.com/drive/folders/1g0CYN5uSsOSXHwJWayuoAsJlA3N_vW-3
1FjPnpWbn1qiqNg4HyNZxF0aDriq_1jzO,Pasta Sem Título,1m05IiFnfZj1jwqGYOrbAajpkLVFYsOHM,2018,0,90_ARCHIVE,1b2pFAIL6Cgc6e_t-B-GrZFTkTEwB9QFe,0%,pré-2021 sem sinal,https://drive.google.com/drive/folders/1FjPnpWbn1qiqNg4HyNZxF0aDriq_1jzO
1ldgVigeImgvZAcUf3tnS_tBghixEHpAH,PROJETO ARTE DA VIDA,1g0CYN5uSsOSXHwJWayuoAsJlA3N_vW-3,2014,0,90_ARCHIVE,1b2pFAIL6Cgc6e_t-B-GrZFTkTEwB9QFe,0%,pré-2021 sem sinal,https://drive.google.com/drive/folders/1ldgVigeImgvZAcUf3tnS_tBghixEHpAH
1eeSB6cYfgMDxCKwtqZy486Ej0jKgrD2g,ESCOLA DOS DEUSES,1g0CYN5uSsOSXHwJWayuoAsJlA3N_vW-3,2014,0,90_ARCHIVE,1b2pFAIL6Cgc6e_t-B-GrZFTkTEwB9QFe,0%,pré-2021 sem sinal,https://drive.google.com/drive/folders/1eeSB6cYfgMDxCKwtqZy486Ej0jKgrD2g
1-9Qq9jPPx_1VM3iOhqI4F8Kcn_tXbkRM,ARATA ,1FH47LzbzMQUgGSp5j46kFNcqDEENSnbz,2018,0,90_ARCHIVE,1b2pFAIL6Cgc6e_t-B-GrZFTkTEwB9QFe,0%,pré-2021 sem sinal,https://drive.google.com/drive/folders/1-9Qq9jPPx_1VM3iOhqI4F8Kcn_tXbkRM
1KR-RXbBUeIsCf7u1LFSU1xJ0rKjzFQYD,REVIVER,1s2u8Pk1O4odgXA-PIZbui8N6A5AYWCKz,2026,0,99_REVIEW,156bSZj5fqG0pi7SFNFLriuX0hhLPmtnl,0%,sem sinal,https://drive.google.com/drive/folders/1KR-RXbBUeIsCf7u1LFSU1xJ0rKjzFQYD
1s2u8Pk1O4odgXA-PIZbui8N6A5AYWCKz,REVIVER,1uaw9EnpzYNM-aiLbu21B8HICqCvfTbPh,2026,0,99_REVIEW,156bSZj5fqG0pi7SFNFLriuX0hhLPmtnl,0%,sem sinal,https://drive.google.com/drive/folders/1s2u8Pk1O4odgXA-PIZbui8N6A5AYWCKz
1M-JW_vU7HixgKiQoQIqYxfz5RANVtKrV,Site,1n0nBW9BWLnkshmh3mhQfa0nQcqSDoM06,2026,0,70_BUSINESS,1g6VsRP42__bKHOj2tqHPPeg-fg2EsGkT,50%,score=3.0 conf=50%,https://drive.google.com/drive/folders/1M-JW_vU7HixgKiQoQIqYxfz5RANVtKrV
1C0wNyqEM6MGqtr6Mfm2pFgzzJz9-LIkP,MIKE1 ,18_XtmHd6569vMAxFa2TNLalID7bAD7Sq,2017,185,90_ARCHIVE,1b2pFAIL6Cgc6e_t-B-GrZFTkTEwB9QFe,100%,pré-2021 + score baixo (3.0),https://drive.google.com/drive/folders/1C0wNyqEM6MGqtr6Mfm2pFgzzJz9-LIkP
19tCR3yEIuqBeyuxkG3adPXerW2eApyYF,mike 2,18_XtmHd6569vMAxFa2TNLalID7bAD7Sq,2017,191,90_ARCHIVE,1b2pFAIL6Cgc6e_t-B-GrZFTkTEwB9QFe,100%,pré-2021 + score baixo (3.0),https://drive.google.com/drive/folders/19tCR3yEIuqBeyuxkG3adPXerW2eApyYF
1s7gmgeNEZPD7mzdZ9Hm-Hkvpjy2tN7Sh,Midia ,18_XtmHd6569vMAxFa2TNLalID7bAD7Sq,2017,0,90_ARCHIVE,1b2pFAIL6Cgc6e_t-B-GrZFTkTEwB9QFe,0%,pré-2021 sem sinal,https://drive.google.com/drive/folders/1s7gmgeNEZPD7mzdZ9Hm-Hkvpjy2tN7Sh
1x0t7viyIZ7xr3lGBSOLTVHDFKF3iTUah,IMAGEM DE EXERCICOS ,18_XtmHd6569vMAxFa2TNLalID7bAD7Sq,2017,8,90_ARCHIVE,1b2pFAIL6Cgc6e_t-B-GrZFTkTEwB9QFe,100%,pré-2021 + score baixo (3.0),https://drive.google.com/drive/folders/1x0t7viyIZ7xr3lGBSOLTVHDFKF3iTUah
1J4W61HdZ42pa3JYU8yl_GoFhF3g4088l,Orkut,18_XtmHd6569vMAxFa2TNLalID7bAD7Sq,2014,0,90_ARCHIVE,1b2pFAIL6Cgc6e_t-B-GrZFTkTEwB9QFe,0%,pré-2021 sem sinal,https://drive.google.com/drive/folders/1J4W61HdZ42pa3JYU8yl_GoFhF3g4088l
1X6DTgWoVsCUPOlqyETqMyiApFqd1OCRD,PROJETO ARTE DA VIDA,1FH47LzbzMQUgGSp5j46kFNcqDEENSnbz,2015,0,90_ARCHIVE,1b2pFAIL6Cgc6e_t-B-GrZFTkTEwB9QFe,0%,pré-2021 sem sinal,https://drive.google.com/drive/folders/1X6DTgWoVsCUPOlqyETqMyiApFqd1OCRD
1Tbb877CZrI0BqJrtleFjpvBr4JNSIa8hofSOglf-bK-VdUDFK3ciBgyImoRNugX4ZM-LpAo4, (File responses),1LR6EPY-s08OHXLRVI6Otms5P7TUaV08EFspb5tU5HXxr3xM3SZgRXqGbzklWmKpJtC7UoQu3,2022,0,99_REVIEW,156bSZj5fqG0pi7SFNFLriuX0hhLPmtnl,0%,sem sinal,https://drive.google.com/drive/folders/1Tbb877CZrI0BqJrtleFjpvBr4JNSIa8hofSOglf-bK-VdUDFK3ciBgyImoRNugX4ZM-LpAo4
1zmIxyUoQXdAW4sISBZaiuq9F00qIo0d6,IMPOSTO DE RENDA ,1m05IiFnfZj1jwqGYOrbAajpkLVFYsOHM,2018,2,70_BUSINESS/Financeiro,11LmyhhlH_wVdCmdYvEzlObIrBk_rW6L-,93%,score=25.0 conf=93%,https://drive.google.com/drive/folders/1zmIxyUoQXdAW4sISBZaiuq9F00qIo0d6
1JBGngTLF9CGOQIPTFs6l4EAIrTFawC75,IRPF2018,1-_sSLI8JWpbegZ0lVCU0TRNXLR2aJwSI,2018,0,90_ARCHIVE,1b2pFAIL6Cgc6e_t-B-GrZFTkTEwB9QFe,0%,pré-2021 sem sinal,https://drive.google.com/drive/folders/1JBGngTLF9CGOQIPTFs6l4EAIrTFawC75
1hKC4ldggUu57QFs4ejTb2aJfbfD2fglL,27239184838,1RpA52diTrCtMeQdZMNLbizbbjSbAPzMC,2018,0,90_ARCHIVE,1b2pFAIL6Cgc6e_t-B-GrZFTkTEwB9QFe,0%,pré-2021 sem sinal,https://drive.google.com/drive/folders/1hKC4ldggUu57QFs4ejTb2aJfbfD2fglL
1l7pxDEyi_I9ILt0GpnosNxlshrJXSqft,gravadas,1JBGngTLF9CGOQIPTFs6l4EAIrTFawC75,2018,0,90_ARCHIVE,1b2pFAIL6Cgc6e_t-B-GrZFTkTEwB9QFe,0%,pré-2021 sem sinal,https://drive.google.com/drive/folders/1l7pxDEyi_I9ILt0GpnosNxlshrJXSqft
13XnAfb24cAecbQGOG3qnex1sNStEZ9RE,transmitidas,1JBGngTLF9CGOQIPTFs6l4EAIrTFawC75,2018,0,90_ARCHIVE,1b2pFAIL6Cgc6e_t-B-GrZFTkTEwB9QFe,0%,pré-2021 sem sinal,https://drive.google.com/drive/folders/13XnAfb24cAecbQGOG3qnex1sNStEZ9RE
1RpA52diTrCtMeQdZMNLbizbbjSbAPzMC,dados,1Fd2S2hFkg6yTRyYlS24j6LteyhQttDeC,2018,0,90_ARCHIVE,1b2pFAIL6Cgc6e_t-B-GrZFTkTEwB9QFe,0%,pré-2021 sem sinal,https://drive.google.com/drive/folders/1RpA52diTrCtMeQdZMNLbizbbjSbAPzMC
1Fd2S2hFkg6yTRyYlS24j6LteyhQttDeC,aplicacao,1JBGngTLF9CGOQIPTFs6l4EAIrTFawC75,2018,0,90_ARCHIVE,1b2pFAIL6Cgc6e_t-B-GrZFTkTEwB9QFe,0%,pré-2021 sem sinal,https://drive.google.com/drive/folders/1Fd2S2hFkg6yTRyYlS24j6LteyhQttDeC
1-_sSLI8JWpbegZ0lVCU0TRNXLR2aJwSI,ProgramasRFB,1FH47LzbzMQUgGSp5j46kFNcqDEENSnbz,2018,0,90_ARCHIVE,1b2pFAIL6Cgc6e_t-B-GrZFTkTEwB9QFe,0%,pré-2021 sem sinal,https://drive.google.com/drive/folders/1-_sSLI8JWpbegZ0lVCU0TRNXLR2aJwSI
1TUMTb61xE7jnvCE469J35P0GWCLVvONZ,ERICO ROCHA ,1FH47LzbzMQUgGSp5j46kFNcqDEENSnbz,2018,0,90_ARCHIVE,1b2pFAIL6Cgc6e_t-B-GrZFTkTEwB9QFe,0%,pré-2021 sem sinal,https://drive.google.com/drive/folders/1TUMTb61xE7jnvCE469J35P0GWCLVvONZ
1dfWbMLwVz-nMobEAHrdi7pREs5McCVCn,RECIBOS PACIENTES ,11yf1hcaItzqGF2kT4RkyaKKFwRukQ7Af,2018,0,90_ARCHIVE,1b2pFAIL6Cgc6e_t-B-GrZFTkTEwB9QFe,0%,pré-2021 sem sinal,https://drive.google.com/drive/folders/1dfWbMLwVz-nMobEAHrdi7pREs5McCVCn
1LZj0Jl_FQCf3BHxOqD21N0PCyMfk3_FY,MODELOS ANTIGOS ,1dfWbMLwVz-nMobEAHrdi7pREs5McCVCn,2018,0,90_ARCHIVE,1b2pFAIL6Cgc6e_t-B-GrZFTkTEwB9QFe,0%,pré-2021 sem sinal,https://drive.google.com/drive/folders/1LZj0Jl_FQCf3BHxOqD21N0PCyMfk3_FY
14Ts3y96ikgNIZpubQ8WpXfLXVmbWFuN5,RECEITUARIO,11yf1hcaItzqGF2kT4RkyaKKFwRukQ7Af,2018,0,90_ARCHIVE,1b2pFAIL6Cgc6e_t-B-GrZFTkTEwB9QFe,0%,pré-2021 sem sinal,https://drive.google.com/drive/folders/14Ts3y96ikgNIZpubQ8WpXfLXVmbWFuN5
1Y_brzKdflNTrhRqePA5rgT8m8wwrmZKb,RICARDO & MICHELLE,1FH47LzbzMQUgGSp5j46kFNcqDEENSnbz,2018,0,90_ARCHIVE,1b2pFAIL6Cgc6e_t-B-GrZFTkTEwB9QFe,0%,pré-2021 sem sinal,https://drive.google.com/drive/folders/1Y_brzKdflNTrhRqePA5rgT8m8wwrmZKb
1tbXg80a2jcWDtzLVZtUwTxOWzUIqX6HY,RICARDO & MICHELLE ,1vR_uuydd9vJBdygo_iBQTJxBH1Bm8n1q,2018,0,90_ARCHIVE,1b2pFAIL6Cgc6e_t-B-GrZFTkTEwB9QFe,0%,pré-2021 sem sinal,https://drive.google.com/drive/folders/1tbXg80a2jcWDtzLVZtUwTxOWzUIqX6HY
11yf1hcaItzqGF2kT4RkyaKKFwRukQ7Af,CLERIA ,1FH47LzbzMQUgGSp5j46kFNcqDEENSnbz,2018,0,90_ARCHIVE,1b2pFAIL6Cgc6e_t-B-GrZFTkTEwB9QFe,100%,pré-2021 + score baixo (3.0),https://drive.google.com/drive/folders/11yf1hcaItzqGF2kT4RkyaKKFwRukQ7Af
1AO-FdKieXLzm94XulZPxcK2CcaPh2RxB,RAFA PADRO ,1FH47LzbzMQUgGSp5j46kFNcqDEENSnbz,2017,0,90_ARCHIVE,1b2pFAIL6Cgc6e_t-B-GrZFTkTEwB9QFe,0%,pré-2021 sem sinal,https://drive.google.com/drive/folders/1AO-FdKieXLzm94XulZPxcK2CcaPh2RxB
175BGCy3okAoXBqKwTQSZY97pN967xCUp,Wondershare Video Converter Ultimate,18_XtmHd6569vMAxFa2TNLalID7bAD7Sq,2017,0,00_SYSTEM,1B6aUQRoESqp8o2tarlse5zCgd12Arc5Q,60%,score=15.0 conf=60%,https://drive.google.com/drive/folders/175BGCy3okAoXBqKwTQSZY97pN967xCUp
1ZrjdspGc0ODrORVrIY7KCwHQPLRI4cuP,MARAMUDRA ,1XzysZw9qnP-f6nPRKNR5cXNhXuNlp42r,2017,0,90_ARCHIVE,1b2pFAIL6Cgc6e_t-B-GrZFTkTEwB9QFe,0%,pré-2021 sem sinal,https://drive.google.com/drive/folders/1ZrjdspGc0ODrORVrIY7KCwHQPLRI4cuP
16lhYYTqNt66mun2S-6PRFzuFIhmWOlk-,_livros,1pSuYNsYUcOWGbX0bG4g042bi01gn6_tJ,2017,0,90_ARCHIVE,1b2pFAIL6Cgc6e_t-B-GrZFTkTEwB9QFe,0%,pré-2021 sem sinal,https://drive.google.com/drive/folders/16lhYYTqNt66mun2S-6PRFzuFIhmWOlk-
1pZRcgdj3uN2jKxoowI8k_csRWzl3ChCK,Gabriel goff,1XzysZw9qnP-f6nPRKNR5cXNhXuNlp42r,2017,0,90_ARCHIVE,1b2pFAIL6Cgc6e_t-B-GrZFTkTEwB9QFe,0%,pré-2021 sem sinal,https://drive.google.com/drive/folders/1pZRcgdj3uN2jKxoowI8k_csRWzl3ChCK
1F9ea_MMblX0XXwuaiEaiQhpr4xEEvvSo,NUTRICAO ,1FH47LzbzMQUgGSp5j46kFNcqDEENSnbz,2017,0,90_ARCHIVE,1b2pFAIL6Cgc6e_t-B-GrZFTkTEwB9QFe,0%,pré-2021 sem sinal,https://drive.google.com/drive/folders/1F9ea_MMblX0XXwuaiEaiQhpr4xEEvvSo
1XzysZw9qnP-f6nPRKNR5cXNhXuNlp42r,FORMULA DE LANCAMENTO ,1FH47LzbzMQUgGSp5j46kFNcqDEENSnbz,2017,0,90_ARCHIVE,1b2pFAIL6Cgc6e_t-B-GrZFTkTEwB9QFe,0%,pré-2021 sem sinal,https://drive.google.com/drive/folders/1XzysZw9qnP-f6nPRKNR5cXNhXuNlp42r
1LxUqdmTUp8QIGKkPQP1wmmpxbTj2ffyy,MAURICIO START SAN,1XzysZw9qnP-f6nPRKNR5cXNhXuNlp42r,2017,0,90_ARCHIVE,1b2pFAIL6Cgc6e_t-B-GrZFTkTEwB9QFe,0%,pré-2021 sem sinal,https://drive.google.com/drive/folders/1LxUqdmTUp8QIGKkPQP1wmmpxbTj2ffyy
1dHK61_fW3TK4GALMAcoKsssZqW-P023a,Pasta Sem Título,1ZrjdspGc0ODrORVrIY7KCwHQPLRI4cuP,2017,0,90_ARCHIVE,1b2pFAIL6Cgc6e_t-B-GrZFTkTEwB9QFe,0%,pré-2021 sem sinal,https://drive.google.com/drive/folders/1dHK61_fW3TK4GALMAcoKsssZqW-P023a
1h8xxGu9wVjZHx7mWar0k3YIrvEpkNoYp,Area tecnica,1a84mborj3-KWy-EjZha5fpFBBP5PilT1,2017,0,90_ARCHIVE,1b2pFAIL6Cgc6e_t-B-GrZFTkTEwB9QFe,0%,pré-2021 sem sinal,https://drive.google.com/drive/folders/1h8xxGu9wVjZHx7mWar0k3YIrvEpkNoYp
1a84mborj3-KWy-EjZha5fpFBBP5PilT1,PROJETO MIKE TRAINING,1g0CYN5uSsOSXHwJWayuoAsJlA3N_vW-3,2017,0,90_ARCHIVE,1b2pFAIL6Cgc6e_t-B-GrZFTkTEwB9QFe,0%,pré-2021 sem sinal,https://drive.google.com/drive/folders/1a84mborj3-KWy-EjZha5fpFBBP5PilT1
1ySOjmD_bhtwdM-7oJOn2mUmoOA8K_oMI,Pagamentos,1FQjwcRKPtmiSHebAL0AU54g2pkp0BRQJ,2017,0,90_ARCHIVE,1b2pFAIL6Cgc6e_t-B-GrZFTkTEwB9QFe,60%,pré-2021 + score baixo (3.0),https://drive.google.com/drive/folders/1ySOjmD_bhtwdM-7oJOn2mUmoOA8K_oMI
1FQjwcRKPtmiSHebAL0AU54g2pkp0BRQJ,Finaceiro,1bjUuQLX37uz8rUWQUmjHQQVDFec_3z04,2017,0,90_ARCHIVE,1b2pFAIL6Cgc6e_t-B-GrZFTkTEwB9QFe,60%,pré-2021 + score baixo (3.0),https://drive.google.com/drive/folders/1FQjwcRKPtmiSHebAL0AU54g2pkp0BRQJ
1bjUuQLX37uz8rUWQUmjHQQVDFec_3z04,ADIMINTRATIVO,1FH47LzbzMQUgGSp5j46kFNcqDEENSnbz,2017,0,90_ARCHIVE,1b2pFAIL6Cgc6e_t-B-GrZFTkTEwB9QFe,60%,pré-2021 + score baixo (3.0),https://drive.google.com/drive/folders/1bjUuQLX37uz8rUWQUmjHQQVDFec_3z04
1K6lnzIgr5e1Pr-VcNfkOlgYUOb6ZEOV7,TCC CLERIA  ,1cDe8jpVucNYg5p-zQmyai-zSqQtPjN_w,2017,0,90_ARCHIVE,1b2pFAIL6Cgc6e_t-B-GrZFTkTEwB9QFe,0%,pré-2021 sem sinal,https://drive.google.com/drive/folders/1K6lnzIgr5e1Pr-VcNfkOlgYUOb6ZEOV7
1dHZzT2nBWH_ickTYINFRAOAleQnTNYzH,Pasta Sem Título,1K6lnzIgr5e1Pr-VcNfkOlgYUOb6ZEOV7,2017,0,90_ARCHIVE,1b2pFAIL6Cgc6e_t-B-GrZFTkTEwB9QFe,0%,pré-2021 sem sinal,https://drive.google.com/drive/folders/1dHZzT2nBWH_ickTYINFRAOAleQnTNYzH
1CK7UC9t0ejGPftI5vVC-z8NhXtcr6Xst,O2,1FH47LzbzMQUgGSp5j46kFNcqDEENSnbz,2017,0,90_ARCHIVE,1b2pFAIL6Cgc6e_t-B-GrZFTkTEwB9QFe,0%,pré-2021 sem sinal,https://drive.google.com/drive/folders/1CK7UC9t0ejGPftI5vVC-z8NhXtcr6Xst
1qFZbnXl6DzqO76johql5bncvvtnS5LKl,FLAVIO PASSOS ,1XzysZw9qnP-f6nPRKNR5cXNhXuNlp42r,2017,0,90_ARCHIVE,1b2pFAIL6Cgc6e_t-B-GrZFTkTEwB9QFe,0%,pré-2021 sem sinal,https://drive.google.com/drive/folders/1qFZbnXl6DzqO76johql5bncvvtnS5LKl
1J7RyIPdghECTQSaNyrkRjnu-ZocT6U9I,selecionadas 2,18_XtmHd6569vMAxFa2TNLalID7bAD7Sq,2017,14,90_ARCHIVE,1b2pFAIL6Cgc6e_t-B-GrZFTkTEwB9QFe,50%,pré-2021 + score baixo (3.0),https://drive.google.com/drive/folders/1J7RyIPdghECTQSaNyrkRjnu-ZocT6U9I
1pSuYNsYUcOWGbX0bG4g042bi01gn6_tJ,GESTAO DE ACADEMIA,1g0CYN5uSsOSXHwJWayuoAsJlA3N_vW-3,2017,0,90_ARCHIVE,1b2pFAIL6Cgc6e_t-B-GrZFTkTEwB9QFe,100%,pré-2021 + score baixo (3.0),https://drive.google.com/drive/folders/1pSuYNsYUcOWGbX0bG4g042bi01gn6_tJ
14uhi_G7gCyWLNwuDn-u5NXoyRikTDsa_,Sindrome X,1KR-RXbBUeIsCf7u1LFSU1xJ0rKjzFQYD,2017,0,90_ARCHIVE,1b2pFAIL6Cgc6e_t-B-GrZFTkTEwB9QFe,0%,pré-2021 sem sinal,https://drive.google.com/drive/folders/14uhi_G7gCyWLNwuDn-u5NXoyRikTDsa_
1MsuxiNZ9_vl506QIUPwJIcw-JEYcTxUc,PROJETO ASSESSORIA 4WELLNESS,1g0CYN5uSsOSXHwJWayuoAsJlA3N_vW-3,2017,0,30_AREAS/Mente,1pggTB9hPdF7f50-Zzt7f74GWW1I4fqp0,73%,score=16.0 conf=73%,https://drive.google.com/drive/folders/1MsuxiNZ9_vl506QIUPwJIcw-JEYcTxUc
1E7t6hv3F7vDgo6FLjGYZQJ8mv3LyULYT,Pasta Sem Título,1urZ93uEQQq3NdzMTtxycrHGLXzh0GStD,2017,0,90_ARCHIVE,1b2pFAIL6Cgc6e_t-B-GrZFTkTEwB9QFe,0%,pré-2021 sem sinal,https://drive.google.com/drive/folders/1E7t6hv3F7vDgo6FLjGYZQJ8mv3LyULYT
1urZ93uEQQq3NdzMTtxycrHGLXzh0GStD,GESTAO DE TEMPO,1FH47LzbzMQUgGSp5j46kFNcqDEENSnbz,2017,0,90_ARCHIVE,1b2pFAIL6Cgc6e_t-B-GrZFTkTEwB9QFe,0%,pré-2021 sem sinal,https://drive.google.com/drive/folders/1urZ93uEQQq3NdzMTtxycrHGLXzh0GStD
1oUcAKzr76u6WzXF427yKMmIlpTf2ygMo,ICONES,18_XtmHd6569vMAxFa2TNLalID7bAD7Sq,2017,3,90_ARCHIVE,1b2pFAIL6Cgc6e_t-B-GrZFTkTEwB9QFe,100%,pré-2021 + score baixo (3.0),https://drive.google.com/drive/folders/1oUcAKzr76u6WzXF427yKMmIlpTf2ygMo
1WtjhpLO-aHUhJpQ5CV5pyZbEADNrVsQV,MARKETING,1FH47LzbzMQUgGSp5j46kFNcqDEENSnbz,2017,24,30_AREAS/Mente,1pggTB9hPdF7f50-Zzt7f74GWW1I4fqp0,77%,score=20.0 conf=77%,https://drive.google.com/drive/folders/1WtjhpLO-aHUhJpQ5CV5pyZbEADNrVsQV
1vHfRmiGoJTyzc2pEzQ66Bi5-rCaJ3IoT,CONTABILIDADE,1FH47LzbzMQUgGSp5j46kFNcqDEENSnbz,2017,0,90_ARCHIVE,1b2pFAIL6Cgc6e_t-B-GrZFTkTEwB9QFe,0%,pré-2021 sem sinal,https://drive.google.com/drive/folders/1vHfRmiGoJTyzc2pEzQ66Bi5-rCaJ3IoT
1UXzXxcUMKBofK5xh_LK-O0dDFmQdoBzm,ICLOUD,1OSQUqHOjwv7_qy69ZIvnNPPo6Fa6ErOy,2017,0,00_SYSTEM,1B6aUQRoESqp8o2tarlse5zCgd12Arc5Q,100%,override: '\bicloud\b',https://drive.google.com/drive/folders/1UXzXxcUMKBofK5xh_LK-O0dDFmQdoBzm
1dp4-zy4zwbF4N0h6w1aeuPkRDMz3sI8S,MICHAEL ,1ApUA2DSqF21drLmzI9IONrQSaumkvXYa,2017,0,90_ARCHIVE,1b2pFAIL6Cgc6e_t-B-GrZFTkTEwB9QFe,0%,pré-2021 sem sinal,https://drive.google.com/drive/folders/1dp4-zy4zwbF4N0h6w1aeuPkRDMz3sI8S
1roycc2-gDVnPIRFl70XM-xY8hYvMwJ1V,Physiocler,11yf1hcaItzqGF2kT4RkyaKKFwRukQ7Af,2017,1,90_ARCHIVE,1b2pFAIL6Cgc6e_t-B-GrZFTkTEwB9QFe,100%,pré-2021 + score baixo (3.0),https://drive.google.com/drive/folders/1roycc2-gDVnPIRFl70XM-xY8hYvMwJ1V
1gp5W4hWObRStxAieBr_oX69gPONY3rti,CLERIA,1ApUA2DSqF21drLmzI9IONrQSaumkvXYa,2017,0,90_ARCHIVE,1b2pFAIL6Cgc6e_t-B-GrZFTkTEwB9QFe,0%,pré-2021 sem sinal,https://drive.google.com/drive/folders/1gp5W4hWObRStxAieBr_oX69gPONY3rti
1EPNy6Ya-Mi5MvyPqvv9b8-URQLCrkgHE,EXEMPLO DE TREINO  ,1ApUA2DSqF21drLmzI9IONrQSaumkvXYa,2017,0,30_AREAS/Corpo,1sKg_cI7ZnP8Ql6YafIOFyfSs7XEwzqM8,100%,score=20.0 conf=100%,https://drive.google.com/drive/folders/1EPNy6Ya-Mi5MvyPqvv9b8-URQLCrkgHE
1Bjwqdd4_sweziVT5_sgjITOFtYn1RPwL,JANEIRO,1PKTl3kP2y_8I6L9x29XFXhtUm0MQEkiS,2017,0,90_ARCHIVE,1b2pFAIL6Cgc6e_t-B-GrZFTkTEwB9QFe,0%,pré-2021 sem sinal,https://drive.google.com/drive/folders/1Bjwqdd4_sweziVT5_sgjITOFtYn1RPwL
1DLtXVVmxSXmQIcYZUHE7Uv-_S09x9X9h,nutricao,1cDe8jpVucNYg5p-zQmyai-zSqQtPjN_w,2017,0,90_ARCHIVE,1b2pFAIL6Cgc6e_t-B-GrZFTkTEwB9QFe,0%,pré-2021 sem sinal,https://drive.google.com/drive/folders/1DLtXVVmxSXmQIcYZUHE7Uv-_S09x9X9h
16pSgHIbnjqrJ9hgCgXlbj79ahyjSjIq7,introducao,1cDe8jpVucNYg5p-zQmyai-zSqQtPjN_w,2016,0,90_ARCHIVE,1b2pFAIL6Cgc6e_t-B-GrZFTkTEwB9QFe,0%,pré-2021 sem sinal,https://drive.google.com/drive/folders/16pSgHIbnjqrJ9hgCgXlbj79ahyjSjIq7
1I6N8wWTLqlz0FMlHlUDYZWfqDKfUJV9p,introducao,1XLCKs7aziI_ZaoUtGZRlcqBN9_92y5CW,2016,0,90_ARCHIVE,1b2pFAIL6Cgc6e_t-B-GrZFTkTEwB9QFe,0%,pré-2021 sem sinal,https://drive.google.com/drive/folders/1I6N8wWTLqlz0FMlHlUDYZWfqDKfUJV9p
1XLCKs7aziI_ZaoUtGZRlcqBN9_92y5CW,Artigos tcc,1cDe8jpVucNYg5p-zQmyai-zSqQtPjN_w,2016,0,90_ARCHIVE,1b2pFAIL6Cgc6e_t-B-GrZFTkTEwB9QFe,0%,pré-2021 sem sinal,https://drive.google.com/drive/folders/1XLCKs7aziI_ZaoUtGZRlcqBN9_92y5CW
1BlfrWrgduh990ohiDdKe2DN5nTkSkkfF,O2,11yf1hcaItzqGF2kT4RkyaKKFwRukQ7Af,2016,0,90_ARCHIVE,1b2pFAIL6Cgc6e_t-B-GrZFTkTEwB9QFe,0%,pré-2021 sem sinal,https://drive.google.com/drive/folders/1BlfrWrgduh990ohiDdKe2DN5nTkSkkfF
11HsmhXXdfg8gjgJiaDEvBuNxHmmKVijH,RODRIGO REIS,11wwM9ilsCtw4ejwRAPoFjHEDiiHyDzIn,2016,0,90_ARCHIVE,1b2pFAIL6Cgc6e_t-B-GrZFTkTEwB9QFe,0%,pré-2021 sem sinal,https://drive.google.com/drive/folders/11HsmhXXdfg8gjgJiaDEvBuNxHmmKVijH
1NFeX6dKZYweJo4l4YPDm55-f6eCIcZcK,ATIVIDADE FISICA ,1cDe8jpVucNYg5p-zQmyai-zSqQtPjN_w,2016,0,90_ARCHIVE,1b2pFAIL6Cgc6e_t-B-GrZFTkTEwB9QFe,0%,pré-2021 sem sinal,https://drive.google.com/drive/folders/1NFeX6dKZYweJo4l4YPDm55-f6eCIcZcK
1cDe8jpVucNYg5p-zQmyai-zSqQtPjN_w,ESPECIALIZAÇÅO ,11yf1hcaItzqGF2kT4RkyaKKFwRukQ7Af,2016,0,90_ARCHIVE,1b2pFAIL6Cgc6e_t-B-GrZFTkTEwB9QFe,0%,pré-2021 sem sinal,https://drive.google.com/drive/folders/1cDe8jpVucNYg5p-zQmyai-zSqQtPjN_w
15KfBogR7XsyeEmbgF1IvguUdp7fIgnV6,ALEXANDRE ,11wwM9ilsCtw4ejwRAPoFjHEDiiHyDzIn,2016,0,90_ARCHIVE,1b2pFAIL6Cgc6e_t-B-GrZFTkTEwB9QFe,0%,pré-2021 sem sinal,https://drive.google.com/drive/folders/15KfBogR7XsyeEmbgF1IvguUdp7fIgnV6
1U9SLQPpYYuN93ZuWLgjyQQEYMQbKbjsf,NICOKAS TESLA ,1qgWwplqYP22QDh8JBfVRHpfkxnD6zQo3,2016,0,90_ARCHIVE,1b2pFAIL6Cgc6e_t-B-GrZFTkTEwB9QFe,0%,pré-2021 sem sinal,https://drive.google.com/drive/folders/1U9SLQPpYYuN93ZuWLgjyQQEYMQbKbjsf
1gz7atL6K1MqpI27KlWknkjY_x2XTXvLy,Estrategia,1m05IiFnfZj1jwqGYOrbAajpkLVFYsOHM,2016,0,90_ARCHIVE,1b2pFAIL6Cgc6e_t-B-GrZFTkTEwB9QFe,0%,pré-2021 sem sinal,https://drive.google.com/drive/folders/1gz7atL6K1MqpI27KlWknkjY_x2XTXvLy
193fXF3WPLuCvHPs6jmUP_FUNAgq3Dfo7,FEVEREIRO,1PKTl3kP2y_8I6L9x29XFXhtUm0MQEkiS,2016,0,90_ARCHIVE,1b2pFAIL6Cgc6e_t-B-GrZFTkTEwB9QFe,0%,pré-2021 sem sinal,https://drive.google.com/drive/folders/193fXF3WPLuCvHPs6jmUP_FUNAgq3Dfo7
1Tx138wc7g15XRRJKyRlzZR7wwbnYBcJd,KALOUPIA ,1FH47LzbzMQUgGSp5j46kFNcqDEENSnbz,2016,0,90_ARCHIVE,1b2pFAIL6Cgc6e_t-B-GrZFTkTEwB9QFe,0%,pré-2021 sem sinal,https://drive.google.com/drive/folders/1Tx138wc7g15XRRJKyRlzZR7wwbnYBcJd
1uv0ONOrc274baBAIPCTH47AFYtAE1gRR,Metodologia,1KR-RXbBUeIsCf7u1LFSU1xJ0rKjzFQYD,2016,0,90_ARCHIVE,1b2pFAIL6Cgc6e_t-B-GrZFTkTEwB9QFe,0%,pré-2021 sem sinal,https://drive.google.com/drive/folders/1uv0ONOrc274baBAIPCTH47AFYtAE1gRR
1uDziPYIKB7G8wZsxNRVcXmuqEV3cmkOg,GRAVACAO,1FH47LzbzMQUgGSp5j46kFNcqDEENSnbz,2016,0,90_ARCHIVE,1b2pFAIL6Cgc6e_t-B-GrZFTkTEwB9QFe,0%,pré-2021 sem sinal,https://drive.google.com/drive/folders/1uDziPYIKB7G8wZsxNRVcXmuqEV3cmkOg
1Spx6ryB0tsHyz9NFoXo075QgqHiGxSbC,MEUS TREINOS ,1ApUA2DSqF21drLmzI9IONrQSaumkvXYa,2016,0,90_ARCHIVE,1b2pFAIL6Cgc6e_t-B-GrZFTkTEwB9QFe,0%,pré-2021 sem sinal,https://drive.google.com/drive/folders/1Spx6ryB0tsHyz9NFoXo075QgqHiGxSbC
11wwM9ilsCtw4ejwRAPoFjHEDiiHyDzIn,OLINE ,1ApUA2DSqF21drLmzI9IONrQSaumkvXYa,2016,0,90_ARCHIVE,1b2pFAIL6Cgc6e_t-B-GrZFTkTEwB9QFe,0%,pré-2021 sem sinal,https://drive.google.com/drive/folders/11wwM9ilsCtw4ejwRAPoFjHEDiiHyDzIn
1WFwodE-lFEFjHUYQv90u8nRhAHyrALjn,trabalhos apresentados 09,1ItSNFrN8YHLV6HgfFBSBPr4ME8A54vyE,2016,0,90_ARCHIVE,1b2pFAIL6Cgc6e_t-B-GrZFTkTEwB9QFe,0%,pré-2021 sem sinal,https://drive.google.com/drive/folders/1WFwodE-lFEFjHUYQv90u8nRhAHyrALjn
1Kc-995GW8M6ulyjob49Vfps4trte68Kg,Logos_formatos 2,1Tx138wc7g15XRRJKyRlzZR7wwbnYBcJd,2016,0,90_ARCHIVE,1b2pFAIL6Cgc6e_t-B-GrZFTkTEwB9QFe,0%,pré-2021 sem sinal,https://drive.google.com/drive/folders/1Kc-995GW8M6ulyjob49Vfps4trte68Kg
1xRw6OSpVwcs9JX6luQowObP1QCWWV12q,Empreender,1FH47LzbzMQUgGSp5j46kFNcqDEENSnbz,2016,0,90_ARCHIVE,1b2pFAIL6Cgc6e_t-B-GrZFTkTEwB9QFe,100%,pré-2021 + score baixo (3.0),https://drive.google.com/drive/folders/1xRw6OSpVwcs9JX6luQowObP1QCWWV12q
1-5Yt-ukF5MHZ9XBEvO5x2OQ4IIAGn7wW,Cristima barbosa ,1xRw6OSpVwcs9JX6luQowObP1QCWWV12q,2016,0,90_ARCHIVE,1b2pFAIL6Cgc6e_t-B-GrZFTkTEwB9QFe,0%,pré-2021 sem sinal,https://drive.google.com/drive/folders/1-5Yt-ukF5MHZ9XBEvO5x2OQ4IIAGn7wW
1-5Yt-ukF5MHZ9XBEvO5x2OQ4IIAGn7wW,Cristima barbosa ,1xRw6OSpVwcs9JX6luQowObP1QCWWV12q,2016,0,90_ARCHIVE,1b2pFAIL6Cgc6e_t-B-GrZFTkTEwB9QFe,0%,pré-2021 sem sinal,https://drive.google.com/drive/folders/1-5Yt-ukF5MHZ9XBEvO5x2OQ4IIAGn7wW
1iCI8LiGjSeTj6yDyBmywdwi-KEx1XRHa,GRAVACAO 2,1uDziPYIKB7G8wZsxNRVcXmuqEV3cmkOg,2016,0,90_ARCHIVE,1b2pFAIL6Cgc6e_t-B-GrZFTkTEwB9QFe,0%,pré-2021 sem sinal,https://drive.google.com/drive/folders/1iCI8LiGjSeTj6yDyBmywdwi-KEx1XRHa
1w_ZecOdDwjJpR80Sy-8Y1bsXsV0jvew5,ESTUDANDO NOÇÕES BÁSICAS DE PNL,1xRw6OSpVwcs9JX6luQowObP1QCWWV12q,2016,0,90_ARCHIVE,1b2pFAIL6Cgc6e_t-B-GrZFTkTEwB9QFe,0%,pré-2021 sem sinal,https://drive.google.com/drive/folders/1w_ZecOdDwjJpR80Sy-8Y1bsXsV0jvew5
1-Mu5hUkQr7h7oNLMKeAqWblWJy_sw9dC,ESTUDANDO ADMINISTRAÇÃO DE EMPRESAS,1xRw6OSpVwcs9JX6luQowObP1QCWWV12q,2016,0,90_ARCHIVE,1b2pFAIL6Cgc6e_t-B-GrZFTkTEwB9QFe,0%,pré-2021 sem sinal,https://drive.google.com/drive/folders/1-Mu5hUkQr7h7oNLMKeAqWblWJy_sw9dC
1mQkrGN1LNwLQMSMflvMVH5LbgICk2hI2,Curso de empreendedorismo,1xRw6OSpVwcs9JX6luQowObP1QCWWV12q,2016,0,40_KNOWLEDGE/Cursos,1VM7Dj_10uf6qn-yTE52iXPkVTMJUbyic,100%,score=15.0 conf=100%,https://drive.google.com/drive/folders/1mQkrGN1LNwLQMSMflvMVH5LbgICk2hI2
1tOsZhgFhsPxMcesdV6WV8vXyoOI80vsU,5 Ss,1xRw6OSpVwcs9JX6luQowObP1QCWWV12q,2016,0,90_ARCHIVE,1b2pFAIL6Cgc6e_t-B-GrZFTkTEwB9QFe,0%,pré-2021 sem sinal,https://drive.google.com/drive/folders/1tOsZhgFhsPxMcesdV6WV8vXyoOI80vsU
1ItSNFrN8YHLV6HgfFBSBPr4ME8A54vyE,nutrição,14uhi_G7gCyWLNwuDn-u5NXoyRikTDsa_,2015,0,90_ARCHIVE,1b2pFAIL6Cgc6e_t-B-GrZFTkTEwB9QFe,0%,pré-2021 sem sinal,https://drive.google.com/drive/folders/1ItSNFrN8YHLV6HgfFBSBPr4ME8A54vyE
1Yf4cV51PjVkTDkO4HYfUib67A__S1UHt,partes monografia,1mKA4GYWw8Zlaq0_HpT0DKWvPl6vdJ2ET,2015,0,90_ARCHIVE,1b2pFAIL6Cgc6e_t-B-GrZFTkTEwB9QFe,0%,pré-2021 sem sinal,https://drive.google.com/drive/folders/1Yf4cV51PjVkTDkO4HYfUib67A__S1UHt
1jVHNwINmdmv8RWpaOFD-8KROGeC3XAW-,trabalho feito,1Yf4cV51PjVkTDkO4HYfUib67A__S1UHt,2015,0,90_ARCHIVE,1b2pFAIL6Cgc6e_t-B-GrZFTkTEwB9QFe,0%,pré-2021 sem sinal,https://drive.google.com/drive/folders/1jVHNwINmdmv8RWpaOFD-8KROGeC3XAW-
1mKA4GYWw8Zlaq0_HpT0DKWvPl6vdJ2ET,mono,14uhi_G7gCyWLNwuDn-u5NXoyRikTDsa_,2015,0,90_ARCHIVE,1b2pFAIL6Cgc6e_t-B-GrZFTkTEwB9QFe,0%,pré-2021 sem sinal,https://drive.google.com/drive/folders/1mKA4GYWw8Zlaq0_HpT0DKWvPl6vdJ2ET
1FQHNwhh9Sj4D-3ArcpruKT5VHuXboVlK,lidos,1mKA4GYWw8Zlaq0_HpT0DKWvPl6vdJ2ET,2015,0,90_ARCHIVE,1b2pFAIL6Cgc6e_t-B-GrZFTkTEwB9QFe,0%,pré-2021 sem sinal,https://drive.google.com/drive/folders/1FQHNwhh9Sj4D-3ArcpruKT5VHuXboVlK
1ZS1nY8dJFBb8IrkFbCaxsrAMkn1vWnI1,TRABALHO,1FH47LzbzMQUgGSp5j46kFNcqDEENSnbz,2015,0,90_ARCHIVE,1b2pFAIL6Cgc6e_t-B-GrZFTkTEwB9QFe,0%,pré-2021 sem sinal,https://drive.google.com/drive/folders/1ZS1nY8dJFBb8IrkFbCaxsrAMkn1vWnI1
1vhsPj8dC1VmppI6MFkS37IkDMdwLq_qH,institucional final2.jpg.files,1zwYmDIVeHQOcJcoaMmwQq9PaZyBpdP8Z,2015,0,90_ARCHIVE,1b2pFAIL6Cgc6e_t-B-GrZFTkTEwB9QFe,0%,pré-2021 sem sinal,https://drive.google.com/drive/folders/1vhsPj8dC1VmppI6MFkS37IkDMdwLq_qH
1zwYmDIVeHQOcJcoaMmwQq9PaZyBpdP8Z,Rascunhos Templates,1M-JW_vU7HixgKiQoQIqYxfz5RANVtKrV,2015,4,90_ARCHIVE,1b2pFAIL6Cgc6e_t-B-GrZFTkTEwB9QFe,100%,pré-2021 + score baixo (3.0),https://drive.google.com/drive/folders/1zwYmDIVeHQOcJcoaMmwQq9PaZyBpdP8Z
1BVT4Uvpk7uEpAb0OxjXR4cGKF208_XTg,Pagina de  cadastro.png.files,1zwYmDIVeHQOcJcoaMmwQq9PaZyBpdP8Z,2015,0,90_ARCHIVE,1b2pFAIL6Cgc6e_t-B-GrZFTkTEwB9QFe,0%,pré-2021 sem sinal,https://drive.google.com/drive/folders/1BVT4Uvpk7uEpAb0OxjXR4cGKF208_XTg
1lEnxQNIP120871hb8yNQfPf0__o1hg-9,institucional final.jpg.files,1zwYmDIVeHQOcJcoaMmwQq9PaZyBpdP8Z,2015,0,90_ARCHIVE,1b2pFAIL6Cgc6e_t-B-GrZFTkTEwB9QFe,0%,pré-2021 sem sinal,https://drive.google.com/drive/folders/1lEnxQNIP120871hb8yNQfPf0__o1hg-9
1j71m3AcPyiBd408_8vLwUHQCyjHROg2I,institucional 5.jpg.files,1zwYmDIVeHQOcJcoaMmwQq9PaZyBpdP8Z,2015,0,90_ARCHIVE,1b2pFAIL6Cgc6e_t-B-GrZFTkTEwB9QFe,0%,pré-2021 sem sinal,https://drive.google.com/drive/folders/1j71m3AcPyiBd408_8vLwUHQCyjHROg2I
1-XOMhy4yj60OoF8b5mG5YRUnj7DUTV77,4WELLNESS RINNING.jpg.files,1zwYmDIVeHQOcJcoaMmwQq9PaZyBpdP8Z,2015,0,90_ARCHIVE,1b2pFAIL6Cgc6e_t-B-GrZFTkTEwB9QFe,0%,pré-2021 sem sinal,https://drive.google.com/drive/folders/1-XOMhy4yj60OoF8b5mG5YRUnj7DUTV77
1dwgO_fv_QplQDU7_1nFJkdbNBDDpuywm,institucional 2.jpg.files,1zwYmDIVeHQOcJcoaMmwQq9PaZyBpdP8Z,2015,0,90_ARCHIVE,1b2pFAIL6Cgc6e_t-B-GrZFTkTEwB9QFe,0%,pré-2021 sem sinal,https://drive.google.com/drive/folders/1dwgO_fv_QplQDU7_1nFJkdbNBDDpuywm
194eyQIjykFOFwFguYGlZqzx9gExtyQQf,institucional 25.jpg.files,1zwYmDIVeHQOcJcoaMmwQq9PaZyBpdP8Z,2015,0,90_ARCHIVE,1b2pFAIL6Cgc6e_t-B-GrZFTkTEwB9QFe,0%,pré-2021 sem sinal,https://drive.google.com/drive/folders/194eyQIjykFOFwFguYGlZqzx9gExtyQQf
1NdVeY1d6hI-2Exf_IAK6WbvhLiWgsbWC,Briefing,1M-JW_vU7HixgKiQoQIqYxfz5RANVtKrV,2015,0,90_ARCHIVE,1b2pFAIL6Cgc6e_t-B-GrZFTkTEwB9QFe,0%,pré-2021 sem sinal,https://drive.google.com/drive/folders/1NdVeY1d6hI-2Exf_IAK6WbvhLiWgsbWC
1iWHZNy-ftbpOv6YTv1Za6vN6O_0h0xmG,Manual de conduta,1M-JW_vU7HixgKiQoQIqYxfz5RANVtKrV,2015,0,90_ARCHIVE,1b2pFAIL6Cgc6e_t-B-GrZFTkTEwB9QFe,0%,pré-2021 sem sinal,https://drive.google.com/drive/folders/1iWHZNy-ftbpOv6YTv1Za6vN6O_0h0xmG
1UN6gnYXVOBmaDmTUHFXs2RvSlZxIF_WQ,Mrketing digital,1M-JW_vU7HixgKiQoQIqYxfz5RANVtKrV,2015,0,90_ARCHIVE,1b2pFAIL6Cgc6e_t-B-GrZFTkTEwB9QFe,0%,pré-2021 sem sinal,https://drive.google.com/drive/folders/1UN6gnYXVOBmaDmTUHFXs2RvSlZxIF_WQ
1LPzu4K1hAVFwgVpEihqSereEo6waXP_J,pesquisa de concorrencia,1M-JW_vU7HixgKiQoQIqYxfz5RANVtKrV,2015,0,40_KNOWLEDGE,1e5BK2bCjDsqzkl08j6DqFHiXo-y02WJX,100%,score=10.0 conf=100%,https://drive.google.com/drive/folders/1LPzu4K1hAVFwgVpEihqSereEo6waXP_J
1Ma6EVpptjw7kgMStRg3UoigFBAmxwCVh,Contrato,1M-JW_vU7HixgKiQoQIqYxfz5RANVtKrV,2015,0,70_BUSINESS,1g6VsRP42__bKHOj2tqHPPeg-fg2EsGkT,100%,score=15.0 conf=100%,https://drive.google.com/drive/folders/1Ma6EVpptjw7kgMStRg3UoigFBAmxwCVh
11PUpeGEpU5qxj4hwzG2gIGJ0WQ7c5QVT,Projetos,1n0nBW9BWLnkshmh3mhQfa0nQcqSDoM06,2015,0,90_ARCHIVE,1b2pFAIL6Cgc6e_t-B-GrZFTkTEwB9QFe,0%,pré-2021 sem sinal,https://drive.google.com/drive/folders/11PUpeGEpU5qxj4hwzG2gIGJ0WQ7c5QVT
1xItljORXG--xyYSdUSv-LGpvcMqUtpJw,RH,1n0nBW9BWLnkshmh3mhQfa0nQcqSDoM06,2015,0,70_BUSINESS,1g6VsRP42__bKHOj2tqHPPeg-fg2EsGkT,100%,score=15.0 conf=100%,https://drive.google.com/drive/folders/1xItljORXG--xyYSdUSv-LGpvcMqUtpJw
1ha-3_nRph8FC2_s8BrxG38BPK4coKhcs,Pesquisa,1n0nBW9BWLnkshmh3mhQfa0nQcqSDoM06,2015,0,40_KNOWLEDGE,1e5BK2bCjDsqzkl08j6DqFHiXo-y02WJX,100%,score=10.0 conf=100%,https://drive.google.com/drive/folders/1ha-3_nRph8FC2_s8BrxG38BPK4coKhcs
1IcsKmZMvvQc63Hyb6Dk4QuKabhj53Ti-,Plano de negocio,1n0nBW9BWLnkshmh3mhQfa0nQcqSDoM06,2015,0,30_AREAS/Mente,1pggTB9hPdF7f50-Zzt7f74GWW1I4fqp0,100%,score=20.0 conf=100%,https://drive.google.com/drive/folders/1IcsKmZMvvQc63Hyb6Dk4QuKabhj53Ti-
1mtG-MO8YqN_M1PQkWIs6l8kSYmD4euvg,Material de pesquisa sebrae,1HzYrfdrxTJIP3ixiot3ZBb4mTUlhCQKR,2015,0,40_KNOWLEDGE,1e5BK2bCjDsqzkl08j6DqFHiXo-y02WJX,100%,score=10.0 conf=100%,https://drive.google.com/drive/folders/1mtG-MO8YqN_M1PQkWIs6l8kSYmD4euvg
1h6Cem7BW5DHdXpzIxqM9qOEpsznSxUel,Motivacão,1n0nBW9BWLnkshmh3mhQfa0nQcqSDoM06,2015,0,90_ARCHIVE,1b2pFAIL6Cgc6e_t-B-GrZFTkTEwB9QFe,0%,pré-2021 sem sinal,https://drive.google.com/drive/folders/1h6Cem7BW5DHdXpzIxqM9qOEpsznSxUel
15u9z7-XKyQzx7xyFiKirp2gKkJBgL0lo,Projeção de vendas,1DhQ70gAJVG9fmhwfOaGNeLGtHJI7JF9D,2015,0,90_ARCHIVE,1b2pFAIL6Cgc6e_t-B-GrZFTkTEwB9QFe,0%,pré-2021 sem sinal,https://drive.google.com/drive/folders/15u9z7-XKyQzx7xyFiKirp2gKkJBgL0lo
17DaDLj2qjap9sO5FG36BPSk5_wCKqhzf,Plano de negocio Pos graduação,1nRig_hmSVzD2uIHpND99DzxgvY1JjuOk,2015,0,30_AREAS/Mente,1pggTB9hPdF7f50-Zzt7f74GWW1I4fqp0,100%,score=20.0 conf=100%,https://drive.google.com/drive/folders/17DaDLj2qjap9sO5FG36BPSk5_wCKqhzf
1OaNq4cdpfYrDG6vgi5PtgUOUQrdNpBcB,Modelo de Plano de negocio,1n0nBW9BWLnkshmh3mhQfa0nQcqSDoM06,2015,0,30_AREAS/Mente,1pggTB9hPdF7f50-Zzt7f74GWW1I4fqp0,93%,score=28.0 conf=93%,https://drive.google.com/drive/folders/1OaNq4cdpfYrDG6vgi5PtgUOUQrdNpBcB
1nRig_hmSVzD2uIHpND99DzxgvY1JjuOk,Plano de negocio completo,1OaNq4cdpfYrDG6vgi5PtgUOUQrdNpBcB,2015,0,30_AREAS/Mente,1pggTB9hPdF7f50-Zzt7f74GWW1I4fqp0,100%,score=24.0 conf=100%,https://drive.google.com/drive/folders/1nRig_hmSVzD2uIHpND99DzxgvY1JjuOk
1HzYrfdrxTJIP3ixiot3ZBb4mTUlhCQKR,Sebrae,1OaNq4cdpfYrDG6vgi5PtgUOUQrdNpBcB,2015,0,90_ARCHIVE,1b2pFAIL6Cgc6e_t-B-GrZFTkTEwB9QFe,100%,pré-2021 + score baixo (2.0),https://drive.google.com/drive/folders/1HzYrfdrxTJIP3ixiot3ZBb4mTUlhCQKR
1DhQ70gAJVG9fmhwfOaGNeLGtHJI7JF9D,Plano de Ação metas e vendas,1OaNq4cdpfYrDG6vgi5PtgUOUQrdNpBcB,2015,0,90_ARCHIVE,1b2pFAIL6Cgc6e_t-B-GrZFTkTEwB9QFe,0%,pré-2021 sem sinal,https://drive.google.com/drive/folders/1DhQ70gAJVG9fmhwfOaGNeLGtHJI7JF9D
1mRRFYKet7PPO2xZD6KCE3iupziE-278s,Concorrentes,1n0nBW9BWLnkshmh3mhQfa0nQcqSDoM06,2015,0,90_ARCHIVE,1b2pFAIL6Cgc6e_t-B-GrZFTkTEwB9QFe,0%,pré-2021 sem sinal,https://drive.google.com/drive/folders/1mRRFYKet7PPO2xZD6KCE3iupziE-278s
1MaNOw8VxPZcWDNuPJ6l8JwaKJouURbVP,Endeavor,1FH47LzbzMQUgGSp5j46kFNcqDEENSnbz,2014,0,90_ARCHIVE,1b2pFAIL6Cgc6e_t-B-GrZFTkTEwB9QFe,0%,pré-2021 sem sinal,https://drive.google.com/drive/folders/1MaNOw8VxPZcWDNuPJ6l8JwaKJouURbVP
1FycAYanwpL3UkXliP_ksmuuH9rAMPJk0,ORACOES,1FH47LzbzMQUgGSp5j46kFNcqDEENSnbz,2014,0,90_ARCHIVE,1b2pFAIL6Cgc6e_t-B-GrZFTkTEwB9QFe,0%,pré-2021 sem sinal,https://drive.google.com/drive/folders/1FycAYanwpL3UkXliP_ksmuuH9rAMPJk0
1sozAz8uCH6b6wLYHjemakLTDnhrel2pf,Falar em Publico,1OSQUqHOjwv7_qy69ZIvnNPPo6Fa6ErOy,2014,0,90_ARCHIVE,1b2pFAIL6Cgc6e_t-B-GrZFTkTEwB9QFe,0%,pré-2021 sem sinal,https://drive.google.com/drive/folders/1sozAz8uCH6b6wLYHjemakLTDnhrel2pf
18i1tZe3h9qVriC1jAxuHpwWgUd8JMdUL,4wellness4life,1vHfRmiGoJTyzc2pEzQ66Bi5-rCaJ3IoT,2014,0,90_ARCHIVE,1b2pFAIL6Cgc6e_t-B-GrZFTkTEwB9QFe,0%,pré-2021 sem sinal,https://drive.google.com/drive/folders/18i1tZe3h9qVriC1jAxuHpwWgUd8JMdUL
1WEUKiq1IGlRWpI711Q7Bj5621BhEWFV2,PROJETO REVIVER 4W,1g0CYN5uSsOSXHwJWayuoAsJlA3N_vW-3,2014,0,90_ARCHIVE,1b2pFAIL6Cgc6e_t-B-GrZFTkTEwB9QFe,0%,pré-2021 sem sinal,https://drive.google.com/drive/folders/1WEUKiq1IGlRWpI711Q7Bj5621BhEWFV2
1W0LntFo19O-63c8j5NpGbp-hKohoesu3,Editorial,1FvuL5I0Al_5fqw6QLGU71PIq-ElQGopN,2014,0,90_ARCHIVE,1b2pFAIL6Cgc6e_t-B-GrZFTkTEwB9QFe,0%,pré-2021 sem sinal,https://drive.google.com/drive/folders/1W0LntFo19O-63c8j5NpGbp-hKohoesu3
1FvuL5I0Al_5fqw6QLGU71PIq-ElQGopN,Gestão de conteudos,1a84mborj3-KWy-EjZha5fpFBBP5PilT1,2014,0,90_ARCHIVE,1b2pFAIL6Cgc6e_t-B-GrZFTkTEwB9QFe,0%,pré-2021 sem sinal,https://drive.google.com/drive/folders/1FvuL5I0Al_5fqw6QLGU71PIq-ElQGopN
1z2B1Ig49H2HoTTIc7V6V6OpY0_HonZTz,Musculaçao,1h8xxGu9wVjZHx7mWar0k3YIrvEpkNoYp,2014,0,90_ARCHIVE,1b2pFAIL6Cgc6e_t-B-GrZFTkTEwB9QFe,0%,pré-2021 sem sinal,https://drive.google.com/drive/folders/1z2B1Ig49H2HoTTIc7V6V6OpY0_HonZTz
1IjhpyEmqhG66K1_K4eI8OHqwLYuDxfMH,SINDROME X,1h8xxGu9wVjZHx7mWar0k3YIrvEpkNoYp,2014,0,90_ARCHIVE,1b2pFAIL6Cgc6e_t-B-GrZFTkTEwB9QFe,0%,pré-2021 sem sinal,https://drive.google.com/drive/folders/1IjhpyEmqhG66K1_K4eI8OHqwLYuDxfMH
1a-bBHHsVaK2BhNjKBtWYe2gOu0Prubmx,Cronograma,1W0LntFo19O-63c8j5NpGbp-hKohoesu3,2014,0,90_ARCHIVE,1b2pFAIL6Cgc6e_t-B-GrZFTkTEwB9QFe,0%,pré-2021 sem sinal,https://drive.google.com/drive/folders/1a-bBHHsVaK2BhNjKBtWYe2gOu0Prubmx
1goMde_Zy6CONT-k01P9MgQMalKPgy3ag,PLANILHA DE TREINOS,1z2B1Ig49H2HoTTIc7V6V6OpY0_HonZTz,2014,0,90_ARCHIVE,1b2pFAIL6Cgc6e_t-B-GrZFTkTEwB9QFe,0%,pré-2021 sem sinal,https://drive.google.com/drive/folders/1goMde_Zy6CONT-k01P9MgQMalKPgy3ag
175xhdzbUk7CyuQ9RPbFSbKI5-Jsfw_Lt,PERIODIZAÇAO,1h8xxGu9wVjZHx7mWar0k3YIrvEpkNoYp,2014,0,90_ARCHIVE,1b2pFAIL6Cgc6e_t-B-GrZFTkTEwB9QFe,0%,pré-2021 sem sinal,https://drive.google.com/drive/folders/175xhdzbUk7CyuQ9RPbFSbKI5-Jsfw_Lt
1oPCIJEz5eoQvRsv7Q0qRNkEd9sRndKgJ,AVALIACÃO,1h8xxGu9wVjZHx7mWar0k3YIrvEpkNoYp,2014,0,90_ARCHIVE,1b2pFAIL6Cgc6e_t-B-GrZFTkTEwB9QFe,0%,pré-2021 sem sinal,https://drive.google.com/drive/folders/1oPCIJEz5eoQvRsv7Q0qRNkEd9sRndKgJ
1UzPA2YXk0MqE0woK9xxnfK2LN3wEiFKr,Alongamnetos,1h8xxGu9wVjZHx7mWar0k3YIrvEpkNoYp,2014,0,90_ARCHIVE,1b2pFAIL6Cgc6e_t-B-GrZFTkTEwB9QFe,0%,pré-2021 sem sinal,https://drive.google.com/drive/folders/1UzPA2YXk0MqE0woK9xxnfK2LN3wEiFKr
1yG6i-MvqLyACOOMatOmv_9uyZShjO3v1,LIVROS,1h8xxGu9wVjZHx7mWar0k3YIrvEpkNoYp,2014,0,90_ARCHIVE,1b2pFAIL6Cgc6e_t-B-GrZFTkTEwB9QFe,0%,pré-2021 sem sinal,https://drive.google.com/drive/folders/1yG6i-MvqLyACOOMatOmv_9uyZShjO3v1
1IpediiaHKiTIBccsj493TMjL1ul4H-_J,institucional final.jpg.files,1Zq7FPzFCZe7BOZS-k10p6Nkqa_fVLFD7,2014,0,90_ARCHIVE,1b2pFAIL6Cgc6e_t-B-GrZFTkTEwB9QFe,0%,pré-2021 sem sinal,https://drive.google.com/drive/folders/1IpediiaHKiTIBccsj493TMjL1ul4H-_J
1MprcArrAWrypu3C4P9FoIdsCfdKP4PVm,institucional final2.jpg.files,1Zq7FPzFCZe7BOZS-k10p6Nkqa_fVLFD7,2014,0,90_ARCHIVE,1b2pFAIL6Cgc6e_t-B-GrZFTkTEwB9QFe,0%,pré-2021 sem sinal,https://drive.google.com/drive/folders/1MprcArrAWrypu3C4P9FoIdsCfdKP4PVm
1LukrFkJ9-KSQ-D2Ypstoo0YlJ9B6grQZ,institucional 25.jpg.files,1Zq7FPzFCZe7BOZS-k10p6Nkqa_fVLFD7,2014,0,90_ARCHIVE,1b2pFAIL6Cgc6e_t-B-GrZFTkTEwB9QFe,0%,pré-2021 sem sinal,https://drive.google.com/drive/folders/1LukrFkJ9-KSQ-D2Ypstoo0YlJ9B6grQZ
1BVEBwl4tbrCiOlZ-Lz2VgcZkMSBcJCT5,institucional 2.jpg.files,1Zq7FPzFCZe7BOZS-k10p6Nkqa_fVLFD7,2014,0,90_ARCHIVE,1b2pFAIL6Cgc6e_t-B-GrZFTkTEwB9QFe,0%,pré-2021 sem sinal,https://drive.google.com/drive/folders/1BVEBwl4tbrCiOlZ-Lz2VgcZkMSBcJCT5
141-_G8a-TMup2Isr3Cv_5K9Q4eoGhvGM,institucional 5.jpg.files,1Zq7FPzFCZe7BOZS-k10p6Nkqa_fVLFD7,2014,0,90_ARCHIVE,1b2pFAIL6Cgc6e_t-B-GrZFTkTEwB9QFe,0%,pré-2021 sem sinal,https://drive.google.com/drive/folders/141-_G8a-TMup2Isr3Cv_5K9Q4eoGhvGM
1Zq7FPzFCZe7BOZS-k10p6Nkqa_fVLFD7,Rascunhos Templates,16OQhiIwwCxFBrwLgQpUglrzTNR8kq9Xi,2014,5,90_ARCHIVE,1b2pFAIL6Cgc6e_t-B-GrZFTkTEwB9QFe,100%,pré-2021 + score baixo (3.0),https://drive.google.com/drive/folders/1Zq7FPzFCZe7BOZS-k10p6Nkqa_fVLFD7
1RGaLK_1LXoKjy2JhHJjIld6OpaFlpn4O,Pagina de  cadastro.png.files,1Zq7FPzFCZe7BOZS-k10p6Nkqa_fVLFD7,2014,0,90_ARCHIVE,1b2pFAIL6Cgc6e_t-B-GrZFTkTEwB9QFe,0%,pré-2021 sem sinal,https://drive.google.com/drive/folders/1RGaLK_1LXoKjy2JhHJjIld6OpaFlpn4O
1q_RpZx8qje5DYh39aQoc5gsUzxjdz_0x,4WELLNESS RINNING.jpg.files,1Zq7FPzFCZe7BOZS-k10p6Nkqa_fVLFD7,2014,0,90_ARCHIVE,1b2pFAIL6Cgc6e_t-B-GrZFTkTEwB9QFe,0%,pré-2021 sem sinal,https://drive.google.com/drive/folders/1q_RpZx8qje5DYh39aQoc5gsUzxjdz_0x
16OQhiIwwCxFBrwLgQpUglrzTNR8kq9Xi,Site,1MsuxiNZ9_vl506QIUPwJIcw-JEYcTxUc,2014,0,90_ARCHIVE,1b2pFAIL6Cgc6e_t-B-GrZFTkTEwB9QFe,50%,pré-2021 + score baixo (3.0),https://drive.google.com/drive/folders/16OQhiIwwCxFBrwLgQpUglrzTNR8kq9Xi
19JT8BWva_bNXSEoreFguR-j0A8DUObIw,pesquisa de concorrencia,16OQhiIwwCxFBrwLgQpUglrzTNR8kq9Xi,2014,0,40_KNOWLEDGE,1e5BK2bCjDsqzkl08j6DqFHiXo-y02WJX,100%,score=10.0 conf=100%,https://drive.google.com/drive/folders/19JT8BWva_bNXSEoreFguR-j0A8DUObIw
1rYCxVk-KXeKEupuEOW_gjzTIpbAm1Zsg,Mrketing digital,16OQhiIwwCxFBrwLgQpUglrzTNR8kq9Xi,2014,0,90_ARCHIVE,1b2pFAIL6Cgc6e_t-B-GrZFTkTEwB9QFe,0%,pré-2021 sem sinal,https://drive.google.com/drive/folders/1rYCxVk-KXeKEupuEOW_gjzTIpbAm1Zsg
1LGNHKRw3KlBNYGM6i3MmvxsWyU9y6eHy,Manual de conduta,16OQhiIwwCxFBrwLgQpUglrzTNR8kq9Xi,2014,0,90_ARCHIVE,1b2pFAIL6Cgc6e_t-B-GrZFTkTEwB9QFe,0%,pré-2021 sem sinal,https://drive.google.com/drive/folders/1LGNHKRw3KlBNYGM6i3MmvxsWyU9y6eHy
1kOMKrX85YEoDz248X-U6fpMS_FIjm0m6,Contrato,16OQhiIwwCxFBrwLgQpUglrzTNR8kq9Xi,2014,0,70_BUSINESS,1g6VsRP42__bKHOj2tqHPPeg-fg2EsGkT,100%,score=15.0 conf=100%,https://drive.google.com/drive/folders/1kOMKrX85YEoDz248X-U6fpMS_FIjm0m6
1Mk5iLIftYd9fVu8LoIlmoMhJGo1sS-YM,Briefing,16OQhiIwwCxFBrwLgQpUglrzTNR8kq9Xi,2014,0,90_ARCHIVE,1b2pFAIL6Cgc6e_t-B-GrZFTkTEwB9QFe,0%,pré-2021 sem sinal,https://drive.google.com/drive/folders/1Mk5iLIftYd9fVu8LoIlmoMhJGo1sS-YM
1AFeVC1MFJdnIKtuGf9nRAOSpH3Dl9Gp6,RH,1MsuxiNZ9_vl506QIUPwJIcw-JEYcTxUc,2014,0,70_BUSINESS,1g6VsRP42__bKHOj2tqHPPeg-fg2EsGkT,100%,score=15.0 conf=100%,https://drive.google.com/drive/folders/1AFeVC1MFJdnIKtuGf9nRAOSpH3Dl9Gp6
1P8QqN9jxGXH5J6VWR69B0bF_cgWW47-I,Projetos,1MsuxiNZ9_vl506QIUPwJIcw-JEYcTxUc,2014,0,90_ARCHIVE,1b2pFAIL6Cgc6e_t-B-GrZFTkTEwB9QFe,0%,pré-2021 sem sinal,https://drive.google.com/drive/folders/1P8QqN9jxGXH5J6VWR69B0bF_cgWW47-I
1XZiCEM0jH0xiaevUMN2zRQZolQk9OwBs,Plano de negocio,1MsuxiNZ9_vl506QIUPwJIcw-JEYcTxUc,2014,0,30_AREAS/Mente,1pggTB9hPdF7f50-Zzt7f74GWW1I4fqp0,100%,score=20.0 conf=100%,https://drive.google.com/drive/folders/1XZiCEM0jH0xiaevUMN2zRQZolQk9OwBs
1pTdRW0zaui8EN2-RsOmw3AUCHevRZ9q7,Pesquisa,1MsuxiNZ9_vl506QIUPwJIcw-JEYcTxUc,2014,0,40_KNOWLEDGE,1e5BK2bCjDsqzkl08j6DqFHiXo-y02WJX,100%,score=10.0 conf=100%,https://drive.google.com/drive/folders/1pTdRW0zaui8EN2-RsOmw3AUCHevRZ9q7
11KOgPtMrD5EzJGe5RB1Mk7hM3zZkXOKT,Material de pesquisa sebrae,1QAB1poRdFKU9RtCa8whZX5CL2F2zQ6Hm,2014,0,40_KNOWLEDGE,1e5BK2bCjDsqzkl08j6DqFHiXo-y02WJX,100%,score=10.0 conf=100%,https://drive.google.com/drive/folders/11KOgPtMrD5EzJGe5RB1Mk7hM3zZkXOKT
13dSiCsBb3L1AvBTWOR1YjUQZw-uqcfTu,Motivacão,1MsuxiNZ9_vl506QIUPwJIcw-JEYcTxUc,2014,0,90_ARCHIVE,1b2pFAIL6Cgc6e_t-B-GrZFTkTEwB9QFe,0%,pré-2021 sem sinal,https://drive.google.com/drive/folders/13dSiCsBb3L1AvBTWOR1YjUQZw-uqcfTu
1gRzEOuKrAhXT7freW6fbizvM1JjqTCsW,Projeção de vendas,1ClaXg6acTJRzWLxV_aPMUrcygodNxa3V,2014,0,90_ARCHIVE,1b2pFAIL6Cgc6e_t-B-GrZFTkTEwB9QFe,0%,pré-2021 sem sinal,https://drive.google.com/drive/folders/1gRzEOuKrAhXT7freW6fbizvM1JjqTCsW
1MmERBH2BCiv0ObzZb3vDjAkCiWhYSYeL,Plano de negocio Pos graduação,1GUAusEe6H4nRWnJykSsDcoeG1Mlv_ml5,2014,0,30_AREAS/Mente,1pggTB9hPdF7f50-Zzt7f74GWW1I4fqp0,100%,score=20.0 conf=100%,https://drive.google.com/drive/folders/1MmERBH2BCiv0ObzZb3vDjAkCiWhYSYeL
1GOLaAV5iy0B3GQhX195Do8oSYHVJkAfK,Modelo de Plano de negocio,1MsuxiNZ9_vl506QIUPwJIcw-JEYcTxUc,2014,0,30_AREAS/Mente,1pggTB9hPdF7f50-Zzt7f74GWW1I4fqp0,93%,score=28.0 conf=93%,https://drive.google.com/drive/folders/1GOLaAV5iy0B3GQhX195Do8oSYHVJkAfK
1ClaXg6acTJRzWLxV_aPMUrcygodNxa3V,Plano de Ação metas e vendas,1GOLaAV5iy0B3GQhX195Do8oSYHVJkAfK,2014,0,90_ARCHIVE,1b2pFAIL6Cgc6e_t-B-GrZFTkTEwB9QFe,0%,pré-2021 sem sinal,https://drive.google.com/drive/folders/1ClaXg6acTJRzWLxV_aPMUrcygodNxa3V
1GUAusEe6H4nRWnJykSsDcoeG1Mlv_ml5,Plano de negocio completo,1GOLaAV5iy0B3GQhX195Do8oSYHVJkAfK,2014,0,30_AREAS/Mente,1pggTB9hPdF7f50-Zzt7f74GWW1I4fqp0,100%,score=24.0 conf=100%,https://drive.google.com/drive/folders/1GUAusEe6H4nRWnJykSsDcoeG1Mlv_ml5
1QAB1poRdFKU9RtCa8whZX5CL2F2zQ6Hm,Sebrae,1GOLaAV5iy0B3GQhX195Do8oSYHVJkAfK,2014,0,90_ARCHIVE,1b2pFAIL6Cgc6e_t-B-GrZFTkTEwB9QFe,100%,pré-2021 + score baixo (2.0),https://drive.google.com/drive/folders/1QAB1poRdFKU9RtCa8whZX5CL2F2zQ6Hm
1JsX7l_S7jv7LjGKuu-wdKGKMKb4m_wrK,Concorrentes,1MsuxiNZ9_vl506QIUPwJIcw-JEYcTxUc,2014,0,90_ARCHIVE,1b2pFAIL6Cgc6e_t-B-GrZFTkTEwB9QFe,0%,pré-2021 sem sinal,https://drive.google.com/drive/folders/1JsX7l_S7jv7LjGKuu-wdKGKMKb4m_wrK
1ClWtCcvRIG9M_S39t8vFIZsGJbVoIdiC,Comece certo,1MsuxiNZ9_vl506QIUPwJIcw-JEYcTxUc,2014,0,90_ARCHIVE,1b2pFAIL6Cgc6e_t-B-GrZFTkTEwB9QFe,0%,pré-2021 sem sinal,https://drive.google.com/drive/folders/1ClWtCcvRIG9M_S39t8vFIZsGJbVoIdiC
1trCHLZTLzeCdcmSRUr1gkulSvLiGeOEb,PROJETO 4W-SINTONIA,1g0CYN5uSsOSXHwJWayuoAsJlA3N_vW-3,2014,0,90_ARCHIVE,1b2pFAIL6Cgc6e_t-B-GrZFTkTEwB9QFe,0%,pré-2021 sem sinal,https://drive.google.com/drive/folders/1trCHLZTLzeCdcmSRUr1gkulSvLiGeOEb
1IrBgamhKrMuIgvvdMeNUDLeakH6JTA2z,GESTAO DE PROJETOS,1g0CYN5uSsOSXHwJWayuoAsJlA3N_vW-3,2014,1,90_ARCHIVE,1b2pFAIL6Cgc6e_t-B-GrZFTkTEwB9QFe,0%,pré-2021 sem sinal,https://drive.google.com/drive/folders/1IrBgamhKrMuIgvvdMeNUDLeakH6JTA2z
1HwGPOmd6XFF1Vw7GAYmkcm0RHspEGHSa,Álbum Desconhecido (6-11-2014 09-27-10),1pSuYNsYUcOWGbX0bG4g042bi01gn6_tJ,2014,0,90_ARCHIVE,1b2pFAIL6Cgc6e_t-B-GrZFTkTEwB9QFe,0%,pré-2021 sem sinal,https://drive.google.com/drive/folders/1HwGPOmd6XFF1Vw7GAYmkcm0RHspEGHSa
1YunQ6XITgzx_2f0UYv_UCTJkiHRepXID,Contínua,1SGG_IfWYZxIpI79zhkj7BqI8tUR7qz2V,2014,0,90_ARCHIVE,1b2pFAIL6Cgc6e_t-B-GrZFTkTEwB9QFe,0%,pré-2021 sem sinal,https://drive.google.com/drive/folders/1YunQ6XITgzx_2f0UYv_UCTJkiHRepXID
1nGRRnXGoyRxdNTiaRcexf-mwO2StKSFl,Estrutural,1udaOLTp0TKiR8s0lBui3hcWoUmMEpenF,2014,0,90_ARCHIVE,1b2pFAIL6Cgc6e_t-B-GrZFTkTEwB9QFe,0%,pré-2021 sem sinal,https://drive.google.com/drive/folders/1nGRRnXGoyRxdNTiaRcexf-mwO2StKSFl
162rMub5HjFzuEJCvFu2nPS1Y9cxEsXej,Contínuas,1udaOLTp0TKiR8s0lBui3hcWoUmMEpenF,2014,0,90_ARCHIVE,1b2pFAIL6Cgc6e_t-B-GrZFTkTEwB9QFe,0%,pré-2021 sem sinal,https://drive.google.com/drive/folders/162rMub5HjFzuEJCvFu2nPS1Y9cxEsXej
1udaOLTp0TKiR8s0lBui3hcWoUmMEpenF,Marca,1-wL2Bx1NQG3t6ehMRrsZs1ZYdqET86SS,2014,0,90_ARCHIVE,1b2pFAIL6Cgc6e_t-B-GrZFTkTEwB9QFe,0%,pré-2021 sem sinal,https://drive.google.com/drive/folders/1udaOLTp0TKiR8s0lBui3hcWoUmMEpenF
1rWBiZFmneKmIygbQpgKKMTWNCwNcEN0D,estrutural,1SGG_IfWYZxIpI79zhkj7BqI8tUR7qz2V,2014,0,90_ARCHIVE,1b2pFAIL6Cgc6e_t-B-GrZFTkTEwB9QFe,0%,pré-2021 sem sinal,https://drive.google.com/drive/folders/1rWBiZFmneKmIygbQpgKKMTWNCwNcEN0D
1-wL2Bx1NQG3t6ehMRrsZs1ZYdqET86SS,Segunda parte,1pSuYNsYUcOWGbX0bG4g042bi01gn6_tJ,2014,0,90_ARCHIVE,1b2pFAIL6Cgc6e_t-B-GrZFTkTEwB9QFe,0%,pré-2021 sem sinal,https://drive.google.com/drive/folders/1-wL2Bx1NQG3t6ehMRrsZs1ZYdqET86SS
1SGG_IfWYZxIpI79zhkj7BqI8tUR7qz2V,Fidelização,1-wL2Bx1NQG3t6ehMRrsZs1ZYdqET86SS,2014,0,90_ARCHIVE,1b2pFAIL6Cgc6e_t-B-GrZFTkTEwB9QFe,0%,pré-2021 sem sinal,https://drive.google.com/drive/folders/1SGG_IfWYZxIpI79zhkj7BqI8tUR7qz2V
1eiFJukHEWBdlRs58D6YQx1Nund9K5q_E,Rodrigo,1VhaiSIdAQ0FqaPR9EKtawEcZpQukWHu_,2014,1,90_ARCHIVE,1b2pFAIL6Cgc6e_t-B-GrZFTkTEwB9QFe,100%,pré-2021 + score baixo (3.0),https://drive.google.com/drive/folders/1eiFJukHEWBdlRs58D6YQx1Nund9K5q_E
1n5fYqDjZLoMracGEPNcvPxpdS6wtrU-M,Impressão,1pSuYNsYUcOWGbX0bG4g042bi01gn6_tJ,2014,0,90_ARCHIVE,1b2pFAIL6Cgc6e_t-B-GrZFTkTEwB9QFe,0%,pré-2021 sem sinal,https://drive.google.com/drive/folders/1n5fYqDjZLoMracGEPNcvPxpdS6wtrU-M
1VhaiSIdAQ0FqaPR9EKtawEcZpQukWHu_,Fernando Souza,1pSuYNsYUcOWGbX0bG4g042bi01gn6_tJ,2014,0,90_ARCHIVE,1b2pFAIL6Cgc6e_t-B-GrZFTkTEwB9QFe,100%,pré-2021 + score baixo (3.0),https://drive.google.com/drive/folders/1VhaiSIdAQ0FqaPR9EKtawEcZpQukWHu_
1ZrkzcgLhmVLkPtAcNFHKULNx9Wv6c6wM,referencias,1gLvdbh7Ng__zSFqzpadCtV8yaYqFzESj,2014,1,90_ARCHIVE,1b2pFAIL6Cgc6e_t-B-GrZFTkTEwB9QFe,100%,pré-2021 + score baixo (3.0),https://drive.google.com/drive/folders/1ZrkzcgLhmVLkPtAcNFHKULNx9Wv6c6wM
1gLvdbh7Ng__zSFqzpadCtV8yaYqFzESj,Fernando,1VhaiSIdAQ0FqaPR9EKtawEcZpQukWHu_,2014,0,90_ARCHIVE,1b2pFAIL6Cgc6e_t-B-GrZFTkTEwB9QFe,100%,pré-2021 + score baixo (3.0),https://drive.google.com/drive/folders/1gLvdbh7Ng__zSFqzpadCtV8yaYqFzESj
1Lx_LS6QIOMfaYU_KpTyJXEPPzODaVER2,Apostila,1pSuYNsYUcOWGbX0bG4g042bi01gn6_tJ,2014,1,90_ARCHIVE,1b2pFAIL6Cgc6e_t-B-GrZFTkTEwB9QFe,100%,pré-2021 + score baixo (3.0),https://drive.google.com/drive/folders/1Lx_LS6QIOMfaYU_KpTyJXEPPzODaVER2
1TothT4iRrUKdt_F2C4MaUdF4KPxHpMpy,FERRAMENTAS,1g0CYN5uSsOSXHwJWayuoAsJlA3N_vW-3,2014,0,90_ARCHIVE,1b2pFAIL6Cgc6e_t-B-GrZFTkTEwB9QFe,0%,pré-2021 sem sinal,https://drive.google.com/drive/folders/1TothT4iRrUKdt_F2C4MaUdF4KPxHpMpy
1GjHyhvcM-29I-iGmXxCgnKkb7TY6bsrK,Mapas mentais,1wAl1Rmj3LfWC2FT_5zIEvwgf-RTfXaV3,2014,0,90_ARCHIVE,1b2pFAIL6Cgc6e_t-B-GrZFTkTEwB9QFe,0%,pré-2021 sem sinal,https://drive.google.com/drive/folders/1GjHyhvcM-29I-iGmXxCgnKkb7TY6bsrK
1wAl1Rmj3LfWC2FT_5zIEvwgf-RTfXaV3,Planejadores,1m8ON2OHzSCyHDfidCv9XowqVS4nrpmny,2014,0,90_ARCHIVE,1b2pFAIL6Cgc6e_t-B-GrZFTkTEwB9QFe,0%,pré-2021 sem sinal,https://drive.google.com/drive/folders/1wAl1Rmj3LfWC2FT_5zIEvwgf-RTfXaV3
1eY-P5mCEJy1M_hkaocV0iCrXC1EOqpOf,Mapas Mentais,1bjUuQLX37uz8rUWQUmjHQQVDFec_3z04,2014,0,90_ARCHIVE,1b2pFAIL6Cgc6e_t-B-GrZFTkTEwB9QFe,0%,pré-2021 sem sinal,https://drive.google.com/drive/folders/1eY-P5mCEJy1M_hkaocV0iCrXC1EOqpOf
1m8ON2OHzSCyHDfidCv9XowqVS4nrpmny,Planejamento Adminstrativo,1bjUuQLX37uz8rUWQUmjHQQVDFec_3z04,2014,0,90_ARCHIVE,1b2pFAIL6Cgc6e_t-B-GrZFTkTEwB9QFe,0%,pré-2021 sem sinal,https://drive.google.com/drive/folders/1m8ON2OHzSCyHDfidCv9XowqVS4nrpmny
1skbxEdnEVwEqbYn0uu2mse7Ivd5wefFh,wellness4life,1FQjwcRKPtmiSHebAL0AU54g2pkp0BRQJ,2014,0,90_ARCHIVE,1b2pFAIL6Cgc6e_t-B-GrZFTkTEwB9QFe,0%,pré-2021 sem sinal,https://drive.google.com/drive/folders/1skbxEdnEVwEqbYn0uu2mse7Ivd5wefFh
1ds30Yz0aycJe8T9WFd5oNpHfJ_kAJ48I,DOCUMENTOS,1skbxEdnEVwEqbYn0uu2mse7Ivd5wefFh,2014,0,90_ARCHIVE,1b2pFAIL6Cgc6e_t-B-GrZFTkTEwB9QFe,0%,pré-2021 sem sinal,https://drive.google.com/drive/folders/1ds30Yz0aycJe8T9WFd5oNpHfJ_kAJ48I
1vXS7TJhYC07eSHc0vgpXYZOQCqfeQNBw,Planilhas financeias,1FQjwcRKPtmiSHebAL0AU54g2pkp0BRQJ,2014,0,90_ARCHIVE,1b2pFAIL6Cgc6e_t-B-GrZFTkTEwB9QFe,0%,pré-2021 sem sinal,https://drive.google.com/drive/folders/1vXS7TJhYC07eSHc0vgpXYZOQCqfeQNBw
1T9aqjH_sYsxAmTomKieCaNc5EHNiNF5L,Tranferencias,1ySOjmD_bhtwdM-7oJOn2mUmoOA8K_oMI,2014,0,90_ARCHIVE,1b2pFAIL6Cgc6e_t-B-GrZFTkTEwB9QFe,0%,pré-2021 sem sinal,https://drive.google.com/drive/folders/1T9aqjH_sYsxAmTomKieCaNc5EHNiNF5L
1il6YHc3GbXBIWEcBP4BedRxxJL-b3gtR,Visa,1ySOjmD_bhtwdM-7oJOn2mUmoOA8K_oMI,2014,1,90_ARCHIVE,1b2pFAIL6Cgc6e_t-B-GrZFTkTEwB9QFe,100%,pré-2021 + score baixo (3.0),https://drive.google.com/drive/folders/1il6YHc3GbXBIWEcBP4BedRxxJL-b3gtR
1DQVYyVQKbDcmIZ8Di1y_rxl-gU_hTLli,Seguro,1ySOjmD_bhtwdM-7oJOn2mUmoOA8K_oMI,2014,0,90_ARCHIVE,1b2pFAIL6Cgc6e_t-B-GrZFTkTEwB9QFe,0%,pré-2021 sem sinal,https://drive.google.com/drive/folders/1DQVYyVQKbDcmIZ8Di1y_rxl-gU_hTLli
1EMJoKIVXf0p58Zf0Y1PETsd96S3J5vT3,Outros,1ySOjmD_bhtwdM-7oJOn2mUmoOA8K_oMI,2014,0,90_ARCHIVE,1b2pFAIL6Cgc6e_t-B-GrZFTkTEwB9QFe,0%,pré-2021 sem sinal,https://drive.google.com/drive/folders/1EMJoKIVXf0p58Zf0Y1PETsd96S3J5vT3
1aNbnODy95LMKrXVMlbcIaDPirX2tSebl,Mastercard,1ySOjmD_bhtwdM-7oJOn2mUmoOA8K_oMI,2014,0,90_ARCHIVE,1b2pFAIL6Cgc6e_t-B-GrZFTkTEwB9QFe,0%,pré-2021 sem sinal,https://drive.google.com/drive/folders/1aNbnODy95LMKrXVMlbcIaDPirX2tSebl
1DZpxRUC-xUSQJLLkL3dQ04hFF863Lutd,pre pago,1rpipyRPglQ4x78zyc_eZtb63QZ-Z9xtL,2014,0,90_ARCHIVE,1b2pFAIL6Cgc6e_t-B-GrZFTkTEwB9QFe,0%,pré-2021 sem sinal,https://drive.google.com/drive/folders/1DZpxRUC-xUSQJLLkL3dQ04hFF863Lutd
1rpipyRPglQ4x78zyc_eZtb63QZ-Z9xtL,Oi,1ySOjmD_bhtwdM-7oJOn2mUmoOA8K_oMI,2014,0,90_ARCHIVE,1b2pFAIL6Cgc6e_t-B-GrZFTkTEwB9QFe,0%,pré-2021 sem sinal,https://drive.google.com/drive/folders/1rpipyRPglQ4x78zyc_eZtb63QZ-Z9xtL
1KEO3NnIiSH5KZ2VrJR1xFUV2LgJKLLzK,Luz,1ySOjmD_bhtwdM-7oJOn2mUmoOA8K_oMI,2014,0,90_ARCHIVE,1b2pFAIL6Cgc6e_t-B-GrZFTkTEwB9QFe,0%,pré-2021 sem sinal,https://drive.google.com/drive/folders/1KEO3NnIiSH5KZ2VrJR1xFUV2LgJKLLzK
19praSMvmFPltyPfvm_8dT6eVpTpJFf4M,CONTROLAR,1ySOjmD_bhtwdM-7oJOn2mUmoOA8K_oMI,2014,0,90_ARCHIVE,1b2pFAIL6Cgc6e_t-B-GrZFTkTEwB9QFe,0%,pré-2021 sem sinal,https://drive.google.com/drive/folders/19praSMvmFPltyPfvm_8dT6eVpTpJFf4M
1IlZcANzGGEYVNCwD3IE2I_QGnjI2f4rw,Amex,1ySOjmD_bhtwdM-7oJOn2mUmoOA8K_oMI,2014,0,90_ARCHIVE,1b2pFAIL6Cgc6e_t-B-GrZFTkTEwB9QFe,0%,pré-2021 sem sinal,https://drive.google.com/drive/folders/1IlZcANzGGEYVNCwD3IE2I_QGnjI2f4rw
1y1eaDkNcLggjZUAXOx0L0oDbGRicC7yP,Localweb,1ySOjmD_bhtwdM-7oJOn2mUmoOA8K_oMI,2014,0,90_ARCHIVE,1b2pFAIL6Cgc6e_t-B-GrZFTkTEwB9QFe,0%,pré-2021 sem sinal,https://drive.google.com/drive/folders/1y1eaDkNcLggjZUAXOx0L0oDbGRicC7yP
10b-PB1ARI_d9okZdWQMV9dzTCKvCLIfW,Creff,1ySOjmD_bhtwdM-7oJOn2mUmoOA8K_oMI,2014,0,90_ARCHIVE,1b2pFAIL6Cgc6e_t-B-GrZFTkTEwB9QFe,0%,pré-2021 sem sinal,https://drive.google.com/drive/folders/10b-PB1ARI_d9okZdWQMV9dzTCKvCLIfW
1YuPt2yBhvtdgkGOAHOcZ9JASCgESVats,Carro,1ySOjmD_bhtwdM-7oJOn2mUmoOA8K_oMI,2014,0,80_PERSONAL,1g2HGeIiFgKf32IeeUJ1mvHO2MFpOcJHO,100%,score=10.0 conf=100%,https://drive.google.com/drive/folders/1YuPt2yBhvtdgkGOAHOcZ9JASCgESVats
1MMRmz8KQaIV_qbFO9rqgsCks4c_DTkXo,4wellness,1ySOjmD_bhtwdM-7oJOn2mUmoOA8K_oMI,2014,0,90_ARCHIVE,1b2pFAIL6Cgc6e_t-B-GrZFTkTEwB9QFe,0%,pré-2021 sem sinal,https://drive.google.com/drive/folders/1MMRmz8KQaIV_qbFO9rqgsCks4c_DTkXo
16SXAT_lnqtTWjjvBvUBkA50J58-Foksz,Notas,1FQjwcRKPtmiSHebAL0AU54g2pkp0BRQJ,2014,0,90_ARCHIVE,1b2pFAIL6Cgc6e_t-B-GrZFTkTEwB9QFe,0%,pré-2021 sem sinal,https://drive.google.com/drive/folders/16SXAT_lnqtTWjjvBvUBkA50J58-Foksz
1Bu-EysmVeq5uAALcI48u_22zjYYtZI29,Listas de compras,1FQjwcRKPtmiSHebAL0AU54g2pkp0BRQJ,2014,0,90_ARCHIVE,1b2pFAIL6Cgc6e_t-B-GrZFTkTEwB9QFe,0%,pré-2021 sem sinal,https://drive.google.com/drive/folders/1Bu-EysmVeq5uAALcI48u_22zjYYtZI29
1IS7QnOIA3AE95AfQQe1WtoMIU2Hcqk1c,extratos,1FQjwcRKPtmiSHebAL0AU54g2pkp0BRQJ,2014,0,90_ARCHIVE,1b2pFAIL6Cgc6e_t-B-GrZFTkTEwB9QFe,0%,pré-2021 sem sinal,https://drive.google.com/drive/folders/1IS7QnOIA3AE95AfQQe1WtoMIU2Hcqk1c
1XBLQUSHO2oJocuaHa5qKK9RJqlQPdAkX,4wellness,1IS7QnOIA3AE95AfQQe1WtoMIU2Hcqk1c,2014,0,90_ARCHIVE,1b2pFAIL6Cgc6e_t-B-GrZFTkTEwB9QFe,0%,pré-2021 sem sinal,https://drive.google.com/drive/folders/1XBLQUSHO2oJocuaHa5qKK9RJqlQPdAkX
1x0zzgDWlCHQlGNo28mYqBuGim_1rFtl_,Micahael,1IS7QnOIA3AE95AfQQe1WtoMIU2Hcqk1c,2013,0,90_ARCHIVE,1b2pFAIL6Cgc6e_t-B-GrZFTkTEwB9QFe,0%,pré-2021 sem sinal,https://drive.google.com/drive/folders/1x0zzgDWlCHQlGNo28mYqBuGim_1rFtl_
1ldJ2B29pBGN8aPQ_Ka2A8ELCICyAPerm,Site,1FvuL5I0Al_5fqw6QLGU71PIq-ElQGopN,2012,0,90_ARCHIVE,1b2pFAIL6Cgc6e_t-B-GrZFTkTEwB9QFe,0%,pré-2021 sem sinal,https://drive.google.com/drive/folders/1ldJ2B29pBGN8aPQ_Ka2A8ELCICyAPerm
